Workbook

Sheet INFORME CAMPAÑA 24-25
D10: INFORME DE CAMPAÑA DE LA SITUACIÓN DE MERCADO DEL SECTOR DEL ACEITE DE OLIVA
G15: CAMPAÑA 2024/25
G18: Datos a 30 de septiembre de 2025 con fecha de cierre a 7 de mayo de 2026
A24: El Sistema de Información de los Mercados Oleícolas (SIMO) es un sistema de información en base informática, gestionado por el MAPA a través de la Agencia de Información y Control Alimentarios (AICA), que contiene el censo nacional de instalaciones y operadores oleícolas y la información de mercados resultante de las declaraciones obligatorias establecidas en el Real Decreto 861/2018, de 13 de julio. El presente INFORME MENSUAL pone a disposición de la totalidad del sector olivarero los datos consolidados de mercado de aceite de oliva, aceite de orujo de oliva y aceituna de mesa relativos al mes anterior al que se realiza esta publicación.
A36: Aviso legal: Esta información puede ser utilizada en parte o en su integridad, sin necesidad de autorización expresa, siempre que se cite la fuente de los documentos objeto de la reutilización.
A38: Elaboración: Subdirección General de Cultivos Herbáceos, Industriales y Aceite de Oliva. Dirección General de Producciones y Mercados Agrarios. Ministerio de Agricultura, Pesca y Alimentación.
A42: Título: Informe Mensual de Situación de Mercado del Aceite de Oliva y la Aceituna de Mesa.
A43: NIPO: 003-25-020-0
A44: Catálogo de Publicaciones de la Administración General del Estado: https://cpage.mpr.gob.es/

Sheet 01_BALANCE EXISTENCIAS FÍSICAS
D2: 01_BALANCE DE EXISTENCIAS FÍSICAS
B6: MES | C6: EXIST. INICIALES | D6: PRODUCCION | E6: IMPORTACIONES | F6: CONSUMO INTERIOR | G6: EXPORTACIONES | H6: EXIST. FINALES
B8: OCTUBRE | C8: 186.86893 | D8: 36.869638 | E8: 15.916 | F8: 38.408902 | G8: 60.278 | H8: 140.94939
B9: NOVIEMBRE | C9: 140.94939 | D9: 266.67029 | E9: 23.576 | F9: 40.438747 | G9: 59.937 | H9: 330.81993
B10: DICIEMBRE | C10: 330.81993 | D10: 596.431 | E10: 30.592 | F10: 54.22504 | G10: 69.723 | H10: 833.89489
B11: ENERO | C11: 833.89489 | D11: 351.4809 | E11: 17.385 | F11: 49.430284 | G11: 89.304 | H11: 1064.0265
B12: FEBRERO | C12: 1064.0265 | D12: 154.0704 | E12: 19.042 | F12: 40.568917 | G12: 90.628 | H12: 1105.942
B13: MARZO | C13: 1105.942 | D13: 12.203774 | E13: 22.052 | F13: 43.606514 | G13: 96.981 | H13: 999.61025
B14: ABRIL | C14: 999.61025 | D14: 3.1651061 | E14: 16.635 | F14: 35.672966 | G14: 98.778 | H14: 884.95939
B15: MAYO | C15: 884.95939 | D15: 0.22164383 | E15: 15.277 | F15: 36.885764 | G15: 99.324 | H15: 764.24827
B16: JUNIO | C16: 764.24827 | E16: 14.541 | F16: 37.95556 | G16: 94.483 | H16: 646.35071
B17: JULIO | C17: 646.35071 | E17: 13.11 | F17: 37.73618 | G17: 110.997 | H17: 510.72753
B18: AGOSTO | C18: 510.72753 | E18: 6.765 | F18: 35.51266 | G18: 76.051 | H18: 405.92887
B19: SEPTIEMBRE | C19: 405.92887 | E19: 11.168 | F19: 32.3375 | G19: 95.087 | H19: 289.67237
D20: =+SUM(D8:D19) -> 1421.1127 | E20: =+SUM(E8:E19) -> 206.059 | F20: =+SUM(F8:F19) -> 482.77903 | G20: =+SUM(G8:G19) -> 1041.571
C22: DATOS PROVISIONALES | F22: TOTAL MERCADO: | G22: =F20+G20 -> 1524.35
B24: EXPORTACIONES | E24: EXPORTACIONES
C25: EXPORTACIONES | E25: PAÍSES TERCEROS | F25: UE
F26: ITALIA | G26: OTROS
B27: OCTUBRE | C27: 60.278 | E27: 24.628 | F27: 15.303 | G27: 20.347
B28: NOVIEMBRE | C28: 59.937 | E28: 24.653 | F28: 18.091 | G28: 17.193
B29: DICIEMBRE | C29: 69.723 | E29: 25.108 | F29: 26.024 | G29: 18.591
B30: ENERO | C30: 89.304 | E30: 32.066 | F30: 33.999 | G30: 23.239
B31: FEBRERO | C31: 90.628 | E31: 35.656 | F31: 31.253 | G31: 23.719
B32: MARZO | C32: 96.981 | E32: 41.824 | F32: 33.686 | G32: 21.471
B33: ABRIL | C33: 98.778 | E33: 40.891 | F33: 30.201 | G33: 27.686
B34: MAYO | C34: 99.324 | E34: 41.137 | F34: 29.777 | G34: 28.41
B35: JUNIO | C35: 94.483 | E35: 39.954 | F35: 26.467 | G35: 28.062
B36: JULIO | C36: 110.997 | E36: 43.427 | F36: 37.361 | G36: 30.209
B37: AGOSTO | C37: 76.051 | E37: 27.872 | F37: 23.861 | G37: 24.318
B38: SEPTIEMBRE | C38: 95.087 | E38: 38.944 | F38: 26.324 | G38: 29.819
C39: =+SUM(C27:C38) -> 1041.571 | E39: =+SUM(E27:E38) -> 416.16 | F39: =+SUM(F27:F38) -> 332.347 | G39: =+SUM(G27:G38) -> 293.064
E40: =SUM(E39:G39) -> 1041.571
B43: TOTAL MERCADO INTERIOR APARENTE | E43: IMPORTACIONES
C44: TOTAL | E44: PAÍSES TERCEROS | F44: UE
F45: ITALIA | G45: OTROS
B46: OCTUBRE | C46: 38.408902 | E46: 7.909 | F46: 0.927 | G46: 7.08
B47: NOVIEMBRE | C47: 40.438747 | E47: 2.871 | F47: 0.319 | G47: 20.386
B48: DICIEMBRE | C48: 54.22504 | E48: 6.03 | F48: 3.023 | G48: 21.539
B49: ENERO | C49: 49.430284 | E49: 6.986 | F49: 0.813 | G49: 9.586
B50: FEBRERO | C50: 40.568917 | E50: 9.385 | F50: 1.095 | G50: 8.562
B51: MARZO | C51: 43.606514 | E51: 10.878 | F51: 0.843 | G51: 10.331
B52: ABRIL | C52: 35.672966 | E52: 6.31 | F52: 1.376 | G52: 8.949
B53: MAYO | C53: 36.885764 | E53: 6.279 | F53: 1.293 | G53: 7.705
B54: JUNIO | C54: 37.95556 | E54: 3.903 | F54: 2 | G54: 8.638
B55: JULIO | C55: 37.73618 | E55: 4.801 | F55: 0.556 | G55: 7.753
B56: AGOSTO | C56: 35.51266 | E56: 3.761 | F56: 0.166 | G56: 2.838
B57: SEPTIEMBRE | C57: 32.3375 | E57: 7.925 | F57: 0.468 | G57: 2.775
C58: =+SUM(C46:C57) -> 482.77903 | E58: =SUM(E46:E57) -> 77.038 | F58: =SUM(F46:F57) -> 12.879 | G58: =SUM(G46:G57) -> 116.142
E59: =SUM(E58:G58) -> 206.059
B61: EXISTENCIAS
C62: ALMAZARAS | D62: PATRIMONIO | E62: ENVASADORAS / OPERADORES | F62: TOTAL
B63: OCTUBRE | C63: =+F63-E63-D63 -> 54.3853 | D63: 0.43599 | E63: 86.1281 | F63: 140.94939
B64: NOVIEMBRE | C64: =+F64-E64-D64 -> 235.6543 | D64: 0.84783 | E64: 94.3178 | F64: 330.81993
B65: DICIEMBRE | C65: =+F65-E65-D65 -> 693.4244 | D65: 4.31479 | E65: 136.1557 | F65: 833.89489
B66: ENERO | C66: =+F66-E66-D66 -> 873.4105 | D66: 14.96941 | E66: 175.6466 | F66: 1064.0265
B67: FEBRERO | C67: =+F67-E67-D67 -> 889.6134 | D67: 16.03099 | E67: 200.2976 | F67: 1105.942
B68: MARZO | C68: =+F68-E68-D68 -> 776.0867 | D68: 11.97035 | E68: 211.5532 | F68: 999.61025
B69: ABRIL | C69: =+F69-E69-D69 -> 668.1864 | D69: 9.83529 | E69: 206.9377 | F69: 884.95939
B70: MAYO | C70: =+F70-E70-D70 -> 556.6458 | D70: 7.12817 | E70: 200.4743 | F70: 764.24827
B71: JUNIO | C71: =+F71-E71-D71 -> 444.4291 | D71: 5.18051 | E71: 196.7411 | F71: 646.35071
B72: JULIO | C72: =+F72-E72-D72 -> 317.4977 | D72: 3.95193 | E72: 189.2779 | F72: 510.72753
B73: AGOSTO | C73: =+F73-E73-D73 -> 236.4681 | D73: 3.34437 | E73: 166.1164 | F73: 405.92887
B74: SEPTIEMBRE | C74: =+F74-E74-D74 -> 138.2132 | D74: 2.94327 | E74: 148.5159 | F74: 289.67237
B76: Datos en miles de Toneladas
G77: Fuente: SIMO

Sheet 02_CUADRYGRÁF.COMP.ÚLT.5 CAMP.
D2: 02_CUADROS Y GRÁFICOS COMPARATIVOS
C6: PRODUCCIÓN | I6: PRODUCCIÓN
C7: 2020/21 | D7: 2021/22 | E7: 2022/23 | F7: 2023/24 | G7: 2024/25
B8: OCTUBRE | C8: 38.3 | D8: 51.3461 | E8: 30.6714 | F8: 38.6693 | G8: 36.869638
B9: NOVIEMBRE | C9: 244.7 | D9: 288.1698 | E9: 169.0176 | F9: 230.0143 | G9: 266.67029
B10: DICIEMBRE | C10: 475.3 | D10: 542.71 | E10: 238.8635 | F10: 328.4806 | G10: 596.431
B11: ENERO | C11: 352.1 | D11: 471.1874 | E11: 182.3524 | F11: 188.1869 | G11: 351.4809
B12: FEBRERO | C12: 227.4 | D12: 108.8072 | E12: 36.0774 | F12: 53.142 | G12: 154.0704
B13: MARZO | C13: 44.6 | D13: 20.7576 | E13: 8.0173 | F13: 14.0971 | G13: 12.203774
B14: ABRIL | C14: 3.1 | D14: 7.1167 | E14: 0.9722 | F14: 2.7941 | G14: 3.1651061
B15: MAYO | C15: 4.5 | D15: 2.9136 | E15: 0.0409 | F15: 0.1924 | G15: 0.22164383
B16: JUNIO
B17: JULIO
B18: AGOSTO
B19: SEPTIEMBRE
C20: =+SUM(C8:C19) -> 1390 | D20: =+SUM(D8:D19) -> 1493.0084 | E20: =+SUM(E8:E19) -> 666.0127 | F20: =+SUM(F8:F19) -> 855.5767 | G20: =+SUM(G8:G19) -> 1421.1127
C23: IMPORTACIONES | I23: IMPORTACIONES
C24: 2020/21 | D24: 2021/22 | E24: 2022/23 | F24: 2023/24 | G24: 2024/25
B25: OCTUBRE | C25: 18.4 | D25: 12.69769 | E25: 13.250511 | F25: 14.465849 | G25: 15.916
B26: NOVIEMBRE | C26: 20.1 | D26: 18.94698 | E26: 22.196355 | F26: 28.280685 | G26: 23.576
B27: DICIEMBRE | C27: 20.9 | D27: 35.59424 | E27: 35.413639 | F27: 26.757532 | G27: 30.592
B28: ENERO | C28: 11.7 | D28: 12.83714 | E28: 13.040041 | F28: 18.214635 | G28: 17.385
B29: FEBRERO | C29: 16.7 | D29: 17.4196 | E29: 19.216602 | F29: 20.514472 | G29: 19.042
B30: MARZO | C30: 17.8 | D30: 12.03758 | E30: 17.429422 | F30: 21.408031 | G30: 22.052
B31: ABRIL | C31: 15.5 | D31: 21.93187 | E31: 10.323654 | F31: 23.6309 | G31: 16.635
B32: MAYO | C32: 13.3 | D32: 20.42955 | E32: 14.328993 | F32: 20.321337 | G32: 15.277
B33: JUNIO | C33: 13.3 | D33: 16.47469 | E33: 16.168545 | F33: 17.351097 | G33: 14.541
B34: JULIO | C34: 10.5 | D34: 12.6548 | E34: 19.188001 | F34: 21.684971 | G34: 13.11
B35: AGOSTO | C35: 8.5 | D35: 20.24787 | E35: 14.861437 | F35: 15.398776 | G35: 6.765
B36: SEPTIEMBRE | C36: 16.2 | D36: 11.52141 | E36: 19.744252 | F36: 15.20674 | G36: 11.168
C37: =+SUM(C25:C36) -> 182.9 | D37: =+SUM(D25:D36) -> 212.79342 | E37: =+SUM(E25:E36) -> 215.16145 | F37: =+SUM(F25:F36) -> 243.23502 | G37: =+SUM(G25:G36) -> 206.059
C40: EXPORTACIONES | I40: EXPORTACIONES
C41: 2020/21 | D41: 2021/22 | E41: 2022/23 | F41: 2023/24 | G41: 2024/25
B42: OCTUBRE | C42: 95.7 | D42: 83.49778 | E42: 88.527712 | F42: 55.755136 | G42: 60.278
B43: NOVIEMBRE | C43: 95.7 | D43: 83.40845 | E43: 67.690599 | F43: 52.714599 | G43: 59.937
B44: DICIEMBRE | C44: 83.5 | D44: 81.42683 | E44: 63.56878 | F44: 59.829063 | G44: 69.723
B45: ENERO | C45: 82.5 | D45: 73.74592 | E45: 55.971191 | F45: 69.545024 | G45: 89.304
B46: FEBRERO | C46: 104.2 | D46: 88.32957 | E46: 48.263341 | F46: 64.995784 | G46: 90.628
B47: MARZO | C47: 106.8 | D47: 78.29797 | E47: 64.195956 | F47: 60.61064 | G47: 96.981
B48: ABRIL | C48: 99.4 | D48: 107.33327 | E48: 51.589896 | F48: 74.409194 | G48: 98.778
B49: MAYO | C49: 90.3 | D49: 117.81834 | E49: 68.252666 | F49: 72.284805 | G49: 99.324
B50: JUNIO | C50: 87.8 | D50: 103.44632 | E50: 65.06492 | F50: 66.577892 | G50: 94.483
B51: JULIO | C51: 81.9 | D51: 90.42697 | E51: 58.873541 | F51: 59.465798 | G51: 110.997
B52: AGOSTO | C52: 66 | D52: 83.14523 | E52: 48.126509 | F52: 55.070332 | G52: 76.051
B53: SEPTIEMBRE | C53: 103.8 | D53: 89.36584 | E53: 58.72625 | F53: 69.067084 | G53: 95.087
C54: =+SUM(C42:C53) -> 1097.6 | D54: =+SUM(D42:D53) -> 1080.2425 | E54: =+SUM(E42:E53) -> 738.85136 | F54: =+SUM(F42:F53) -> 760.32535 | G54: =+SUM(G42:G53) -> 1041.571
C57: MERCADO INTERIOR APARENTE | I57: MERCADO INTERIOR APARENTE
C58: 2020/21 | D58: 2021/22 | E58: 2022/23 | F58: 2023/24 | G58: 2024/25
B59: OCTUBRE | C59: 51.3 | D59: 39.58029 | E59: 42.192539 | F59: 25.320353 | G59: 38.408902
B60: NOVIEMBRE | C60: 50.5605 | D60: 47.73771 | E60: 39.500586 | F60: 46.902146 | G60: 40.438747
B61: DICIEMBRE | C61: 62.65133 | D61: 51.74005 | E61: 23.514309 | F61: 37.019949 | G61: 54.22504
B62: ENERO | C62: 42.7078 | D62: 54.07953 | E62: 14.3382 | F62: 38.703651 | G62: 49.430284
B63: FEBRERO | C63: 49.396 | D63: 44.30094 | E63: 30.050971 | F63: 31.149568 | G63: 40.568917
B64: MARZO | C64: 51.59876 | D64: 70.66946 | E64: 30.523866 | F64: 29.476641 | G64: 43.606514
B65: ABRIL | C65: 44.47207 | D65: 56.20831 | E65: 21.662618 | F65: 33.780936 | G65: 35.672966
B66: MAYO | C66: 47.78387 | D66: 40.92143 | E66: 24.307737 | F66: 33.620892 | G66: 36.885764
B67: JUNIO | C67: 33.1093 | D67: 53.41501 | E67: 26.220445 | F67: 26.832245 | G67: 37.95556
B68: JULIO | C68: 37.5546 | D68: 33.55469 | E68: 33.42513 | F68: 34.862613 | G68: 37.73618
B69: AGOSTO | C69: 37.0813 | D69: 53.86074 | E69: 29.022998 | F69: 30.873044 | G69: 35.51266
B70: SEPTIEMBRE | C70: 34.63693 | D70: 48.50746 | E70: 33.929872 | F70: 31.315436 | G70: 32.3375
C71: =+SUM(C59:C70) -> 542.85246 | D71: =+SUM(D59:D70) -> 594.57562 | E71: =+SUM(E59:E70) -> 348.68927 | F71: =+SUM(F59:F70) -> 399.85747 | G71: =+SUM(G59:G70) -> 482.77903
C74: MERCADO TOTAL | I74: MERCADO TOTAL
C75: 2020/21 | D75: 2021/22 | E75: 2022/23 | F75: 2023/24 | G75: 2024/25
B76: OCTUBRE | C76: 147 | D76: 123.07807 | E76: 130.72025 | F76: 81.075489 | G76: 98.686902
B77: NOVIEMBRE | C77: 146.2605 | D77: 131.14616 | E77: 107.19119 | F77: 99.616745 | G77: 100.37575
B78: DICIEMBRE | C78: 146.15133 | D78: 133.16688 | E78: 87.083089 | F78: 96.849012 | G78: 123.94804
B79: ENERO | C79: 125.2078 | D79: 127.82545 | E79: 70.309391 | F79: 108.24868 | G79: 138.73428
B80: FEBRERO | C80: 153.596 | D80: 132.63051 | E80: 78.314312 | F80: 96.145352 | G80: 131.19692
B81: MARZO | C81: 158.39876 | D81: 148.96743 | E81: 94.719822 | F81: 90.087281 | G81: 140.58751
B82: ABRIL | C82: 143.87207 | D82: 163.54158 | E82: 73.252514 | F82: 108.19013 | G82: 134.45097
B83: MAYO | C83: 138.08387 | D83: 158.73977 | E83: 92.560403 | F83: 105.9057 | G83: 136.20976
B84: JUNIO | C84: 120.9093 | D84: 156.86133 | E84: 91.285365 | F84: 93.410137 | G84: 132.43856
B85: JULIO | C85: 119.4546 | D85: 123.98166 | E85: 92.298671 | F85: 94.328411 | G85: 148.73318
B86: AGOSTO | C86: 103.0813 | D86: 137.00597 | E86: 77.149507 | F86: 85.943376 | G86: 111.56366
B87: SEPTIEMBRE | C87: 138.43693 | D87: 137.8733 | E87: 92.656122 | F87: 100.38252 | G87: 127.4245
C88: =+SUM(C76:C87) -> 1640.4525 | D88: =+SUM(D76:D87) -> 1674.8181 | E88: =+SUM(E76:E87) -> 1087.5406 | F88: =+SUM(F76:F87) -> 1160.1828 | G88: =+SUM(G76:G87) -> 1524.35
B90: Fuente: SIMO

Sheet 03_CUADRYGRÁF.COMP.5 ÚLT.CAMP.
G2: 03_CUADROS Y GRÁFICOS COMPARATIVOS
F6: EXISTENCIAS EN ALMAZARAS Y PATRIMONIO | L6: EXISTENCIAS EN ALMAZARAS Y PATRIMONIO
F7: 2020/21 | G7: 2021/22 | H7: 2022/23 | I7: 2023/24 | J7: 2024/25
E8: OCTUBRE | F8: 195.2081 | G8: 171.77332 | H8: 155.70437 | I8: 82.32439 | J8: 54.82129
E9: NOVIEMBRE | F9: 328.364 | G9: 345.36574 | H9: 234.30274 | I9: 236.68863 | J9: 236.50213
E10: DICIEMBRE | F10: 666.362 | G10: 740.3346 | H10: 396.56389 | I10: 471.98805 | J10: 697.73919
E11: ENERO | F11: 873.1831 | G11: 1055.0071 | H11: 503.45074 | I11: 554.38471 | J11: 888.37991
E12: FEBRERO | F12: 937.9141 | G12: 1024.6867 | H12: 474.38193 | I12: 527.90193 | J12: 905.64439
E13: MARZO | F13: 824.0668 | G13: 931.13413 | H13: 409.40063 | I13: 474.62288 | J13: 788.05705
E14: ABRIL | F14: 689.4427 | G14: 796.21762 | H14: 350.80297 | I14: 399.02365 | J14: 678.02169
E15: MAYO | F15: 566.951 | G15: 664.7652 | H15: 271.39996 | I15: 320.47839 | J15: 563.77397
E16: JUNIO | F16: 470.0952 | G16: 534.84076 | H16: 211.13154 | I16: 252.31005 | J16: 449.60961
E17: JULIO | F17: 383.9202 | G17: 425.1501 | H17: 159.67197 | I17: 189.36771 | J17: 321.44963
E18: AGOSTO | F18: 315.073 | G18: 331.1421 | H18: 125.4556 | I18: 139.47251 | J18: 239.81247
E19: SEPTIEMBRE | F19: 213.12287 | G19: 227.69511 | H19: 84.41313 | I19: 78.30593 | J19: 141.15647
F23: EXISTENCIAS EN ENVASADORAS Y PATRIMONIO | L23: EXISTENCIAS EN ENVASADORAS Y PATRIMONIO
F24: 2020/21 | G24: 2021/22 | H24: 2022/23 | I24: 2023/24 | J24: 2024/25
E25: OCTUBRE | F25: 205.66723 | G25: 192.8152 | H25: 212.1038 | I25: 137.9716 | J25: 86.1281
E26: NOVIEMBRE | F26: 191.05083 | G26: 195.1934 | H26: 217.5282 | I26: 142.2327 | J26: 94.3178
E27: DICIEMBRE | F27: 203.1015 | G27: 245.3619 | H27: 242.4611 | I27: 165.082 | J27: 136.1557
E28: ENERO | F28: 234.8726 | G28: 286.8885 | H28: 260.6573 | I28: 180.8159 | J28: 175.6466
E29: FEBRERO | F29: 260.6456 | G29: 310.8052 | H29: 266.7058 | I29: 184.7597 | J29: 200.2976
E30: MARZO | F30: 278.49414 | G30: 288.1855 | H30: 262.414 | I30: 183.4505 | J30: 211.5532
E31: ABRIL | F31: 287.84617 | G31: 288.609 | H31: 259.055 | I31: 177.3172 | J31: 206.9377
E32: MAYO | F32: 290.054 | G32: 284.6648 | H32: 260.2675 | I32: 170.4718 | J32: 200.4743
E33: JUNIO | F33: 279.3005 | G33: 274.2026 | H33: 245.4191 | I33: 162.5891 | J33: 196.7411
E34: JULIO | F34: 256.5209 | G34: 272.5664 | H34: 223.768 | I34: 152.9032 | J34: 189.2779
E35: AGOSTO | F35: 230.7868 | G35: 249.8163 | H35: 195.6963 | I35: 132.1592 | J35: 166.1164
E36: SEPTIEMBRE | F36: 210.5 | G36: 226.9114 | H36: 163.8269 | I36: 108.563 | J36: 148.5159
F40: EXISTENCIAS TOTALES | L40: EXISTENCIAS TOTALES
F41: 2020/21 | G41: 2021/22 | H41: 2022/23 | I41: 2023/24 | J41: 2024/25
E42: OCTUBRE | F42: 400.87533 | G42: 364.58852 | H42: 367.80817 | I42: 220.29599 | J42: 140.94939
E43: NOVIEMBRE | F43: 519.41483 | G43: 540.55914 | H43: 451.83094 | I43: 378.92133 | J43: 330.81993
E44: DICIEMBRE | F44: 869.4635 | G44: 985.6965 | H44: 639.02499 | I44: 637.07005 | J44: 833.89489
E45: ENERO | F45: 1108.0557 | G45: 1341.8956 | H45: 764.10804 | I45: 735.20061 | J45: 1064.0265
E46: FEBRERO | F46: 1198.5597 | G46: 1335.4919 | H46: 741.08773 | I46: 712.66163 | J46: 1105.942
E47: MARZO | F47: 1102.5609 | G47: 1219.3196 | H47: 671.81463 | I47: 658.07338 | J47: 999.61025
E48: ABRIL | F48: 977.28887 | G48: 1084.8266 | H48: 609.85797 | I48: 576.34085 | J48: 884.95939
E49: MAYO | F49: 857.005 | G49: 949.43 | H49: 531.66746 | I49: 490.95019 | J49: 764.24827
E50: JUNIO | F50: 749.3957 | G50: 809.04336 | H50: 456.55064 | I50: 414.89915 | J50: 646.35071
E51: JULIO | F51: 640.4411 | G51: 697.7165 | H51: 383.43997 | I51: 342.27091 | J51: 510.72753
E52: AGOSTO | F52: 545.8598 | G52: 580.9584 | H52: 321.1519 | I52: 271.63171 | J52: 405.92887
E53: SEPTIEMBRE | F53: 423.62287 | G53: 454.60651 | H53: 248.24003 | I53: 186.86893 | J53: 289.67237
E56: Fuente: SIMO

Sheet 04_CUADROS ACUMULADOS
E2: 04_CUADROS ACUMULADOS
D6: PRODUCCIÓN ACUMULADA
D7: 2020/21 | E7: 2021/22 | F7: 2022/23 | G7: 2023/24 | H7: 2024/25 | I7: % 2024/25 s. 2023/24 | J7: % 2024/25 s. Media tres | K7: % 2024/25 s. Media cuatro
C8: OCTUBRE | D8: 38.3 | E8: 51.3461 | F8: 30.6714 | G8: 38.6693 | H8: 36.869638 | I8: =IF(ISNUMBER(H8),H8/G8-1,"") -> -0.046539812 | J8: =IF(ISNUMBER(H8),H8/AVERAGE(E8:G8)-1,"") -> -0.083504458 | K8: =IF(ISNUMBER(H8),H8/AVERAGE(D8:G8)-1,"") -> -0.072384926
C9: NOVIEMBRE | D9: 283 | E9: 339.5159 | F9: 199.689 | G9: 268.6836 | H9: 303.53993 | I9: =IF(ISNUMBER(H9),H9/G9-1,"") -> 0.12973001 | J9: =IF(ISNUMBER(H9),H9/AVERAGE(E9:G9)-1,"") -> 0.12716022 | K9: =IF(ISNUMBER(H9),H9/AVERAGE(D9:G9)-1,"") -> 0.11300073
C10: DICIEMBRE | D10: 758.3 | E10: 882.2259 | F10: 438.5525 | G10: 597.1642 | H10: 899.97093 | I10: =IF(ISNUMBER(H10),H10/G10-1,"") -> 0.50707448 | J10: =IF(ISNUMBER(H10),H10/AVERAGE(E10:G10)-1,"") -> 0.40771302 | K10: =IF(ISNUMBER(H10),H10/AVERAGE(D10:G10)-1,"") -> 0.34512607
C11: ENERO | D11: 1110.4 | E11: 1353.4133 | F11: 620.9049 | G11: 785.3511 | H11: 1251.4518 | I11: =IF(ISNUMBER(H11),H11/G11-1,"") -> 0.59349344 | J11: =IF(ISNUMBER(H11),H11/AVERAGE(E11:G11)-1,"") -> 0.36043673 | K11: =IF(ISNUMBER(H11),H11/AVERAGE(D11:G11)-1,"") -> 0.2934671
C12: FEBRERO | D12: 1337.8 | E12: 1462.2205 | F12: 656.9823 | G12: 838.4931 | H12: 1405.5222 | I12: =IF(ISNUMBER(H12),H12/G12-1,"") -> 0.67624781 | J12: =IF(ISNUMBER(H12),H12/AVERAGE(E12:G12)-1,"") -> 0.42562549 | K12: =IF(ISNUMBER(H12),H12/AVERAGE(D12:G12)-1,"") -> 0.30883349
C13: MARZO | D13: 1382.4 | E13: 1482.9781 | F13: 664.9996 | G13: 852.5902 | H13: 1417.726 | I13: =IF(ISNUMBER(H13),H13/G13-1,"") -> 0.66284576 | J13: =IF(ISNUMBER(H13),H13/AVERAGE(E13:G13)-1,"") -> 0.41745768 | K13: =IF(ISNUMBER(H13),H13/AVERAGE(D13:G13)-1,"") -> 0.29385022
C14: ABRIL | D14: 1385.5 | E14: 1490.0948 | F14: 665.9718 | G14: 855.3843 | H14: 1420.8911 | I14: =IF(ISNUMBER(H14),H14/G14-1,"") -> 0.66111432 | J14: =IF(ISNUMBER(H14),H14/AVERAGE(E14:G14)-1,"") -> 0.41548823 | K14: =IF(ISNUMBER(H14),H14/AVERAGE(D14:G14)-1,"") -> 0.29261494
C15: MAYO | D15: 1390 | E15: 1493.0084 | F15: 666.0127 | G15: 855.5767 | H15: 1421.1127 | I15: =IF(ISNUMBER(H15),H15/G15-1,"") -> 0.66099983 | J15: =IF(ISNUMBER(H15),H15/AVERAGE(E15:G15)-1,"") -> 0.4142312 | K15: =IF(ISNUMBER(H15),H15/AVERAGE(D15:G15)-1,"") -> 0.29057209
C16: JUNIO | D16: 1390 | E16: 1493.0084 | F16: 666.0127 | G16: 855.5767 | H16: 1421.1127 | I16: =IF(ISNUMBER(H16),H16/G16-1,"") -> 0.66099983 | J16: =IF(ISNUMBER(H16),H16/AVERAGE(E16:G16)-1,"") -> 0.4142312 | K16: =IF(ISNUMBER(H16),H16/AVERAGE(D16:G16)-1,"") -> 0.29057209
C17: JULIO | D17: 1390 | E17: 1493.0084 | F17: 666.0127 | G17: 855.5767 | H17: 1421.1127 | I17: =IF(ISNUMBER(H17),H17/G17-1,"") -> 0.66099983 | J17: =IF(ISNUMBER(H17),H17/AVERAGE(E17:G17)-1,"") -> 0.4142312 | K17: =IF(ISNUMBER(H17),H17/AVERAGE(D17:G17)-1,"") -> 0.29057209
C18: AGOSTO | D18: 1390 | E18: 1493.0084 | F18: 666.0127 | G18: 855.5767 | H18: 1421.1127 | I18: =IF(ISNUMBER(H18),H18/G18-1,"") -> 0.66099983 | J18: =IF(ISNUMBER(H18),H18/AVERAGE(E18:G18)-1,"") -> 0.4142312 | K18: =IF(ISNUMBER(H18),H18/AVERAGE(D18:G18)-1,"") -> 0.29057209
C19: SEPTIEMBRE | D19: 1390 | E19: 1493.0084 | F19: 666.0127 | G19: 855.5767 | H19: 1421.1127 | I19: =IF(ISNUMBER(H19),H19/G19-1,"") -> 0.66099983 | J19: =IF(ISNUMBER(H19),H19/AVERAGE(E19:G19)-1,"") -> 0.4142312 | K19: =IF(ISNUMBER(H19),H19/AVERAGE(D19:G19)-1,"") -> 0.29057209
D22: IMPORTACIÓN ACUMULADA
D23: 2020/21 | E23: 2021/22 | F23: 2022/23 | G23: 2023/24 | H23: 2024/25 | I23: % 2024/25 s. 2023/24 | J23: % 2024/25 s. Media tres | K23: % 2024/25 s. Media cuatro
C24: OCTUBRE | D24: 18.4 | E24: 12.69769 | F24: 13.250511 | G24: 14.465849 | H24: 15.916 | I24: =IF(ISNUMBER(H24),H24/G24-1,"") -> 0.10024652 | J24: =IF(ISNUMBER(H24),H24/AVERAGE(E24:G24)-1,"") -> 0.18147031 | K24: =IF(ISNUMBER(H24),H24/AVERAGE(D24:G24)-1,"") -> 0.082462439
C25: NOVIEMBRE | D25: 38.5 | E25: 31.64467 | F25: 35.446866 | G25: 42.746534 | H25: 39.492 | I25: =IF(ISNUMBER(H25),H25/G25-1,"") -> -0.076135623 | J25: =IF(ISNUMBER(H25),H25/AVERAGE(E25:G25)-1,"") -> 0.078642405 | K25: =IF(ISNUMBER(H25),H25/AVERAGE(D25:G25)-1,"") -> 0.064918803
C26: DICIEMBRE | D26: 59.4 | E26: 67.23891 | F26: 70.860505 | G26: 69.504066 | H26: 70.084 | I26: =IF(ISNUMBER(H26),H26/G26-1,"") -> 0.008343886 | J26: =IF(ISNUMBER(H26),H26/AVERAGE(E26:G26)-1,"") -> 0.012757585 | K26: =IF(ISNUMBER(H26),H26/AVERAGE(D26:G26)-1,"") -> 0.049933877
C27: ENERO | D27: 71.1 | E27: 80.07605 | F27: 83.900546 | G27: 87.718701 | H27: 87.469 | I27: =IF(ISNUMBER(H27),H27/G27-1,"") -> -0.0028466108 | J27: =IF(ISNUMBER(H27),H27/AVERAGE(E27:G27)-1,"") -> 0.042558217 | K27: =IF(ISNUMBER(H27),H27/AVERAGE(D27:G27)-1,"") -> 0.083894354
C28: FEBRERO | D28: 87.8 | E28: 97.49565 | F28: 103.11715 | G28: 108.23317 | H28: 106.511 | I28: =IF(ISNUMBER(H28),H28/G28-1,"") -> -0.015911693 | J28: =IF(ISNUMBER(H28),H28/AVERAGE(E28:G28)-1,"") -> 0.034603103 | K28: =IF(ISNUMBER(H28),H28/AVERAGE(D28:G28)-1,"") -> 0.074116545
C29: MARZO | D29: 105.6 | E29: 109.53323 | F29: 120.54657 | G29: 129.6412 | H29: 128.563 | I29: =IF(ISNUMBER(H29),H29/G29-1,"") -> -0.0083168311 | J29: =IF(ISNUMBER(H29),H29/AVERAGE(E29:G29)-1,"") -> 0.072189268 | K29: =IF(ISNUMBER(H29),H29/AVERAGE(D29:G29)-1,"") -> 0.10515536
C30: ABRIL | D30: 121.1 | E30: 131.4651 | F30: 130.87022 | G30: 153.2721 | H30: 145.198 | I30: =IF(ISNUMBER(H30),H30/G30-1,"") -> -0.052678236 | J30: =IF(ISNUMBER(H30),H30/AVERAGE(E30:G30)-1,"") -> 0.048090026 | K30: =IF(ISNUMBER(H30),H30/AVERAGE(D30:G30)-1,"") -> 0.082138927
C31: MAYO | D31: 134.4 | E31: 151.89465 | F31: 145.19922 | G31: 173.59344 | H31: 160.475 | I31: =IF(ISNUMBER(H31),H31/G31-1,"") -> -0.075569912 | J31: =IF(ISNUMBER(H31),H31/AVERAGE(E31:G31)-1,"") -> 0.022812793 | K31: =IF(ISNUMBER(H31),H31/AVERAGE(D31:G31)-1,"") -> 0.060838645
C32: JUNIO | D32: 147.7 | E32: 168.36934 | F32: 161.36776 | G32: 190.94454 | H32: 175.016 | I32: =IF(ISNUMBER(H32),H32/G32-1,"") -> -0.08341971 | J32: =IF(ISNUMBER(H32),H32/AVERAGE(E32:G32)-1,"") -> 0.0083858536 | K32: =IF(ISNUMBER(H32),H32/AVERAGE(D32:G32)-1,"") -> 0.047401601
C33: JULIO | D33: 158.2 | E33: 181.02414 | F33: 180.55576 | G33: 212.62951 | H33: 188.126 | I33: =IF(ISNUMBER(H33),H33/G33-1,"") -> -0.1152404 | J33: =IF(ISNUMBER(H33),H33/AVERAGE(E33:G33)-1,"") -> -0.017121649 | K33: =IF(ISNUMBER(H33),H33/AVERAGE(D33:G33)-1,"") -> 0.027436278
C34: AGOSTO | D34: 166.7 | E34: 201.27201 | F34: 195.4172 | G34: 228.02828 | H34: 194.891 | I34: =IF(ISNUMBER(H34),H34/G34-1,"") -> -0.14532094 | J34: =IF(ISNUMBER(H34),H34/AVERAGE(E34:G34)-1,"") -> -0.064100166 | K34: =IF(ISNUMBER(H34),H34/AVERAGE(D34:G34)-1,"") -> -0.01497755
C35: SEPTIEMBRE | D35: 182.9 | E35: 212.79342 | F35: 215.16145 | G35: 243.23502 | H35: 206.059 | I35: =IF(ISNUMBER(H35),H35/G35-1,"") -> -0.15283993 | J35: =IF(ISNUMBER(H35),H35/AVERAGE(E35:G35)-1,"") -> -0.078983455 | K35: =IF(ISNUMBER(H35),H35/AVERAGE(D35:G35)-1,"") -> -0.034954045
D38: EXPORTACIÓN ACUMULADA
D39: 2020/21 | E39: 2021/22 | F39: 2022/23 | G39: 2023/24 | H39: 2024/25 | I39: % 2024/25 s. 2023/24 | J39: % 2024/25 s. Media tres | K39: % 2024/25 s. Media cuatro
C40: OCTUBRE | D40: 95.7 | E40: 83.49778 | F40: 88.527712 | G40: 55.755136 | H40: 60.278 | I40: =IF(ISNUMBER(H40),H40/G40-1,"") -> 0.081120132 | J40: =IF(ISNUMBER(H40),H40/AVERAGE(E40:G40)-1,"") -> -0.20610457 | K40: =IF(ISNUMBER(H40),H40/AVERAGE(D40:G40)-1,"") -> -0.25463234
C41: NOVIEMBRE | D41: 191.4 | E41: 166.90623 | F41: 156.21831 | G41: 108.46974 | H41: 120.215 | I41: =IF(ISNUMBER(H41),H41/G41-1,"") -> 0.10828149 | J41: =IF(ISNUMBER(H41),H41/AVERAGE(E41:G41)-1,"") -> -0.16438883 | K41: =IF(ISNUMBER(H41),H41/AVERAGE(D41:G41)-1,"") -> -0.228147
C42: DICIEMBRE | D42: 274.9 | E42: 248.33306 | F42: 219.78709 | G42: 168.2988 | H42: 189.938 | I42: =IF(ISNUMBER(H42),H42/G42-1,"") -> 0.12857609 | J42: =IF(ISNUMBER(H42),H42/AVERAGE(E42:G42)-1,"") -> -0.10465582 | K42: =IF(ISNUMBER(H42),H42/AVERAGE(D42:G42)-1,"") -> -0.16631603
C43: ENERO | D43: 357.4 | E43: 322.07898 | F43: 275.75828 | G43: 237.84382 | H43: 279.242 | I43: =IF(ISNUMBER(H43),H43/G43-1,"") -> 0.17405614 | J43: =IF(ISNUMBER(H43),H43/AVERAGE(E43:G43)-1,"") -> 0.0024470053 | K43: =IF(ISNUMBER(H43),H43/AVERAGE(D43:G43)-1,"") -> -0.063795399
C44: FEBRERO | D44: 461.6 | E44: 410.40855 | F44: 324.02162 | G44: 302.83961 | H44: 369.87 | I44: =IF(ISNUMBER(H44),H44/G44-1,"") -> 0.22133959 | J44: =IF(ISNUMBER(H44),H44/AVERAGE(E44:G44)-1,"") -> 0.06974099 | K44: =IF(ISNUMBER(H44),H44/AVERAGE(D44:G44)-1,"") -> -0.012936267
C45: MARZO | D45: 568.4 | E45: 488.70652 | F45: 388.21758 | G45: 363.45025 | H45: 466.851 | I45: =IF(ISNUMBER(H45),H45/G45-1,"") -> 0.28449769 | J45: =IF(ISNUMBER(H45),H45/AVERAGE(E45:G45)-1,"") -> 0.12913735 | K45: =IF(ISNUMBER(H45),H45/AVERAGE(D45:G45)-1,"") -> 0.032414024
C46: ABRIL | D46: 667.8 | E46: 596.03979 | F46: 439.80748 | G46: 437.85944 | H46: 565.629 | I46: =IF(ISNUMBER(H46),H46/G46-1,"") -> 0.29180497 | J46: =IF(ISNUMBER(H46),H46/AVERAGE(E46:G46)-1,"") -> 0.15144146 | K46: =IF(ISNUMBER(H46),H46/AVERAGE(D46:G46)-1,"") -> 0.056506615
C47: MAYO | D47: 758.1 | E47: 713.85813 | F47: 508.06014 | G47: 510.14425 | H47: 664.953 | I47: =IF(ISNUMBER(H47),H47/G47-1,"") -> 0.30346075 | J47: =IF(ISNUMBER(H47),H47/AVERAGE(E47:G47)-1,"") -> 0.1517246 | K47: =IF(ISNUMBER(H47),H47/AVERAGE(D47:G47)-1,"") -> 0.068127876
C48: JUNIO | D48: 845.9 | E48: 817.30445 | F48: 573.12506 | G48: 576.72214 | H48: 759.436 | I48: =IF(ISNUMBER(H48),H48/G48-1,"") -> 0.31681437 | J48: =IF(ISNUMBER(H48),H48/AVERAGE(E48:G48)-1,"") -> 0.15817609 | K48: =IF(ISNUMBER(H48),H48/AVERAGE(D48:G48)-1,"") -> 0.079874947
C49: JULIO | D49: 927.8 | E49: 907.73142 | F49: 631.9986 | G49: 636.18793 | H49: 870.433 | I49: =IF(ISNUMBER(H49),H49/G49-1,"") -> 0.36820105 | J49: =IF(ISNUMBER(H49),H49/AVERAGE(E49:G49)-1,"") -> 0.20009074 | K49: =IF(ISNUMBER(H49),H49/AVERAGE(D49:G49)-1,"") -> 0.12179394
C50: AGOSTO | D50: 993.8 | E50: 990.87665 | F50: 680.12511 | G50: 691.25827 | H50: 946.484 | I50: =IF(ISNUMBER(H50),H50/G50-1,"") -> 0.36921907 | J50: =IF(ISNUMBER(H50),H50/AVERAGE(E50:G50)-1,"") -> 0.20200654 | K50: =IF(ISNUMBER(H50),H50/AVERAGE(D50:G50)-1,"") -> 0.12808948
C51: SEPTIEMBRE | D51: 1097.6 | E51: 1080.2425 | F51: 738.85136 | G51: 760.32535 | H51: 1041.571 | I51: =IF(ISNUMBER(H51),H51/G51-1,"") -> 0.36990171 | J51: =IF(ISNUMBER(H51),H51/AVERAGE(E51:G51)-1,"") -> 0.21140178 | K51: =IF(ISNUMBER(H51),H51/AVERAGE(D51:G51)-1,"") -> 0.13306017
D54: MERCADO INTERIOR APARENTE ACUMULADO
D55: 2020/21 | E55: 2021/22 | F55: 2022/23 | G55: 2023/24 | H55: 2024/25 | I55: % 2024/25 s. 2023/24 | J55: % 2024/25 s. Media tres | K55: % 2024/25 s. Media cuatro
C56: OCTUBRE | D56: 51.3 | E56: 39.58029 | F56: 42.192539 | G56: 25.320353 | H56: 38.408902 | I56: =IF(ISNUMBER(H56),H56/G56-1,"") -> 0.51691809 | J56: =IF(ISNUMBER(H56),H56/AVERAGE(E56:G56)-1,"") -> 0.07594809 | K56: =IF(ISNUMBER(H56),H56/AVERAGE(D56:G56)-1,"") -> -0.030036494
C57: NOVIEMBRE | D57: 101.8605 | E57: 87.318 | F57: 81.693125 | G57: 72.222499 | H57: 78.847649 | I57: =IF(ISNUMBER(H57),H57/G57-1,"") -> 0.091732493 | J57: =IF(ISNUMBER(H57),H57/AVERAGE(E57:G57)-1,"") -> -0.019444542 | K57: =IF(ISNUMBER(H57),H57/AVERAGE(D57:G57)-1,"") -> -0.080746146
C58: DICIEMBRE | D58: 164.51183 | E58: 139.05805 | F58: 105.20743 | G58: 109.24245 | H58: 133.07269 | I58: =IF(ISNUMBER(H58),H58/G58-1,"") -> 0.21814085 | J58: =IF(ISNUMBER(H58),H58/AVERAGE(E58:G58)-1,"") -> 0.12930441 | K58: =IF(ISNUMBER(H58),H58/AVERAGE(D58:G58)-1,"") -> 0.027549129
C59: ENERO | D59: 207.21963 | E59: 193.13758 | F59: 119.54563 | G59: 147.9461 | H59: 182.50297 | I59: =IF(ISNUMBER(H59),H59/G59-1,"") -> 0.23357746 | J59: =IF(ISNUMBER(H59),H59/AVERAGE(E59:G59)-1,"") -> 0.18861068 | K59: =IF(ISNUMBER(H59),H59/AVERAGE(D59:G59)-1,"") -> 0.093079355
C60: FEBRERO | D60: 256.61563 | E60: 237.43852 | F60: 149.5966 | G60: 179.09567 | H60: 223.07189 | I60: =IF(ISNUMBER(H60),H60/G60-1,"") -> 0.24554599 | J60: =IF(ISNUMBER(H60),H60/AVERAGE(E60:G60)-1,"") -> 0.18208668 | K60: =IF(ISNUMBER(H60),H60/AVERAGE(D60:G60)-1,"") -> 0.084523171
C61: MARZO | D61: 308.21439 | E61: 308.10798 | F61: 180.12047 | G61: 208.57231 | H61: 266.6784 | I61: =IF(ISNUMBER(H61),H61/G61-1,"") -> 0.27858969 | J61: =IF(ISNUMBER(H61),H61/AVERAGE(E61:G61)-1,"") -> 0.14815491 | K61: =IF(ISNUMBER(H61),H61/AVERAGE(D61:G61)-1,"") -> 0.061390582
C62: ABRIL | D62: 352.68646 | E62: 364.31629 | F62: 201.78309 | G62: 242.35324 | H62: 302.35137 | I62: =IF(ISNUMBER(H62),H62/G62-1,"") -> 0.24756477 | J62: =IF(ISNUMBER(H62),H62/AVERAGE(E62:G62)-1,"") -> 0.12196322 | K62: =IF(ISNUMBER(H62),H62/AVERAGE(D62:G62)-1,"") -> 0.041568143
C63: MAYO | D63: 400.47033 | E63: 405.23772 | F63: 226.09083 | G63: 275.97414 | H63: 339.23713 | I63: =IF(ISNUMBER(H63),H63/G63-1,"") -> 0.22923524 | J63: =IF(ISNUMBER(H63),H63/AVERAGE(E63:G63)-1,"") -> 0.12168896 | K63: =IF(ISNUMBER(H63),H63/AVERAGE(D63:G63)-1,"") -> 0.03760249
C64: JUNIO | D64: 433.57963 | E64: 458.65273 | F64: 252.31127 | G64: 302.80638 | H64: 377.19269 | I64: =IF(ISNUMBER(H64),H64/G64-1,"") -> 0.24565636 | J64: =IF(ISNUMBER(H64),H64/AVERAGE(E64:G64)-1,"") -> 0.11620748 | K64: =IF(ISNUMBER(H64),H64/AVERAGE(D64:G64)-1,"") -> 0.042436702
C65: JULIO | D65: 471.13423 | E65: 492.20742 | F65: 285.7364 | G65: 337.66899 | H65: 414.92887 | I65: =IF(ISNUMBER(H65),H65/G65-1,"") -> 0.22880359 | J65: =IF(ISNUMBER(H65),H65/AVERAGE(E65:G65)-1,"") -> 0.11578731 | K65: =IF(ISNUMBER(H65),H65/AVERAGE(D65:G65)-1,"") -> 0.045986188
C66: AGOSTO | D66: 508.21553 | E66: 546.06816 | F66: 314.7594 | G66: 368.54204 | H66: 450.44153 | I66: =IF(ISNUMBER(H66),H66/G66-1,"") -> 0.22222565 | J66: =IF(ISNUMBER(H66),H66/AVERAGE(E66:G66)-1,"") -> 0.099201252 | K66: =IF(ISNUMBER(H66),H66/AVERAGE(D66:G66)-1,"") -> 0.036936899
C67: SEPTIEMBRE | D67: 542.85246 | E67: 594.57562 | F67: 348.68927 | G67: 399.85747 | H67: 482.77903 | I67: =IF(ISNUMBER(H67),H67/G67-1,"") -> 0.20737779 | J67: =IF(ISNUMBER(H67),H67/AVERAGE(E67:G67)-1,"") -> 0.078335927 | K67: =IF(ISNUMBER(H67),H67/AVERAGE(D67:G67)-1,"") -> 0.023935266
D70: MERCADO TOTAL ACUMULADO
D71: 2020/21 | E71: 2021/22 | F71: 2022/23 | G71: 2023/24 | H71: 2024/25 | I71: % 2024/25 s. 2023/24 | J71: % 2024/25 s. Media tres | K71: % 2024/25 s. Media cuatro
C72: OCTUBRE | D72: 147 | E72: 123.07807 | F72: 130.72025 | G72: 81.075489 | H72: 98.686902 | I72: =IF(ISNUMBER(H72),H72/G72-1,"") -> 0.2172224 | J72: =IF(ISNUMBER(H72),H72/AVERAGE(E72:G72)-1,"") -> -0.11590368 | K72: =IF(ISNUMBER(H72),H72/AVERAGE(D72:G72)-1,"") -> -0.1808071
C73: NOVIEMBRE | D73: 293.2605 | E73: 254.22423 | F73: 237.91144 | G73: 180.69223 | H73: 199.06265 | I73: =IF(ISNUMBER(H73),H73/G73-1,"") -> 0.10166688 | J73: =IF(ISNUMBER(H73),H73/AVERAGE(E73:G73)-1,"") -> -0.11242095 | K73: =IF(ISNUMBER(H73),H73/AVERAGE(D73:G73)-1,"") -> -0.17579944
C74: DICIEMBRE | D74: 439.41183 | E74: 387.39111 | F74: 324.99453 | G74: 277.54125 | H74: 323.01069 | I74: =IF(ISNUMBER(H74),H74/G74-1,"") -> 0.1638295 | J74: =IF(ISNUMBER(H74),H74/AVERAGE(E74:G74)-1,"") -> -0.021107432 | K74: =IF(ISNUMBER(H74),H74/AVERAGE(D74:G74)-1,"") -> -0.096055578
C75: ENERO | D75: 564.61963 | E75: 515.21656 | F75: 395.30392 | G75: 385.78992 | H75: 461.74497 | I75: =IF(ISNUMBER(H75),H75/G75-1,"") -> 0.1968819 | J75: =IF(ISNUMBER(H75),H75/AVERAGE(E75:G75)-1,"") -> 0.068598171 | K75: =IF(ISNUMBER(H75),H75/AVERAGE(D75:G75)-1,"") -> -0.0074963243
C76: FEBRERO | D76: 718.21563 | E76: 647.84707 | F76: 473.61823 | G76: 481.93527 | H76: 592.94189 | I76: =IF(ISNUMBER(H76),H76/G76-1,"") -> 0.23033512 | J76: =IF(ISNUMBER(H76),H76/AVERAGE(E76:G76)-1,"") -> 0.10940815 | K76: =IF(ISNUMBER(H76),H76/AVERAGE(D76:G76)-1,"") -> 0.021601916
C77: MARZO | D77: 876.61439 | E77: 796.8145 | F77: 568.33805 | G77: 572.02255 | H77: 733.5294 | I77: =IF(ISNUMBER(H77),H77/G77-1,"") -> 0.2823435 | J77: =IF(ISNUMBER(H77),H77/AVERAGE(E77:G77)-1,"") -> 0.13597795 | K77: =IF(ISNUMBER(H77),H77/AVERAGE(D77:G77)-1,"") -> 0.042763725
C78: ABRIL | D78: 1020.4865 | E78: 960.35608 | F78: 641.59056 | G78: 680.21268 | H78: 867.98037 | I78: =IF(ISNUMBER(H78),H78/G78-1,"") -> 0.27604261 | J78: =IF(ISNUMBER(H78),H78/AVERAGE(E78:G78)-1,"") -> 0.14099882 | K78: =IF(ISNUMBER(H78),H78/AVERAGE(D78:G78)-1,"") -> 0.05125457
C79: MAYO | D79: 1158.5703 | E79: 1119.0958 | F79: 734.15097 | G79: 786.11838 | H79: 1004.1901 | I79: =IF(ISNUMBER(H79),H79/G79-1,"") -> 0.2774032 | J79: =IF(ISNUMBER(H79),H79/AVERAGE(E79:G79)-1,"") -> 0.14139961 | K79: =IF(ISNUMBER(H79),H79/AVERAGE(D79:G79)-1,"") -> 0.05761683
C80: JUNIO | D80: 1279.4796 | E80: 1275.9572 | F80: 825.43633 | G80: 879.52852 | H80: 1136.6287 | I80: =IF(ISNUMBER(H80),H80/G80-1,"") -> 0.29231591 | J80: =IF(ISNUMBER(H80),H80/AVERAGE(E80:G80)-1,"") -> 0.14390314 | K80: =IF(ISNUMBER(H80),H80/AVERAGE(D80:G80)-1,"") -> 0.067156371
C81: JULIO | D81: 1398.9342 | E81: 1399.9388 | F81: 917.735 | G81: 973.85693 | H81: 1285.3619 | I81: =IF(ISNUMBER(H81),H81/G81-1,"") -> 0.31986726 | J81: =IF(ISNUMBER(H81),H81/AVERAGE(E81:G81)-1,"") -> 0.17151741 | K81: =IF(ISNUMBER(H81),H81/AVERAGE(D81:G81)-1,"") -> 0.096148781
C82: AGOSTO | D82: 1502.0155 | E82: 1536.9448 | F82: 994.88451 | G82: 1059.8003 | H82: 1396.9255 | I82: =IF(ISNUMBER(H82),H82/G82-1,"") -> 0.3181026 | J82: =IF(ISNUMBER(H82),H82/AVERAGE(E82:G82)-1,"") -> 0.16681758 | K82: =IF(ISNUMBER(H82),H82/AVERAGE(D82:G82)-1,"") -> 0.096994778
C83: SEPTIEMBRE | D83: 1640.4525 | E83: 1674.8181 | F83: 1087.5406 | G83: 1160.1828 | H83: 1524.35 | I83: =IF(ISNUMBER(H83),H83/G83-1,"") -> 0.31388778 | J83: =IF(ISNUMBER(H83),H83/AVERAGE(E83:G83)-1,"") -> 0.16583853 | K83: =IF(ISNUMBER(H83),H83/AVERAGE(D83:G83)-1,"") -> 0.096064476
C84: Fuente: SIMO

Sheet 05_GRÁF.COMP.MEDIA 4 ÚLT.CAMPAÑ
B2: 05_GRÁFICOS COMPARATIVOS CON LA MEDIA DE LAS ÚLTIMAS CAMPAÑAS
B6: PRODUCCIÓN | I6: IMPORTACIONES
B7: GRÁFICO PRODUCCIÓN | I7: GRÁFICO IMPORTACIONES
C8: Mes | D8: =+'04_CUADROS ACUMULADOS'!$H$7 -> 2024/25 | E8: Media 4 últimas campañas | J8: Mes | K8: =+'04_CUADROS ACUMULADOS'!$H$7 -> 2024/25 | L8: Media 4 últimas campañas
C9: Oct | D9: =+IF('02_CUADRYGRÁF.COMP.ÚLT.5 CAMP.'!G8<>0,'02_CUADRYGRÁF.COMP.ÚLT.5 CAMP.'!G8,NA()) -> 36.869638 | E9: =+AVERAGE('02_CUADRYGRÁF.COMP.ÚLT.5 CAMP.'!C8:F8) -> 39.7467 | J9: Oct | K9: =+IF('02_CUADRYGRÁF.COMP.ÚLT.5 CAMP.'!G25<>0,'02_CUADRYGRÁF.COMP.ÚLT.5 CAMP.'!G25,NA()) -> 15.916 | L9: =+AVERAGE('02_CUADRYGRÁF.COMP.ÚLT.5 CAMP.'!C25:F25) -> 14.703513
C10: Nov | D10: =+IF('02_CUADRYGRÁF.COMP.ÚLT.5 CAMP.'!G9<>0,'02_CUADRYGRÁF.COMP.ÚLT.5 CAMP.'!G9,NA()) -> 266.67029 | E10: =+AVERAGE('02_CUADRYGRÁF.COMP.ÚLT.5 CAMP.'!C9:F9) -> 232.97542 | J10: Nov | K10: =+IF('02_CUADRYGRÁF.COMP.ÚLT.5 CAMP.'!G26<>0,'02_CUADRYGRÁF.COMP.ÚLT.5 CAMP.'!G26,NA()) -> 23.576 | L10: =+AVERAGE('02_CUADRYGRÁF.COMP.ÚLT.5 CAMP.'!C26:F26) -> 22.381005
C11: Dic | D11: =+IF('02_CUADRYGRÁF.COMP.ÚLT.5 CAMP.'!G10<>0,'02_CUADRYGRÁF.COMP.ÚLT.5 CAMP.'!G10,NA()) -> 596.431 | E11: =+AVERAGE('02_CUADRYGRÁF.COMP.ÚLT.5 CAMP.'!C10:F10) -> 396.33853 | J11: Dic | K11: =+IF('02_CUADRYGRÁF.COMP.ÚLT.5 CAMP.'!G27<>0,'02_CUADRYGRÁF.COMP.ÚLT.5 CAMP.'!G27,NA()) -> 30.592 | L11: =+AVERAGE('02_CUADRYGRÁF.COMP.ÚLT.5 CAMP.'!C27:F27) -> 29.666353
C12: Ene | D12: =+IF('02_CUADRYGRÁF.COMP.ÚLT.5 CAMP.'!G11<>0,'02_CUADRYGRÁF.COMP.ÚLT.5 CAMP.'!G11,NA()) -> 351.4809 | E12: =+AVERAGE('02_CUADRYGRÁF.COMP.ÚLT.5 CAMP.'!C11:F11) -> 298.45668 | J12: Ene | K12: =+IF('02_CUADRYGRÁF.COMP.ÚLT.5 CAMP.'!G28<>0,'02_CUADRYGRÁF.COMP.ÚLT.5 CAMP.'!G28,NA()) -> 17.385 | L12: =+AVERAGE('02_CUADRYGRÁF.COMP.ÚLT.5 CAMP.'!C28:F28) -> 13.947954
C13: Feb | D13: =+IF('02_CUADRYGRÁF.COMP.ÚLT.5 CAMP.'!G12<>0,'02_CUADRYGRÁF.COMP.ÚLT.5 CAMP.'!G12,NA()) -> 154.0704 | E13: =+AVERAGE('02_CUADRYGRÁF.COMP.ÚLT.5 CAMP.'!C12:F12) -> 106.35665 | J13: Feb | K13: =+IF('02_CUADRYGRÁF.COMP.ÚLT.5 CAMP.'!G29<>0,'02_CUADRYGRÁF.COMP.ÚLT.5 CAMP.'!G29,NA()) -> 19.042 | L13: =+AVERAGE('02_CUADRYGRÁF.COMP.ÚLT.5 CAMP.'!C29:F29) -> 18.462668
C14: Mar | D14: =+IF('02_CUADRYGRÁF.COMP.ÚLT.5 CAMP.'!G13<>0,'02_CUADRYGRÁF.COMP.ÚLT.5 CAMP.'!G13,NA()) -> 12.203774 | E14: =+AVERAGE('02_CUADRYGRÁF.COMP.ÚLT.5 CAMP.'!C13:F13) -> 21.868 | J14: Mar | K14: =+IF('02_CUADRYGRÁF.COMP.ÚLT.5 CAMP.'!G30<>0,'02_CUADRYGRÁF.COMP.ÚLT.5 CAMP.'!G30,NA()) -> 22.052 | L14: =+AVERAGE('02_CUADRYGRÁF.COMP.ÚLT.5 CAMP.'!C30:F30) -> 17.168758
C15: Abr | D15: =+IF('02_CUADRYGRÁF.COMP.ÚLT.5 CAMP.'!G14<>0,'02_CUADRYGRÁF.COMP.ÚLT.5 CAMP.'!G14,NA()) -> 3.1651061 | E15: =+AVERAGE('02_CUADRYGRÁF.COMP.ÚLT.5 CAMP.'!C14:F14) -> 3.49575 | J15: Abr | K15: =+IF('02_CUADRYGRÁF.COMP.ÚLT.5 CAMP.'!G31<>0,'02_CUADRYGRÁF.COMP.ÚLT.5 CAMP.'!G31,NA()) -> 16.635 | L15: =+AVERAGE('02_CUADRYGRÁF.COMP.ÚLT.5 CAMP.'!C31:F31) -> 17.846606
C16: May | D16: =+IF('02_CUADRYGRÁF.COMP.ÚLT.5 CAMP.'!G15<>0,'02_CUADRYGRÁF.COMP.ÚLT.5 CAMP.'!G15,NA()) -> 0.22164383 | E16: =+AVERAGE('02_CUADRYGRÁF.COMP.ÚLT.5 CAMP.'!C15:F15) -> 1.911725 | J16: May | K16: =+IF('02_CUADRYGRÁF.COMP.ÚLT.5 CAMP.'!G32<>0,'02_CUADRYGRÁF.COMP.ÚLT.5 CAMP.'!G32,NA()) -> 15.277 | L16: =+AVERAGE('02_CUADRYGRÁF.COMP.ÚLT.5 CAMP.'!C32:F32) -> 17.09497
C17: Jun | J17: Jun | K17: =+IF('02_CUADRYGRÁF.COMP.ÚLT.5 CAMP.'!G33<>0,'02_CUADRYGRÁF.COMP.ÚLT.5 CAMP.'!G33,NA()) -> 14.541 | L17: =+AVERAGE('02_CUADRYGRÁF.COMP.ÚLT.5 CAMP.'!C33:F33) -> 15.823583
C18: Jul | J18: Jul | K18: =+IF('02_CUADRYGRÁF.COMP.ÚLT.5 CAMP.'!G34<>0,'02_CUADRYGRÁF.COMP.ÚLT.5 CAMP.'!G34,NA()) -> 13.11 | L18: =+AVERAGE('02_CUADRYGRÁF.COMP.ÚLT.5 CAMP.'!C34:F34) -> 16.006943
C19: Ago | J19: Ago | K19: =+IF('02_CUADRYGRÁF.COMP.ÚLT.5 CAMP.'!G35<>0,'02_CUADRYGRÁF.COMP.ÚLT.5 CAMP.'!G35,NA()) -> 6.765 | L19: =+AVERAGE('02_CUADRYGRÁF.COMP.ÚLT.5 CAMP.'!C35:F35) -> 14.752021
C20: Sep | J20: Sep | K20: =+IF('02_CUADRYGRÁF.COMP.ÚLT.5 CAMP.'!G36<>0,'02_CUADRYGRÁF.COMP.ÚLT.5 CAMP.'!G36,NA()) -> 11.168 | L20: =+AVERAGE('02_CUADRYGRÁF.COMP.ÚLT.5 CAMP.'!C36:F36) -> 15.6681
C21: Acumulado | D21: =SUMIF(D9:D20, "<>#N/D") -> 1421.1127 | E21: =SUMIF(D9:D20,"<>#N/D",E9:E20) -> 1101.1494 | J21: Acumulado | K21: =SUMIF(K9:K20, "<>#N/D") -> 206.059 | L21: =SUMIF(K9:K20,"<>#N/D",L9:L20) -> 213.52247
C22: % VARIACIÓN: | D22: =+D21/E21-1 -> 0.29057209 | J22: % VARIACIÓN: | K22: =+K21/L21-1 -> -0.034954045
B24: MERCADO INTERIOR APARENTE | I24: EXPORTACIONES
B25: GRÁFICO MERCADO INTERIOR APARENTE | I25: GRÁFICO EXPORTACIONES
C26: Mes | D26: =+'04_CUADROS ACUMULADOS'!$H$7 -> 2024/25 | E26: Media 4 últimas campañas | J26: Mes | K26: =+'04_CUADROS ACUMULADOS'!$H$7 -> 2024/25 | L26: Media 4 últimas campañas
C27: Oct | D27: =+IF('02_CUADRYGRÁF.COMP.ÚLT.5 CAMP.'!G59<>0,'02_CUADRYGRÁF.COMP.ÚLT.5 CAMP.'!G59,NA()) -> 38.408902 | E27: =+AVERAGE('02_CUADRYGRÁF.COMP.ÚLT.5 CAMP.'!C59:F59) -> 39.598295 | J27: Oct | K27: =+IF('02_CUADRYGRÁF.COMP.ÚLT.5 CAMP.'!G42<>0,'02_CUADRYGRÁF.COMP.ÚLT.5 CAMP.'!G42,NA()) -> 60.278 | L27: =+AVERAGE('02_CUADRYGRÁF.COMP.ÚLT.5 CAMP.'!C42:F42) -> 80.870157
C28: Nov | D28: =+IF('02_CUADRYGRÁF.COMP.ÚLT.5 CAMP.'!G60<>0,'02_CUADRYGRÁF.COMP.ÚLT.5 CAMP.'!G60,NA()) -> 40.438747 | E28: =+AVERAGE('02_CUADRYGRÁF.COMP.ÚLT.5 CAMP.'!C60:F60) -> 46.175236 | J28: Nov | K28: =+IF('02_CUADRYGRÁF.COMP.ÚLT.5 CAMP.'!G43<>0,'02_CUADRYGRÁF.COMP.ÚLT.5 CAMP.'!G43,NA()) -> 59.937 | L28: =+AVERAGE('02_CUADRYGRÁF.COMP.ÚLT.5 CAMP.'!C43:F43) -> 74.878412
C29: Dic | D29: =+IF('02_CUADRYGRÁF.COMP.ÚLT.5 CAMP.'!G61<>0,'02_CUADRYGRÁF.COMP.ÚLT.5 CAMP.'!G61,NA()) -> 54.22504 | E29: =+AVERAGE('02_CUADRYGRÁF.COMP.ÚLT.5 CAMP.'!C61:F61) -> 43.731409 | J29: Dic | K29: =+IF('02_CUADRYGRÁF.COMP.ÚLT.5 CAMP.'!G44<>0,'02_CUADRYGRÁF.COMP.ÚLT.5 CAMP.'!G44,NA()) -> 69.723 | L29: =+AVERAGE('02_CUADRYGRÁF.COMP.ÚLT.5 CAMP.'!C44:F44) -> 72.081168
C30: Ene | D30: =+IF('02_CUADRYGRÁF.COMP.ÚLT.5 CAMP.'!G62<>0,'02_CUADRYGRÁF.COMP.ÚLT.5 CAMP.'!G62,NA()) -> 49.430284 | E30: =+AVERAGE('02_CUADRYGRÁF.COMP.ÚLT.5 CAMP.'!C62:F62) -> 37.457295 | J30: Ene | K30: =+IF('02_CUADRYGRÁF.COMP.ÚLT.5 CAMP.'!G45<>0,'02_CUADRYGRÁF.COMP.ÚLT.5 CAMP.'!G45,NA()) -> 89.304 | L30: =+AVERAGE('02_CUADRYGRÁF.COMP.ÚLT.5 CAMP.'!C45:F45) -> 70.440534
C31: Feb | D31: =+IF('02_CUADRYGRÁF.COMP.ÚLT.5 CAMP.'!G63<>0,'02_CUADRYGRÁF.COMP.ÚLT.5 CAMP.'!G63,NA()) -> 40.568917 | E31: =+AVERAGE('02_CUADRYGRÁF.COMP.ÚLT.5 CAMP.'!C63:F63) -> 38.72437 | J31: Feb | K31: =+IF('02_CUADRYGRÁF.COMP.ÚLT.5 CAMP.'!G46<>0,'02_CUADRYGRÁF.COMP.ÚLT.5 CAMP.'!G46,NA()) -> 90.628 | L31: =+AVERAGE('02_CUADRYGRÁF.COMP.ÚLT.5 CAMP.'!C46:F46) -> 76.447174
C32: Mar | D32: =+IF('02_CUADRYGRÁF.COMP.ÚLT.5 CAMP.'!G64<>0,'02_CUADRYGRÁF.COMP.ÚLT.5 CAMP.'!G64,NA()) -> 43.606514 | E32: =+AVERAGE('02_CUADRYGRÁF.COMP.ÚLT.5 CAMP.'!C64:F64) -> 45.567182 | J32: Mar | K32: =+IF('02_CUADRYGRÁF.COMP.ÚLT.5 CAMP.'!G47<>0,'02_CUADRYGRÁF.COMP.ÚLT.5 CAMP.'!G47,NA()) -> 96.981 | L32: =+AVERAGE('02_CUADRYGRÁF.COMP.ÚLT.5 CAMP.'!C47:F47) -> 77.476141
C33: Abr | D33: =+IF('02_CUADRYGRÁF.COMP.ÚLT.5 CAMP.'!G65<>0,'02_CUADRYGRÁF.COMP.ÚLT.5 CAMP.'!G65,NA()) -> 35.672966 | E33: =+AVERAGE('02_CUADRYGRÁF.COMP.ÚLT.5 CAMP.'!C65:F65) -> 39.030983 | J33: Abr | K33: =+IF('02_CUADRYGRÁF.COMP.ÚLT.5 CAMP.'!G48<>0,'02_CUADRYGRÁF.COMP.ÚLT.5 CAMP.'!G48,NA()) -> 98.778 | L33: =+AVERAGE('02_CUADRYGRÁF.COMP.ÚLT.5 CAMP.'!C48:F48) -> 83.18309
C34: May | D34: =+IF('02_CUADRYGRÁF.COMP.ÚLT.5 CAMP.'!G66<>0,'02_CUADRYGRÁF.COMP.ÚLT.5 CAMP.'!G66,NA()) -> 36.885764 | E34: =+AVERAGE('02_CUADRYGRÁF.COMP.ÚLT.5 CAMP.'!C66:F66) -> 36.658482 | J34: May | K34: =+IF('02_CUADRYGRÁF.COMP.ÚLT.5 CAMP.'!G49<>0,'02_CUADRYGRÁF.COMP.ÚLT.5 CAMP.'!G49,NA()) -> 99.324 | L34: =+AVERAGE('02_CUADRYGRÁF.COMP.ÚLT.5 CAMP.'!C49:F49) -> 87.163953
C35: Jun | D35: =+IF('02_CUADRYGRÁF.COMP.ÚLT.5 CAMP.'!G67<>0,'02_CUADRYGRÁF.COMP.ÚLT.5 CAMP.'!G67,NA()) -> 37.95556 | E35: =+AVERAGE('02_CUADRYGRÁF.COMP.ÚLT.5 CAMP.'!C67:F67) -> 34.89425 | J35: Jun | K35: =+IF('02_CUADRYGRÁF.COMP.ÚLT.5 CAMP.'!G50<>0,'02_CUADRYGRÁF.COMP.ÚLT.5 CAMP.'!G50,NA()) -> 94.483 | L35: =+AVERAGE('02_CUADRYGRÁF.COMP.ÚLT.5 CAMP.'!C50:F50) -> 80.722283
C36: Jul | D36: =+IF('02_CUADRYGRÁF.COMP.ÚLT.5 CAMP.'!G68<>0,'02_CUADRYGRÁF.COMP.ÚLT.5 CAMP.'!G68,NA()) -> 37.73618 | E36: =+AVERAGE('02_CUADRYGRÁF.COMP.ÚLT.5 CAMP.'!C68:F68) -> 34.849258 | J36: Jul | K36: =+IF('02_CUADRYGRÁF.COMP.ÚLT.5 CAMP.'!G51<>0,'02_CUADRYGRÁF.COMP.ÚLT.5 CAMP.'!G51,NA()) -> 110.997 | L36: =+AVERAGE('02_CUADRYGRÁF.COMP.ÚLT.5 CAMP.'!C51:F51) -> 72.666577
C37: Ago | D37: =+IF('02_CUADRYGRÁF.COMP.ÚLT.5 CAMP.'!G69<>0,'02_CUADRYGRÁF.COMP.ÚLT.5 CAMP.'!G69,NA()) -> 35.51266 | E37: =+AVERAGE('02_CUADRYGRÁF.COMP.ÚLT.5 CAMP.'!C69:F69) -> 37.709521 | J37: Ago | K37: =+IF('02_CUADRYGRÁF.COMP.ÚLT.5 CAMP.'!G52<>0,'02_CUADRYGRÁF.COMP.ÚLT.5 CAMP.'!G52,NA()) -> 76.051 | L37: =+AVERAGE('02_CUADRYGRÁF.COMP.ÚLT.5 CAMP.'!C52:F52) -> 63.085518
C38: Sep | D38: =+IF('02_CUADRYGRÁF.COMP.ÚLT.5 CAMP.'!G70<>0,'02_CUADRYGRÁF.COMP.ÚLT.5 CAMP.'!G70,NA()) -> 32.3375 | E38: =+AVERAGE('02_CUADRYGRÁF.COMP.ÚLT.5 CAMP.'!C70:F70) -> 37.097425 | J38: Sep | K38: =+IF('02_CUADRYGRÁF.COMP.ÚLT.5 CAMP.'!G53<>0,'02_CUADRYGRÁF.COMP.ÚLT.5 CAMP.'!G53,NA()) -> 95.087 | L38: =+AVERAGE('02_CUADRYGRÁF.COMP.ÚLT.5 CAMP.'!C53:F53) -> 80.239794
C39: Acumulado | D39: =SUMIF(D27:D38, "<>#N/D") -> 482.77903 | E39: =SUMIF(D27:D38,"<>#N/D",E27:E38) -> 471.49371 | J39: Acumulado | K39: =SUMIF(K27:K38, "<>#N/D") -> 1041.571 | L39: =SUMIF(K27:K38,"<>#N/D",L27:L38) -> 919.2548
C40: % VARIACIÓN: | D40: =+D39/E39-1 -> 0.023935266 | I40: % VARIACION : | K40: =+K39/L39-1 -> 0.13306017
B42: EXISTENCIAS ALMAZARAS (INCLUIDO FPCO) | I42: EXISTENCIAS TOTALES
B43: GRÁFICO EXISTENCIAS ALMAZARAS (INCLUIDO FPCO) | I43: GRÁFICO EXISTENCIAS TOTALES
C44: Mes | D44: =+'04_CUADROS ACUMULADOS'!$H$7 -> 2024/25 | E44: Media 4 últimas campañas | J44: Mes | K44: =+'04_CUADROS ACUMULADOS'!$H$7 -> 2024/25 | L44: Media 4 últimas campañas
C45: Oct | D45: =+IF('03_CUADRYGRÁF.COMP.5 ÚLT.CAMP.'!J8<>0,'03_CUADRYGRÁF.COMP.5 ÚLT.CAMP.'!J8,NA()) -> 54.82129 | E45: =+AVERAGE('03_CUADRYGRÁF.COMP.5 ÚLT.CAMP.'!F8:I8) -> 151.25254 | J45: Oct | K45: =+IF('03_CUADRYGRÁF.COMP.5 ÚLT.CAMP.'!J42<>0,'03_CUADRYGRÁF.COMP.5 ÚLT.CAMP.'!J42,NA()) -> 140.94939 | L45: =+AVERAGE('03_CUADRYGRÁF.COMP.5 ÚLT.CAMP.'!F42:I42) -> 338.392
C46: Nov | D46: =+IF('03_CUADRYGRÁF.COMP.5 ÚLT.CAMP.'!J9<>0,'03_CUADRYGRÁF.COMP.5 ÚLT.CAMP.'!J9,NA()) -> 236.50213 | E46: =+AVERAGE('03_CUADRYGRÁF.COMP.5 ÚLT.CAMP.'!F9:I9) -> 286.18028 | J46: Nov | K46: =+IF('03_CUADRYGRÁF.COMP.5 ÚLT.CAMP.'!J43<>0,'03_CUADRYGRÁF.COMP.5 ÚLT.CAMP.'!J43,NA()) -> 330.81993 | L46: =+AVERAGE('03_CUADRYGRÁF.COMP.5 ÚLT.CAMP.'!F43:I43) -> 472.68156
C47: Dic | D47: =+IF('03_CUADRYGRÁF.COMP.5 ÚLT.CAMP.'!J10<>0,'03_CUADRYGRÁF.COMP.5 ÚLT.CAMP.'!J10,NA()) -> 697.73919 | E47: =+AVERAGE('03_CUADRYGRÁF.COMP.5 ÚLT.CAMP.'!F10:I10) -> 568.81214 | J47: Dic | K47: =+IF('03_CUADRYGRÁF.COMP.5 ÚLT.CAMP.'!J44<>0,'03_CUADRYGRÁF.COMP.5 ÚLT.CAMP.'!J44,NA()) -> 833.89489 | L47: =+AVERAGE('03_CUADRYGRÁF.COMP.5 ÚLT.CAMP.'!F44:I44) -> 782.81376
C48: Ene | D48: =+IF('03_CUADRYGRÁF.COMP.5 ÚLT.CAMP.'!J11<>0,'03_CUADRYGRÁF.COMP.5 ÚLT.CAMP.'!J11,NA()) -> 888.37991 | E48: =+AVERAGE('03_CUADRYGRÁF.COMP.5 ÚLT.CAMP.'!F11:I11) -> 746.50641 | J48: Ene | K48: =+IF('03_CUADRYGRÁF.COMP.5 ÚLT.CAMP.'!J45<>0,'03_CUADRYGRÁF.COMP.5 ÚLT.CAMP.'!J45,NA()) -> 1064.0265 | L48: =+AVERAGE('03_CUADRYGRÁF.COMP.5 ÚLT.CAMP.'!F45:I45) -> 987.31498
C49: Feb | D49: =+IF('03_CUADRYGRÁF.COMP.5 ÚLT.CAMP.'!J12<>0,'03_CUADRYGRÁF.COMP.5 ÚLT.CAMP.'!J12,NA()) -> 905.64439 | E49: =+AVERAGE('03_CUADRYGRÁF.COMP.5 ÚLT.CAMP.'!F12:I12) -> 741.22116 | J49: Feb | K49: =+IF('03_CUADRYGRÁF.COMP.5 ÚLT.CAMP.'!J46<>0,'03_CUADRYGRÁF.COMP.5 ÚLT.CAMP.'!J46,NA()) -> 1105.942 | L49: =+AVERAGE('03_CUADRYGRÁF.COMP.5 ÚLT.CAMP.'!F46:I46) -> 996.95024
C50: Mar | D50: =+IF('03_CUADRYGRÁF.COMP.5 ÚLT.CAMP.'!J13<>0,'03_CUADRYGRÁF.COMP.5 ÚLT.CAMP.'!J13,NA()) -> 788.05705 | E50: =+AVERAGE('03_CUADRYGRÁF.COMP.5 ÚLT.CAMP.'!F13:I13) -> 659.80611 | J50: Mar | K50: =+IF('03_CUADRYGRÁF.COMP.5 ÚLT.CAMP.'!J47<>0,'03_CUADRYGRÁF.COMP.5 ÚLT.CAMP.'!J47,NA()) -> 999.61025 | L50: =+AVERAGE('03_CUADRYGRÁF.COMP.5 ÚLT.CAMP.'!F47:I47) -> 912.94214
C51: Abr | D51: =+IF('03_CUADRYGRÁF.COMP.5 ÚLT.CAMP.'!J14<>0,'03_CUADRYGRÁF.COMP.5 ÚLT.CAMP.'!J14,NA()) -> 678.02169 | E51: =+AVERAGE('03_CUADRYGRÁF.COMP.5 ÚLT.CAMP.'!F14:I14) -> 558.87173 | J51: Abr | K51: =+IF('03_CUADRYGRÁF.COMP.5 ÚLT.CAMP.'!J48<>0,'03_CUADRYGRÁF.COMP.5 ÚLT.CAMP.'!J48,NA()) -> 884.95939 | L51: =+AVERAGE('03_CUADRYGRÁF.COMP.5 ÚLT.CAMP.'!F48:I48) -> 812.07858
C52: May | D52: =+IF('03_CUADRYGRÁF.COMP.5 ÚLT.CAMP.'!J15<>0,'03_CUADRYGRÁF.COMP.5 ÚLT.CAMP.'!J15,NA()) -> 563.77397 | E52: =+AVERAGE('03_CUADRYGRÁF.COMP.5 ÚLT.CAMP.'!F15:I15) -> 455.89864 | J52: May | K52: =+IF('03_CUADRYGRÁF.COMP.5 ÚLT.CAMP.'!J49<>0,'03_CUADRYGRÁF.COMP.5 ÚLT.CAMP.'!J49,NA()) -> 764.24827 | L52: =+AVERAGE('03_CUADRYGRÁF.COMP.5 ÚLT.CAMP.'!F49:I49) -> 707.26316
C53: Jun | D53: =+IF('03_CUADRYGRÁF.COMP.5 ÚLT.CAMP.'!J16<>0,'03_CUADRYGRÁF.COMP.5 ÚLT.CAMP.'!J16,NA()) -> 449.60961 | E53: =+AVERAGE('03_CUADRYGRÁF.COMP.5 ÚLT.CAMP.'!F16:I16) -> 367.09439 | J53: Jun | K53: =+IF('03_CUADRYGRÁF.COMP.5 ÚLT.CAMP.'!J50<>0,'03_CUADRYGRÁF.COMP.5 ÚLT.CAMP.'!J50,NA()) -> 646.35071 | L53: =+AVERAGE('03_CUADRYGRÁF.COMP.5 ÚLT.CAMP.'!F50:I50) -> 607.47221
C54: Jul | D54: =+IF('03_CUADRYGRÁF.COMP.5 ÚLT.CAMP.'!J17<>0,'03_CUADRYGRÁF.COMP.5 ÚLT.CAMP.'!J17,NA()) -> 321.44963 | E54: =+AVERAGE('03_CUADRYGRÁF.COMP.5 ÚLT.CAMP.'!F17:I17) -> 289.52749 | J54: Jul | K54: =+IF('03_CUADRYGRÁF.COMP.5 ÚLT.CAMP.'!J51<>0,'03_CUADRYGRÁF.COMP.5 ÚLT.CAMP.'!J51,NA()) -> 510.72753 | L54: =+AVERAGE('03_CUADRYGRÁF.COMP.5 ÚLT.CAMP.'!F51:I51) -> 515.96712
C55: Ago | D55: =+IF('03_CUADRYGRÁF.COMP.5 ÚLT.CAMP.'!J18<>0,'03_CUADRYGRÁF.COMP.5 ÚLT.CAMP.'!J18,NA()) -> 239.81247 | E55: =+AVERAGE('03_CUADRYGRÁF.COMP.5 ÚLT.CAMP.'!F18:I18) -> 227.7858 | J55: Ago | K55: =+IF('03_CUADRYGRÁF.COMP.5 ÚLT.CAMP.'!J52<>0,'03_CUADRYGRÁF.COMP.5 ÚLT.CAMP.'!J52,NA()) -> 405.92887 | L55: =+AVERAGE('03_CUADRYGRÁF.COMP.5 ÚLT.CAMP.'!F52:I52) -> 429.90045
C56: Sep | D56: =+IF('03_CUADRYGRÁF.COMP.5 ÚLT.CAMP.'!J19<>0,'03_CUADRYGRÁF.COMP.5 ÚLT.CAMP.'!J19,NA()) -> 141.15647 | E56: =+AVERAGE('03_CUADRYGRÁF.COMP.5 ÚLT.CAMP.'!F19:I19) -> 150.88426 | J56: Sep | K56: =+IF('03_CUADRYGRÁF.COMP.5 ÚLT.CAMP.'!J53<>0,'03_CUADRYGRÁF.COMP.5 ÚLT.CAMP.'!J53,NA()) -> 289.67237 | L56: =+AVERAGE('03_CUADRYGRÁF.COMP.5 ÚLT.CAMP.'!F53:I53) -> 328.33458
C57: Último dato | D57: {=_xlfn.XLOOKUP(TRUE,NOT(ISERROR(D45:D56)),D45:D56,,,-1)} -> 141.15647 | E57: =+_xlfn.XLOOKUP(D57,D45:D56,E45:E56) -> 150.88426 | J57: Último dato | K57: {=_xlfn.XLOOKUP(TRUE,NOT(ISERROR(K45:K56)),K45:K56,,,-1)} -> 289.67237 | L57: =+_xlfn.XLOOKUP(K57,K45:K56,L45:L56) -> 328.33458
C58: % VARIACIÓN: | D58: =+D57/E57-1 -> -0.064471867 | I58: % VARIACION : | K58: =+K57/L57-1 -> -0.11775249
B60: MERCADO TOTAL MENSUAL | I60: MERCADO TOTAL ACUMULADO
B61: GRÁFICO MERCADO TOTAL MENSUAL | I61: MERCADO TOTAL ACUMULADO
C62: Mes | D62: =+'04_CUADROS ACUMULADOS'!$H$7 -> 2024/25 | E62: Media 4 últimas campañas | J62: Mes | K62: =+'04_CUADROS ACUMULADOS'!$H$7 -> 2024/25 | L62: Media 4 últimas campañas
C63: Oct | D63: =+IF('02_CUADRYGRÁF.COMP.ÚLT.5 CAMP.'!G76<>0,'02_CUADRYGRÁF.COMP.ÚLT.5 CAMP.'!G76,NA()) -> 98.686902 | E63: =+AVERAGE('02_CUADRYGRÁF.COMP.ÚLT.5 CAMP.'!C76:F76) -> 120.46845 | J63: Oct | K63: =+D63 -> 98.686902 | L63: =+E63 -> 120.46845
C64: Nov | D64: =+IF('02_CUADRYGRÁF.COMP.ÚLT.5 CAMP.'!G77<>0,'02_CUADRYGRÁF.COMP.ÚLT.5 CAMP.'!G77,NA()) -> 100.37575 | E64: =+AVERAGE('02_CUADRYGRÁF.COMP.ÚLT.5 CAMP.'!C77:F77) -> 121.05365 | J64: Nov | K64: =+D64+K63 -> 199.06265 | L64: =+E64+L63 -> 241.5221
C65: Dic | D65: =+IF('02_CUADRYGRÁF.COMP.ÚLT.5 CAMP.'!G78<>0,'02_CUADRYGRÁF.COMP.ÚLT.5 CAMP.'!G78,NA()) -> 123.94804 | E65: =+AVERAGE('02_CUADRYGRÁF.COMP.ÚLT.5 CAMP.'!C78:F78) -> 115.81258 | J65: Dic | K65: =+D65+K64 -> 323.01069 | L65: =+E65+L64 -> 357.33468
C66: Ene | D66: =+IF('02_CUADRYGRÁF.COMP.ÚLT.5 CAMP.'!G79<>0,'02_CUADRYGRÁF.COMP.ÚLT.5 CAMP.'!G79,NA()) -> 138.73428 | E66: =+AVERAGE('02_CUADRYGRÁF.COMP.ÚLT.5 CAMP.'!C79:F79) -> 107.89783 | J66: Ene | K66: =+D66+K65 -> 461.74497 | L66: =+E66+L65 -> 465.23251
C67: Feb | D67: =+IF('02_CUADRYGRÁF.COMP.ÚLT.5 CAMP.'!G80<>0,'02_CUADRYGRÁF.COMP.ÚLT.5 CAMP.'!G80,NA()) -> 131.19692 | E67: =+AVERAGE('02_CUADRYGRÁF.COMP.ÚLT.5 CAMP.'!C80:F80) -> 115.17154 | J67: Feb | K67: =+D67+K66 -> 592.94189 | L67: =+E67+L66 -> 580.40405
C68: Mar | D68: =+IF('02_CUADRYGRÁF.COMP.ÚLT.5 CAMP.'!G81<>0,'02_CUADRYGRÁF.COMP.ÚLT.5 CAMP.'!G81,NA()) -> 140.58751 | E68: =+AVERAGE('02_CUADRYGRÁF.COMP.ÚLT.5 CAMP.'!C81:F81) -> 123.04332 | J68: Mar | K68: =+D68+K67 -> 733.5294 | L68: =+E68+L67 -> 703.44737
C69: Abr | D69: =+IF('02_CUADRYGRÁF.COMP.ÚLT.5 CAMP.'!G82<>0,'02_CUADRYGRÁF.COMP.ÚLT.5 CAMP.'!G82,NA()) -> 134.45097 | E69: =+AVERAGE('02_CUADRYGRÁF.COMP.ÚLT.5 CAMP.'!C82:F82) -> 122.21407 | J69: Abr | K69: =+D69+K68 -> 867.98037 | L69: =+E69+L68 -> 825.66145
C70: May | D70: =+IF('02_CUADRYGRÁF.COMP.ÚLT.5 CAMP.'!G83<>0,'02_CUADRYGRÁF.COMP.ÚLT.5 CAMP.'!G83,NA()) -> 136.20976 | E70: =+AVERAGE('02_CUADRYGRÁF.COMP.ÚLT.5 CAMP.'!C83:F83) -> 123.82243 | J70: May | K70: =+D70+K69 -> 1004.1901 | L70: =+E70+L69 -> 949.48388
C71: Jun | D71: =+IF('02_CUADRYGRÁF.COMP.ÚLT.5 CAMP.'!G84<>0,'02_CUADRYGRÁF.COMP.ÚLT.5 CAMP.'!G84,NA()) -> 132.43856 | E71: =+AVERAGE('02_CUADRYGRÁF.COMP.ÚLT.5 CAMP.'!C84:F84) -> 115.61653 | J71: Jun | K71: =+D71+K70 -> 1136.6287 | L71: =+E71+L70 -> 1065.1004
C72: Jul | D72: =+IF('02_CUADRYGRÁF.COMP.ÚLT.5 CAMP.'!G85<>0,'02_CUADRYGRÁF.COMP.ÚLT.5 CAMP.'!G85,NA()) -> 148.73318 | E72: =+AVERAGE('02_CUADRYGRÁF.COMP.ÚLT.5 CAMP.'!C85:F85) -> 107.51584 | J72: Jul | K72: =+D72+K71 -> 1285.3619 | L72: =+E72+L71 -> 1172.6163
C73: Ago | D73: =+IF('02_CUADRYGRÁF.COMP.ÚLT.5 CAMP.'!G86<>0,'02_CUADRYGRÁF.COMP.ÚLT.5 CAMP.'!G86,NA()) -> 111.56366 | E73: =+AVERAGE('02_CUADRYGRÁF.COMP.ÚLT.5 CAMP.'!C86:F86) -> 100.79504 | J73: Ago | K73: =+D73+K72 -> 1396.9255 | L73: =+E73+L72 -> 1273.4113
C74: Sep | D74: =+IF('02_CUADRYGRÁF.COMP.ÚLT.5 CAMP.'!G87<>0,'02_CUADRYGRÁF.COMP.ÚLT.5 CAMP.'!G87,NA()) -> 127.4245 | E74: =+AVERAGE('02_CUADRYGRÁF.COMP.ÚLT.5 CAMP.'!C87:F87) -> 117.33722 | J74: Sep | K74: =+D74+K73 -> 1524.35 | L74: =+E74+L73 -> 1390.7485
C75: Acumulado | D75: =SUMIF(D63:D74, "<>#N/D") -> 1524.35 | E75: =SUMIF(D63:D74,"<>#N/D",E63:E74) -> 1390.7485 | J75: Acumulado | K75: {=_xlfn.XLOOKUP(TRUE,NOT(ISERROR(K63:K74)),K63:K74,,,-1)} -> 1524.35 | L75: =+_xlfn.XLOOKUP(K75,K63:K74,L63:L74) -> 1390.7485
B76: MEDIA MENSUAL 25/26: | D76: =AVERAGEIF(D63:D74,"<>#N/D") -> 127.02917 | I76: % VARIACION : | K76: =+K75/L75-1 -> 0.096064476
B78: Fuente: SIMO

Sheet 06_ALMAZARAS.BALANCE DE CAMPAÑA
C1: 06_ALMAZARAS_BALANCE DE CAMPAÑA
C4: COMUNIDAD AUTÓNOMA | D4: PROVINCIA | E4: ALMAZARAS | H4: EXISTENCIAS A 1 DE OCTUBRE | I4: ENTRADAS | K4: SALIDAS TOTALES | L4: EXISTENCIAS FINALES
E6: *Nº TOTAL | F6: **Nº DATOS | G6: **DATOS (-%) | I6: PRODUCCIÓN | J6: OTRAS E.
C7: ANDALUCÍA | D7: ALMERÍA | E7: 30 | F7: 28 | G7: 0.93333333 | H7: 593.3 | I7: 4413.9 | J7: 0 | K7: 4754.6 | L7: 252.6
D8: CÁDIZ | E8: 20 | F8: 20 | G8: 1 | H8: 1068.8 | I8: 8416.9 | J8: 0 | K8: 9223.7 | L8: 262
D9: CÓRDOBA | E9: 186 | F9: 181 | G9: 0.97311828 | H9: 12563.3 | I9: 291821.1 | J9: 22621.9 | K9: 307135.6 | L9: 19870.7
D10: GRANADA | E10: 106 | F10: 100 | G10: 0.94339623 | H10: 3109.3 | I10: 124387.4 | J10: 3356.2 | K10: 114324.5 | L10: 16528.4
D11: HUELVA | E11: 21 | F11: 20 | G11: 0.95238095 | H11: 910.6 | I11: 8388 | J11: 481.6 | K11: 7883.7 | L11: 1896.5
D12: JAÉN | E12: 332 | F12: 325 | G12: 0.97891566 | H12: 29637.5 | I12: 563094 | J12: 35458.2 | K12: 550344.2 | L12: 77845.5
D13: MÁLAGA | E13: 78 | F13: 78 | G13: 1 | H13: 1280.9 | I13: 35476.9 | J13: 26 | K13: 35605.8 | L13: 1178
D14: SEVILLA | E14: 92 | F14: 88 | G14: 0.95652174 | H14: 5485.3 | I14: 111876.4 | J14: 1220.5 | K14: 114869.1 | L14: 3713.1
D15: TOTAL: | E15: 865 | F15: 840 | G15: 0.97109827 | H15: 54649 | I15: 1147874.6 | J15: 63164.4 | K15: 1144141.2 | L15: 121546.8
C16: ARAGÓN | D16: HUESCA | E16: 27 | F16: 27 | G16: 1 | H16: 92.8 | I16: 1821.5 | J16: 0 | K16: 1828.7 | L16: 85.6
D17: TERUEL | E17: 27 | F17: 27 | G17: 1 | H17: 1110.7 | I17: 1733 | J17: 0 | K17: 2617.2 | L17: 226.5
D18: ZARAGOZA | E18: 42 | F18: 42 | G18: 1 | H18: 383.2 | I18: 3920.1 | J18: 0 | K18: 3690.2 | L18: 613.1
D19: TOTAL: | E19: 96 | F19: 96 | G19: 1 | H19: 1586.7 | I19: 7474.6 | J19: 0 | K19: 8136.1 | L19: 925.2
C20: BALEARES | D20: BALEARES | E20: 25 | F20: 23 | G20: 0.92 | H20: 68.5 | I20: 245 | J20: 0 | K20: 302.5 | L20: 11
D21: TOTAL: | E21: 25 | F21: 23 | G21: 0.92 | H21: 68.5 | I21: 245 | J21: 0 | K21: 302.5 | L21: 11
C22: COMUNIDAD VALENCIANA | D22: ALICANTE | E22: 44 | F22: 43 | G22: 0.97727273 | H22: 312.6 | I22: 3776.7 | J22: 0 | K22: 3814 | L22: 275.3
D23: CASTELLÓN | E23: 46 | F23: 44 | G23: 0.95652174 | H23: 511.8 | I23: 255 | J23: 0 | K23: 742.5 | L23: 24.3
D24: VALENCIA | E24: 52 | F24: 52 | G24: 1 | H24: 305.5 | I24: 1121.2 | J24: 0 | K24: 1328.4 | L24: 98.3
D25: TOTAL: | E25: 142 | F25: 139 | G25: 0.97887324 | H25: 1129.9 | I25: 5152.9 | J25: 0 | K25: 5884.9 | L25: 397.9
C26: CANARIAS | D26: LAS PALMAS | E26: 2 | F26: 2 | G26: 1 | H26: 0 | I26: 0 | J26: 0 | K26: 0 | L26: 0
D27: STA. CRUZ DE TENERIFE | E27: 2 | F27: 2 | G27: 1 | H27: 0 | I27: 1.4 | J27: 0 | K27: 1.4 | L27: 0
D28: TOTAL: | E28: 4 | F28: 4 | G28: 1 | H28: 0 | I28: 1.4 | J28: 0 | K28: 1.4 | L28: 0
C29: CASTILLA-LA MANCHA | D29: ALBACETE | E29: 40 | F29: 39 | G29: 0.975 | H29: 1480.9 | I29: 10327.3 | J29: 172.9 | K29: 10796.7 | L29: 1184.4
D30: CIUDAD REAL | E30: 79 | F30: 77 | G30: 0.97468354 | H30: 7141.3 | I30: 72785.1 | J30: 2088.4 | K30: 77146.5 | L30: 4868.3
D31: CUENCA | E31: 26 | F31: 26 | G31: 1 | H31: 511.5 | I31: 5218.6 | J31: 0 | K31: 4914.4 | L31: 815.7
D32: GUADALAJARA | E32: 8 | F32: 7 | G32: 0.875 | H32: 127.4 | I32: 2301.6 | J32: 0 | K32: 1923.2 | L32: 505.8
D33: TOLEDO | E33: 110 | F33: 111 | G33: 1.0090909 | H33: 4740 | I33: 56001.2 | J33: 1282 | K33: 59028.8 | L33: 2994.4
D34: TOTAL: | E34: 263 | F34: 260 | G34: 0.98859316 | H34: 14001.1 | I34: 146633.8 | J34: 3543.3 | K34: 153809.6 | L34: 10368.6
C35: CASTILLA Y LEÓN | D35: ÁVILA | E35: 11 | F35: 11 | G35: 1 | H35: 21.6 | I35: 806.2 | J35: 0 | K35: 819.4 | L35: 8.4
D36: SALAMANCA | E36: 5 | F36: 4 | G36: 0.8 | H36: 3.2 | I36: 206.3 | J36: 0 | K36: 206 | L36: 3.5
D37: SORIA | E37: 1 | F37: 1 | G37: 1 | H37: 0 | I37: 0.4 | J37: 0 | K37: 0.4 | L37: 0
D38: OTRAS | E38: 3 | F38: 3 | G38: 1 | H38: 45.3 | I38: 414.6 | J38: 0 | K38: 321.7 | L38: 138.2
D39: TOTAL: | E39: 20 | F39: 19 | G39: 0.95 | H39: 70.1 | I39: 1427.5 | J39: 0 | K39: 1347.5 | L39: 150.1
C40: CATALUÑA | D40: BARCELONA | E40: 13 | F40: 11 | G40: 0.84615385 | H40: 3.3 | I40: 652.5 | J40: 0 | K40: 643.4 | L40: 12.4
D41: GIRONA | E41: 13 | F41: 13 | G41: 1 | H41: 9.2 | I41: 536.2 | J41: 0 | K41: 525.8 | L41: 19.6
D42: LLEIDA | E42: 57 | F42: 57 | G42: 1 | H42: 290.8 | I42: 8447.2 | J42: 0 | K42: 8434.7 | L42: 303.3
D43: TARRAGONA | E43: 94 | F43: 87 | G43: 0.92553191 | H43: 985.3 | I43: 5685.5 | J43: 50.2 | K43: 6255.4 | L43: 465.6
D44: TOTAL: | E44: 177 | F44: 168 | G44: 0.94915254 | H44: 1288.6 | I44: 15321.4 | J44: 50.2 | K44: 15859.3 | L44: 800.9
C45: EXTREMADURA | D45: BADAJOZ | E45: 87 | F45: 87 | G45: 1 | H45: 2631.7 | I45: 70752.3 | J45: 931.5 | K45: 72066.9 | L45: 2248.6
D46: CÁCERES | E46: 46 | F46: 46 | G46: 1 | H46: 603.3 | I46: 7170.4 | J46: 0 | K46: 7418.7 | L46: 355
D47: TOTAL: | E47: 133 | F47: 133 | G47: 1 | H47: 3235 | I47: 77922.7 | J47: 931.5 | K47: 79485.6 | L47: 2603.6
C48: GALICIA | D48: TODAS | E48: 3 | F48: 3 | G48: 1 | H48: 4.1 | I48: 7.4 | J48: 0 | K48: 7.7 | L48: 3.8
D49: TOTAL: | E49: 3 | F49: 3 | G49: 1 | H49: 4.1 | I49: 7.4 | J49: 0 | K49: 7.7 | L49: 3.8
C50: LA RIOJA | D50: LA RIOJA | E50: 23 | F50: 23 | G50: 1 | H50: 192.4 | I50: 2847.4 | J50: 0 | K50: 2794.6 | L50: 245.2
D51: TOTAL: | E51: 23 | F51: 23 | G51: 1 | H51: 192.4 | I51: 2847.4 | J51: 0 | K51: 2794.6 | L51: 245.2
C52: MADRID | D52: MADRID | E52: 21 | F52: 21 | G52: 1 | H52: 236.7 | I52: 4708.4 | J52: 0 | K52: 4608.6 | L52: 336.5
D53: TOTAL: | E53: 21 | F53: 21 | G53: 1 | H53: 236.7 | I53: 4708.4 | J53: 0 | K53: 4608.6 | L53: 336.5
C54: MURCIA | D54: MURCIA | E54: 48 | F54: 44 | G54: 0.91666667 | H54: 510.7 | I54: 4326.1 | J54: 0 | K54: 4374.8 | L54: 462
D55: TOTAL: | E55: 48 | F55: 44 | G55: 0.91666667 | H55: 510.7 | I55: 4326.1 | J55: 0 | K55: 4374.8 | L55: 462
C56: NAVARRA | D56: NAVARRA | E56: 18 | F56: 18 | G56: 1 | H56: 128.1 | I56: 7029.3 | J56: 25.1 | K56: 6821.7 | L56: 360.8
D57: TOTAL: | E57: 18 | F57: 18 | G57: 1 | H57: 128.1 | I57: 7029.3 | J57: 25.1 | K57: 6821.7 | L57: 360.8
C58: PAÍS VASCO | D58: TODAS | E58: 4 | F58: 4 | G58: 1 | H58: 0 | I58: 124.3 | J58: 0 | K58: 124.3 | L58: 0
D59: TOTAL: | E59: 4 | F59: 4 | G59: 1 | H59: 0 | I59: 124.3 | J59: 0 | K59: 124.3 | L59: 0
C60: TOTAL NACIONAL | E60: 1842 | F60: 1795 | G60: 0.97448426 | H60: 77100.9 | I60: 1421096.8 | J60: 67714.5 | K60: 1427699.8 | L60: 138212.4
C62: * Número de Almazaras Existentes en la Campaña
C63: ** Número de Almazaras que han Declarado en la Campaña para el Mes Indicado
C64: Datos Expresados en Toneladas | L64: Fuente: SIMO

Sheet 07_ALMAZARAS.ACEITE PRODUCIDO
E1: 07_ALMAZARAS_ACEITE PRODUCIDO
E4: COMUNIDAD AUTÓNOMA | F4: PROVINCIA | G4: OCTUBRE | H4: NOVIEMBRE | I4: DICIEMBRE | J4: ENERO | K4: FEBRERO | L4: MARZO | M4: ABRIL | N4: MAYO | O4: AJUSTES | P4: TOTAL
E5: ANDALUCÍA | F5: ALMERÍA | G5: 466.4 | H5: 2166.6 | I5: 1578.4 | J5: 173.7 | K5: 15.8 | L5: 0 | M5: 0 | N5: 0 | O5: 13 | P5: 4413.9
F6: CÁDIZ | G6: 887.1 | H6: 4002.5 | I6: 3021.9 | J6: 475.1 | K6: 16.1 | L6: 0 | M6: 0 | N6: 0 | O6: 14.2 | P6: 8416.9
F7: CÓRDOBA | G7: 5358.3 | H7: 56193 | I7: 115664.6 | J7: 68933.4 | K7: 37384.7 | L7: 5367.1 | M7: 1805.9 | N7: 57.9 | O7: 1056.2 | P7: 291821.1
F8: GRANADA | G8: 315.1 | H8: 15595.4 | I8: 53818.2 | J8: 35775.3 | K8: 15614.7 | L8: 1838 | M8: 516.4 | N8: 114.4 | O8: 799.9 | P8: 124387.4
F9: HUELVA | G9: 963.4 | H9: 4338.7 | I9: 2879.1 | J9: 151.3 | K9: 5.6 | L9: 0 | M9: 0 | N9: 0 | O9: 49.9 | P9: 8388
F10: JAÉN | G10: 5583.8 | H10: 65248.8 | I10: 234272.4 | J10: 172798.4 | K10: 79467.3 | L10: 2956 | M10: 384 | N10: 40.6 | O10: 2342.7 | P10: 563094
F11: MÁLAGA | G11: 1273.8 | H11: 8916.6 | I11: 13633.1 | J11: 7259 | K11: 3272.9 | L11: 564.8 | M11: 353.4 | N11: 7.7 | O11: 195.6 | P11: 35476.9
F12: SEVILLA | G12: 13566 | H12: 36557.2 | I12: 45240.9 | J12: 14028.5 | K12: 1815.6 | L12: 146.6 | M12: 0 | N12: 0 | O12: 521.6 | P12: 111876.4
F13: TOTAL : | G13: 28413.9 | H13: 193018.8 | I13: 470108.6 | J13: 299594.7 | K13: 137592.7 | L13: 10872.5 | M13: 3059.7 | N13: 220.6 | O13: 4993.1 | P13: 1147874.6
E14: ARAGÓN | F14: HUESCA | G14: 77.6 | H14: 1041.3 | I14: 620 | J14: 81.5 | K14: 0 | L14: 0.3 | M14: 0 | N14: 0 | O14: 0.8 | P14: 1821.5
F15: TERUEL | G15: 62.8 | H15: 1019.9 | I15: 395.4 | J15: 198.9 | K15: 16.3 | L15: 0 | M15: 7.7 | N15: 0 | O15: 32 | P15: 1733
F16: ZARAGOZA | G16: 64.9 | H16: 1643 | I16: 1880.1 | J16: 291.4 | K16: 16.9 | L16: 0 | M16: 0 | N16: 0 | O16: 23.8 | P16: 3920.1
F17: TOTAL : | G17: 205.3 | H17: 3704.2 | I17: 2895.5 | J17: 571.8 | K17: 33.2 | L17: 0.3 | M17: 7.7 | N17: 0 | O17: 56.6 | P17: 7474.6
E18: BALEARES | F18: BALEARES | G18: 162.2 | H18: 80 | I18: 2.8 | J18: 0 | K18: 0 | L18: 0 | M18: 0 | N18: 0 | O18: 0 | P18: 245
F19: TOTAL : | G19: 162.2 | H19: 80 | I19: 2.8 | J19: 0 | K19: 0 | L19: 0 | M19: 0 | N19: 0 | O19: 0 | P19: 245
E20: COMUNIDAD VALENCIANA | F20: ALICANTE | G20: 222.8 | H20: 1217.8 | I20: 1337.9 | J20: 777.3 | K20: 180.9 | L20: 22.5 | M20: 0 | N20: 0 | O20: 17.5 | P20: 3776.7
F21: CASTELLÓN | G21: 69 | H21: 150.6 | I21: 31.9 | J21: 1.6 | K21: 0 | L21: 0 | M21: 0 | N21: 0 | O21: 1.9 | P21: 255
F22: VALENCIA | G22: 84.9 | H22: 669.5 | I22: 351.8 | J22: 12.2 | K22: 0 | L22: 0 | M22: 0 | N22: 0 | O22: 2.8 | P22: 1121.2
F23: TOTAL : | G23: 376.7 | H23: 2037.9 | I23: 1721.6 | J23: 791.1 | K23: 180.9 | L23: 22.5 | M23: 0 | N23: 0 | O23: 22.2 | P23: 5152.9
E24: CANARIAS | F24: LAS PALMAS | G24: 0 | H24: 0 | I24: 0 | J24: 0 | K24: 0 | L24: 0 | M24: 0 | N24: 0 | O24: 0 | P24: 0
F25: STA. CRUZ DE TENERIFE | G25: 1.4 | H25: 0 | I25: 0 | J25: 0 | K25: 0 | L25: 0 | M25: 0 | N25: 0 | O25: 0 | P25: 1.4
F26: TOTAL : | G26: 1.4 | H26: 0 | I26: 0 | J26: 0 | K26: 0 | L26: 0 | M26: 0 | N26: 0 | O26: 0 | P26: 1.4
E27: CASTILLA-LA MANCHA | F27: ALBACETE | G27: 109.7 | H27: 3650.2 | I27: 5520.3 | J27: 901.2 | K27: 113.7 | L27: 16.4 | M27: 0 | N27: 0 | O27: 15.8 | P27: 10327.3
F28: CIUDAD REAL | G28: 282.7 | H28: 10917.1 | I28: 36765.7 | J28: 20296.2 | K28: 3896.6 | L28: 37.7 | M28: 0 | N28: 0 | O28: 589.1 | P28: 72785.1
F29: CUENCA | G29: 10.9 | H29: 767.8 | I29: 2881.3 | J29: 1230.2 | K29: 293.1 | L29: 14.8 | M29: 7.4 | N29: 0 | O29: 13.1 | P29: 5218.6
F30: GUADALAJARA | G30: 0 | H30: 202.6 | I30: 889.1 | J30: 637.7 | K30: 462.7 | L30: 94.4 | M30: 15.1 | N30: 0 | O30: 0 | P30: 2301.6
F31: TOLEDO | G31: 270.2 | H31: 5521.2 | I31: 22649.9 | J31: 17203.1 | K31: 8964.5 | L31: 996.2 | M31: 29.3 | N31: 0 | O31: 366.8 | P31: 56001.2
F32: TOTAL : | G32: 673.5 | H32: 21058.9 | I32: 68706.3 | J32: 40268.4 | K32: 13730.6 | L32: 1159.5 | M32: 51.8 | N32: 0 | O32: 984.8 | P32: 146633.8
E33: CASTILLA Y LEÓN | F33: ÁVILA | G33: 0 | H33: 330.2 | I33: 475.2 | J33: 0.7 | K33: 0 | L33: 0 | M33: 0 | N33: 0 | O33: 0.1 | P33: 806.2
F34: SALAMANCA | G34: 10.9 | H34: 175.2 | I34: 19.2 | J34: 0 | K34: 0 | L34: 0 | M34: 0 | N34: 0 | O34: 1 | P34: 206.3
F35: SORIA | G35: 0 | H35: 0.4 | I35: 0 | J35: 0 | K35: 0 | L35: 0 | M35: 0 | N35: 0 | O35: 0 | P35: 0.4
F36: OTRAS | G36: 0 | H36: 330 | I36: 84.6 | J36: 0 | K36: 0 | L36: 0 | M36: 0 | N36: 0 | O36: 0 | P36: 414.6
F37: TOTAL : | G37: 10.9 | H37: 835.8 | I37: 579 | J37: 0.7 | K37: 0 | L37: 0 | M37: 0 | N37: 0 | O37: 1.1 | P37: 1427.5
E38: CATALUÑA | F38: BARCELONA | G38: 84.6 | H38: 381.9 | I38: 157.2 | J38: 14.7 | K38: 0 | L38: 0 | M38: 0 | N38: 0 | O38: 14.1 | P38: 652.5
F39: GIRONA | G39: 58.2 | H39: 303 | I39: 159.7 | J39: 15.3 | K39: 0 | L39: 0 | M39: 0 | N39: 0 | O39: 0 | P39: 536.2
F40: LLEIDA | G40: 438.3 | H40: 4014.1 | I40: 3414.8 | J40: 406.9 | K40: 0 | L40: 0 | M40: 0 | N40: 0 | O40: 173.1 | P40: 8447.2
F41: TARRAGONA | G41: 457 | H41: 3339.7 | I41: 1522.5 | J41: 220.3 | K41: 93.7 | L41: 0 | M41: 0 | N41: 0 | O41: 52.3 | P41: 5685.5
F42: TOTAL : | G42: 1038.1 | H42: 8038.7 | I42: 5254.2 | J42: 657.2 | K42: 93.7 | L42: 0 | M42: 0 | N42: 0 | O42: 239.5 | P42: 15321.4
E43: EXTREMADURA | F43: BADAJOZ | G43: 4452.5 | H43: 25767.4 | I43: 33500.4 | J43: 5832.8 | K43: 835.2 | L43: 44.6 | M43: 15.6 | N43: 0 | O43: 303.8 | P43: 70752.3
F44: CÁCERES | G44: 715.9 | H44: 2742.2 | I44: 3269 | J44: 399.8 | K44: 9.9 | L44: 0 | M44: 0 | N44: 0 | O44: 33.6 | P44: 7170.4
F45: TOTAL : | G45: 5168.4 | H45: 28509.6 | I45: 36769.4 | J45: 6232.6 | K45: 845.1 | L45: 44.6 | M45: 15.6 | N45: 0 | O45: 337.4 | P45: 77922.7
E46: GALICIA | F46: TODAS | G46: 0 | H46: 0.4 | I46: 6.9 | J46: 0 | K46: 0 | L46: 0 | M46: 0 | N46: 0 | O46: 0.1 | P46: 7.4
F47: TOTAL : | G47: 0 | H47: 0.4 | I47: 6.9 | J47: 0 | K47: 0 | L47: 0 | M47: 0 | N47: 0 | O47: 0.1 | P47: 7.4
E48: LA RIOJA | F48: LA RIOJA | G48: 14.3 | H48: 1337 | I48: 1492.7 | J48: 3.4 | K48: 0 | L48: 0 | M48: 0 | N48: 0 | O48: 0 | P48: 2847.4
F49: TOTAL : | G49: 14.3 | H49: 1337 | I49: 1492.7 | J49: 3.4 | K49: 0 | L49: 0 | M49: 0 | N49: 0 | O49: 0 | P49: 2847.4
E50: MADRID | F50: MADRID | G50: 10.9 | H50: 347.9 | I50: 1944.1 | J50: 1471.6 | K50: 860.8 | L50: 46.9 | M50: 15.4 | N50: 0 | O50: 10.8 | P50: 4708.4
F51: TOTAL : | G51: 10.9 | H51: 347.9 | I51: 1944.1 | J51: 1471.6 | K51: 860.8 | L51: 46.9 | M51: 15.4 | N51: 0 | O51: 10.8 | P51: 4708.4
E52: MURCIA | F52: MURCIA | G52: 549.4 | H52: 2454.9 | I52: 1104.3 | J52: 183.1 | K52: 7.8 | L52: 0 | M52: 0 | N52: 0 | O52: 26.6 | P52: 4326.1
F53: TOTAL : | G53: 549.4 | H53: 2454.9 | I53: 1104.3 | J53: 183.1 | K53: 7.8 | L53: 0 | M53: 0 | N53: 0 | O53: 26.6 | P53: 4326.1
E54: NAVARRA | F54: NAVARRA | G54: 71 | H54: 3935.3 | I54: 3006.5 | J54: 13.9 | K54: 0 | L54: 0 | M54: 0 | N54: 0 | O54: 2.6 | P54: 7029.3
F55: TOTAL : | G55: 71 | H55: 3935.3 | I55: 3006.5 | J55: 13.9 | K55: 0 | L55: 0 | M55: 0 | N55: 0 | O55: 2.6 | P55: 7029.3
E56: PAÍS VASCO | F56: TODAS | G56: 0 | H56: 55 | I56: 30.2 | J56: 37.1 | K56: 0 | L56: 0 | M56: 0 | N56: 0 | O56: 2 | P56: 124.3
F57: TOTAL : | G57: 0 | H57: 55 | I57: 30.2 | J57: 37.1 | K57: 0 | L57: 0 | M57: 0 | N57: 0 | O57: 2 | P57: 124.3
E58: TOTAL NACIONAL | G58: 36696 | H58: 265414.4 | I58: 593622.1 | J58: 349825.6 | K58: 153344.8 | L58: 12146.3 | M58: 3150.2 | N58: 220.6 | O58: 6676.8 | P58: 1421096.8
E60: Datos expresados en Toneladas
E61: Fuente: SIMO

Sheet 08_ALMAZ POR TIPO.PRODUCCIÓN
E2: 08_ALMAZARAS_ALMAZARAS POR TIPO_PRODUCCIÓN
G6: ALMAZARAS Nº | L6: PRODUCCIÓN
G7: TOTALES | H7: COOPERATIVAS | J7: INDUSTRIALES | L7: TOTALES | M7: COOPERATIVAS | O7: INDUSTRIALES
E8: COMUNIDAD AUTÓNOMA | F8: PROVINCIA | G8: Nº | H8: Nº | I8: % | J8: Nº | K8: % | L8: Toneladas | M8: Toneladas | N8: % | O8: Toneladas | P8: %
E9: ANDALUCÍA | F9: ALMERÍA | G9: 28 | H9: 5 | I9: 0.17857143 | J9: 23 | K9: 0.82142857 | L9: 4413.9 | M9: 536.2 | N9: 0.12147987 | O9: 3877.7 | P9: 0.87852013
F10: CÁDIZ | G10: 20 | H10: 4 | I10: 0.2 | J10: 16 | K10: 0.8 | L10: 8416.9 | M10: 6853.9 | N10: 0.81430218 | O10: 1563 | P10: 0.18569782
F11: CÓRDOBA | G11: 187 | H11: 72 | I11: 0.38502674 | J11: 115 | K11: 0.61497326 | L11: 291821.1 | M11: 163627.9 | N11: 0.56071305 | O11: 128193.2 | P11: 0.43928695
F12: GRANADA | G12: 103 | H12: 48 | I12: 0.46601942 | J12: 55 | K12: 0.53398058 | L12: 124387.4 | M12: 82438.7 | N12: 0.66275764 | O12: 41948.7 | P12: 0.33724236
F13: HUELVA | G13: 21 | H13: 15 | I13: 0.71428571 | J13: 6 | K13: 0.28571429 | L13: 8388 | M13: 2674.1 | N13: 0.31880067 | O13: 5713.9 | P13: 0.68119933
F14: JAÉN | G14: 330 | H14: 182 | I14: 0.55151515 | J14: 148 | K14: 0.44848485 | L14: 563094 | M14: 389456.4 | N14: 0.69163657 | O14: 173637.6 | P14: 0.30836343
F15: MÁLAGA | G15: 78 | H15: 41 | I15: 0.52564103 | J15: 37 | K15: 0.47435897 | L15: 35476.9 | M15: 30712.8 | N15: 0.86571262 | O15: 4764.1 | P15: 0.13428738
F16: SEVILLA | G16: 90 | H16: 50 | I16: 0.55555556 | J16: 40 | K16: 0.44444444 | L16: 111876.4 | M16: 66396.6 | N16: 0.59348174 | O16: 45479.8 | P16: 0.40651826
F17: TOTAL CCAA: | G17: 857 | H17: 417 | I17: 0.4865811 | J17: 440 | K17: 0.5134189 | L17: 1147874.6 | M17: 742696.6 | N17: 0.64701893 | O17: 405178 | P17: 0.35298107
E18: ARAGÓN | F18: HUESCA | G18: 27 | H18: 10 | I18: 0.37037037 | J18: 17 | K18: 0.62962963 | L18: 1821.5 | M18: 546.2 | N18: 0.29986275 | O18: 1275.3 | P18: 0.70013725
F19: TERUEL | G19: 27 | H19: 15 | I19: 0.55555556 | J19: 12 | K19: 0.44444444 | L19: 1733 | M19: 316.4 | N19: 0.18257357 | O19: 1416.6 | P19: 0.81742643
F20: ZARAGOZA | G20: 43 | H20: 25 | I20: 0.58139535 | J20: 18 | K20: 0.41860465 | L20: 3920.1 | M20: 1699.4 | N20: 0.43350935 | O20: 2220.7 | P20: 0.56649065
F21: TOTAL CCAA: | G21: 97 | H21: 50 | I21: 0.51546392 | J21: 47 | K21: 0.48453608 | L21: 7474.6 | M21: 2562 | N21: 0.34276082 | O21: 4912.6 | P21: 0.65723918
E22: BALEARES | F22: BALEARES | G22: 23 | H22: 5 | I22: 0.2173913 | J22: 18 | K22: 0.7826087 | L22: 245 | M22: 98.2 | N22: 0.40081633 | O22: 146.8 | P22: 0.59918367
F23: TOTAL CCAA: | G23: 23 | H23: 5 | I23: 0.2173913 | J23: 18 | K23: 0.7826087 | L23: 245 | M23: 98.2 | N23: 0.40081633 | O23: 146.8 | P23: 0.59918367
E24: CANARIAS | F24: LAS PALMAS | G24: 2 | H24: 0 | I24: 0 | J24: 2 | K24: 1 | L24: 0 | M24: 0 | N24: 0 | O24: 0 | P24: 0
F25: STA. CRUZ DE TENERIFE | G25: 2 | H25: 1 | I25: 0.5 | J25: 1 | K25: 0.5 | L25: 1.4 | M25: 1.4 | N25: 1 | O25: 0 | P25: 0
F26: TOTAL CCAA: | G26: 4 | H26: 1 | I26: 0.25 | J26: 3 | K26: 0.75 | L26: 1.4 | M26: 1.4 | N26: 1 | O26: 0 | P26: 0
E27: CASTILLA-LA MANCHA | F27: ALBACETE | G27: 39 | H27: 14 | I27: 0.35897436 | J27: 25 | K27: 0.64102564 | L27: 10327.3 | M27: 4817.9 | N27: 0.46652078 | O27: 5509.4 | P27: 0.53347922
F28: CIUDAD REAL | G28: 79 | H28: 43 | I28: 0.5443038 | J28: 36 | K28: 0.4556962 | L28: 72785.1 | M28: 40578.5 | N28: 0.55751108 | O28: 32206.6 | P28: 0.44248892
F29: CUENCA | G29: 27 | H29: 12 | I29: 0.44444444 | J29: 15 | K29: 0.55555556 | L29: 5218.6 | M29: 2194.3 | N29: 0.42047676 | O29: 3024.3 | P29: 0.57952324
F30: GUADALAJARA | G30: 7 | H30: 1 | I30: 0.14285714 | J30: 6 | K30: 0.85714286 | L30: 2301.6 | M30: 25.1 | N30: 0.010905457 | O30: 2276.5 | P30: 0.98909454
F31: TOLEDO | G31: 112 | H31: 57 | I31: 0.50892857 | J31: 55 | K31: 0.49107143 | L31: 56001.2 | M31: 39134.3 | N31: 0.69881181 | O31: 16866.9 | P31: 0.30118819
F32: TOTAL CCAA: | G32: 264 | H32: 127 | I32: 0.48106061 | J32: 137 | K32: 0.51893939 | L32: 146633.8 | M32: 86750.1 | N32: 0.59161053 | O32: 59883.7 | P32: 0.40838947
E33: CASTILLA Y LEÓN | F33: ÁVILA | G33: 11 | H33: 8 | I33: 0.72727273 | J33: 3 | K33: 0.27272727 | L33: 806.2 | M33: 273.6 | N33: 0.33936988 | O33: 532.6 | P33: 0.66063012
F34: SALAMANCA | G34: 5 | H34: 3 | I34: 0.6 | J34: 2 | K34: 0.4 | L34: 206.3 | M34: 68.8 | N34: 0.33349491 | O34: 137.5 | P34: 0.66650509
F35: SORIA | G35: 1 | H35: 0 | I35: 0 | J35: 1 | K35: 1 | L35: 0.4 | M35: 0 | N35: 0 | O35: 0.4 | P35: 1
F36: OTRAS | G36: 3 | H36: 1 | I36: 0.33333333 | J36: 2 | K36: 0.66666667 | L36: 414.6 | M36: 38 | N36: 0.091654607 | O36: 376.6 | P36: 0.90834539
F37: TOTAL CCAA: | G37: 20 | H37: 12 | I37: 0.6 | J37: 8 | K37: 0.4 | L37: 1427.5 | M37: 380.4 | N37: 0.26647986 | O37: 1047.1 | P37: 0.73352014
E38: CATALUÑA | F38: BARCELONA | G38: 13 | H38: 2 | I38: 0.15384615 | J38: 11 | K38: 0.84615385 | L38: 652.5 | M38: 51.9 | N38: 0.07954023 | O38: 600.6 | P38: 0.92045977
F39: GIRONA | G39: 13 | H39: 3 | I39: 0.23076923 | J39: 10 | K39: 0.76923077 | L39: 536.2 | M39: 311.8 | N39: 0.58149944 | O39: 224.4 | P39: 0.41850056
F40: LLEIDA | G40: 57 | H40: 26 | I40: 0.45614035 | J40: 31 | K40: 0.54385965 | L40: 8447.2 | M40: 5593.1 | N40: 0.66212473 | O40: 2854.1 | P40: 0.33787527
F41: TARRAGONA | G41: 90 | H41: 55 | I41: 0.61111111 | J41: 35 | K41: 0.38888889 | L41: 5685.5 | M41: 4051.2 | N41: 0.71254947 | O41: 1634.3 | P41: 0.28745053
F42: TOTAL CCAA: | G42: 173 | H42: 86 | I42: 0.49710983 | J42: 87 | K42: 0.50289017 | L42: 15321.4 | M42: 10008 | N42: 0.65320402 | O42: 5313.4 | P42: 0.34679598
E43: EXTREMADURA | F43: BADAJOZ | G43: 88 | H43: 40 | I43: 0.45454545 | J43: 48 | K43: 0.54545455 | L43: 70752.3 | M43: 47591.8 | N43: 0.67265375 | O43: 23160.5 | P43: 0.32734625
F44: CÁCERES | G44: 48 | H44: 21 | I44: 0.4375 | J44: 27 | K44: 0.5625 | L44: 7170.4 | M44: 1350.4 | N44: 0.1883298 | O44: 5820 | P44: 0.8116702
F45: TOTAL CCAA: | G45: 136 | H45: 61 | I45: 0.44852941 | J45: 75 | K45: 0.55147059 | L45: 77922.7 | M45: 48942.2 | N45: 0.62808655 | O45: 28980.5 | P45: 0.37191345
E46: GALICIA | F46: TODAS | G46: 3 | H46: 0 | I46: 0 | J46: 3 | K46: 1 | L46: 7.4 | M46: 0 | N46: 0 | O46: 7.4 | P46: 1
F47: TOTAL CCAA: | G47: 3 | H47: 0 | I47: 0 | J47: 3 | K47: 1 | L47: 7.4 | M47: 0 | N47: 0 | O47: 7.4 | P47: 1
E48: MADRID | F48: MADRID | G48: 21 | H48: 13 | I48: 0.61904762 | J48: 8 | K48: 0.38095238 | L48: 4708.4 | M48: 3649.2 | N48: 0.77504035 | O48: 1059.2 | P48: 0.22495965
F49: TOTAL CCAA: | G49: 21 | H49: 13 | I49: 0.61904762 | J49: 8 | K49: 0.38095238 | L49: 4708.4 | M49: 3649.2 | N49: 0.77504035 | O49: 1059.2 | P49: 0.22495965
E50: MURCIA | F50: MURCIA | G50: 44 | H50: 10 | I50: 0.22727273 | J50: 34 | K50: 0.77272727 | L50: 4326.1 | M50: 645.1 | N50: 0.14911814 | O50: 3681 | P50: 0.85088186
F51: TOTAL CCAA: | G51: 44 | H51: 10 | I51: 0.22727273 | J51: 34 | K51: 0.77272727 | L51: 4326.1 | M51: 645.1 | N51: 0.14911814 | O51: 3681 | P51: 0.85088186
E52: NAVARRA | F52: NAVARRA | G52: 19 | H52: 9 | I52: 0.47368421 | J52: 10 | K52: 0.52631579 | L52: 7029.3 | M52: 3145 | N52: 0.44741297 | O52: 3884.3 | P52: 0.55258703
F53: TOTAL CCAA: | G53: 19 | H53: 9 | I53: 0.47368421 | J53: 10 | K53: 0.52631579 | L53: 7029.3 | M53: 3145 | N53: 0.44741297 | O53: 3884.3 | P53: 0.55258703
E54: PAÍS VASCO | F54: TODAS | G54: 4 | H54: 1 | I54: 0.25 | J54: 3 | K54: 0.75 | L54: 124.3 | M54: 37.1 | N54: 0.29847144 | O54: 87.2 | P54: 0.70152856
F55: TOTAL CCAA: | G55: 4 | H55: 1 | I55: 0.25 | J55: 3 | K55: 0.75 | L55: 124.3 | M55: 37.1 | N55: 0.29847144 | O55: 87.2 | P55: 0.70152856
E56: LA RIOJA | F56: LA RIOJA | G56: 23 | H56: 11 | I56: 0.47826087 | J56: 12 | K56: 0.52173913 | L56: 2847.4 | M56: 767.3 | N56: 0.26947391 | O56: 2080.1 | P56: 0.73052609
F57: TOTAL CCAA: | G57: 23 | H57: 11 | I57: 0.47826087 | J57: 12 | K57: 0.52173913 | L57: 2847.4 | M57: 767.3 | N57: 0.26947391 | O57: 2080.1 | P57: 0.73052609
E58: COMUNIDAD VALENCIANA | F58: ALICANTE | G58: 44 | H58: 23 | I58: 0.52272727 | J58: 21 | K58: 0.47727273 | L58: 3776.7 | M58: 2345.8 | N58: 0.62112426 | O58: 1430.9 | P58: 0.37887574
F59: CASTELLÓN | G59: 45 | H59: 32 | I59: 0.71111111 | J59: 13 | K59: 0.28888889 | L59: 255 | M59: 180.9 | N59: 0.70941176 | O59: 74.1 | P59: 0.29058824
F60: VALENCIA | G60: 52 | H60: 41 | I60: 0.78846154 | J60: 11 | K60: 0.21153846 | L60: 1121.2 | M60: 945.1 | N60: 0.84293614 | O60: 176.1 | P60: 0.15706386
F61: TOTAL CCAA: | G61: 141 | H61: 96 | I61: 0.68085106 | J61: 45 | K61: 0.31914894 | L61: 5152.9 | M61: 3471.8 | N61: 0.67375653 | O61: 1681.1 | P61: 0.32624347
E62: TOTAL NACIONAL | G62: 1829 | H62: 899 | I62: 0.49152542 | J62: 930 | K62: 0.50847458 | L62: 1421096.8 | M62: 903154.4 | N62: 0.63553334 | O62: 517942.4 | P62: 0.36446666
E64: * Almazaras que han notificado su producción al menos una vez en la campaña.
E65: Datos expresados en Toneladas
E66: Fuente: SIMO

Sheet 09_ALMAZ.PROD. POR CAMYTIPO 
B4: 09_ALMAZARAS_PRODUCCIÓN POR CAMPAÑAS Y TIPO
B8: ALMAZARAS COOPERATIVAS
B21: Campaña | C21: 20/21 | D21: 21/22 | E21: 22/23 | F21: 23/24 | G21: 24/25
B22: % Nº Empresas | C22: 50.109529 | D22: 49.755302 | E22: 49.89083 | F22: 49.400871 | G22: 49.152542
B23: % Producción | C23: 65.418312 | D23: 64.693101 | E23: 59.039253 | F23: 58.851403 | G23: 63.553335
B26: ALMAZARAS INDUSTRIALES
B39: Campaña | C39: 20/21 | D39: 21/22 | E39: 22/23 | F39: 23/24 | G39: 24/25
B40: % Nº Empresas | C40: 49.890471 | D40: 50.244698 | E40: 50.10917 | F40: 50.599129 | G40: 50.847458
B41: % Producción | C41: 34.581688 | D41: 35.306899 | E41: 40.960747 | F41: 41.148597 | G41: 36.446665
B43: Fuente: SIMO

Sheet 10_ALMAZ.RES.ANUAL SAL.NET.ACEI
D2: 10_ALMAZARAS_RESUMEN ANUAL DE SALIDAS NETAS DE ACEITE
D6: COMUNIDAD AUTÓNOMA | E6: PROVINCIA | F6: OCTUBRE | G6: NOVIEMBRE | H6: DICIEMBRE | I6: ENERO | J6: FEBRERO | K6: MARZO | L6: ABRIL | M6: MAYO | N6: JUNIO | O6: JULIO | P6: AGOSTO | Q6: SEPTIEMBRE | R6: TOTAL
D7: ANDALUCÍA | E7: ALMERÍA | F7: 525.2 | G7: 718.8 | H7: 696.8 | I7: 541.4 | J7: 398.5 | K7: 514.8 | L7: 172.3 | M7: 274.4 | N7: 141.1 | O7: 284.4 | P7: 272.3 | Q7: 214.6 | R7: 4754.6
E8: CÁDIZ | F8: 1077.7 | G8: 1078.2 | H8: 963.7 | I8: 824.3 | J8: 530.3 | K8: 661.2 | L8: 485.4 | M8: 1278.9 | N8: 1225.6 | O8: 670.7 | P8: 117.4 | Q8: 310.3 | R8: 9223.7
E9: CÓRDOBA | F9: 10197.6 | G9: 17608 | H9: 35464.8 | I9: 49602.8 | J9: 35457.8 | K9: 32482.5 | L9: 27250.7 | M9: 23693.1 | N9: 21537.3 | O9: 23717.9 | P9: 13944.2 | Q9: 16178.9 | R9: 307135.6
E10: GRANADA | F10: 1923.6 | G10: 3701.8 | H10: 11833.9 | I10: 15314.8 | J10: 12085.1 | K10: 9479.2 | L10: 9594.4 | M10: 11698.8 | N10: 11641.5 | O10: 12903.1 | P10: 5653.7 | Q10: 8494.6 | R10: 114324.5
E11: HUELVA | F11: 979 | G11: 874.5 | H11: 1506.5 | I11: 852.3 | J11: 873.5 | K11: 292.7 | L11: 364.1 | M11: 246.4 | N11: 251.9 | O11: 668.4 | P11: 562.6 | Q11: 411.8 | R11: 7883.7
E12: JAÉN | F12: 22149.6 | G12: 20097 | H12: 38963.6 | I12: 60772.7 | J12: 52795.2 | K12: 46725.7 | L12: 41779 | M12: 46695.5 | N12: 49429.4 | O12: 61430.2 | P12: 48130.8 | Q12: 61375.5 | R12: 550344.2
E13: MÁLAGA | F13: 1322.2 | G13: 2846.1 | H13: 5294.5 | I13: 5295.5 | J13: 3703.5 | K13: 4078.8 | L13: 3910.8 | M13: 3404.9 | N13: 2003.4 | O13: 2023.7 | P13: 701.5 | Q13: 1020.9 | R13: 35605.8
E14: SEVILLA | F14: 10784.2 | G14: 14566.2 | H14: 14480.9 | I14: 12495.2 | J14: 10188 | K14: 10905.6 | L14: 9660.9 | M14: 10182.3 | N14: 8752.6 | O14: 5721.7 | P14: 3705.6 | Q14: 3425.9 | R14: 114869.1
E15: TOTAL: | F15: 48959.1 | G15: 61490.6 | H15: 109204.7 | I15: 145699 | J15: 116031.9 | K15: 105140.5 | L15: 93217.6 | M15: 97474.3 | N15: 94982.8 | O15: 107420.1 | P15: 73088.1 | Q15: 91432.5 | R15: 1144141.2
D16: ARAGÓN | E16: HUESCA | F16: 78.5 | G16: 683.1 | H16: 513.3 | I16: 221.4 | J16: 100.1 | K16: 30.5 | L16: 24.5 | M16: 19.9 | N16: 20.3 | O16: 9.5 | P16: 48.8 | Q16: 78.8 | R16: 1828.7
E17: TERUEL | F17: 495.4 | G17: 304.5 | H17: 307.3 | I17: 215.5 | J17: 251.8 | K17: 120.4 | L17: 66 | M17: 86.9 | N17: 177.2 | O17: 379.5 | P17: 93.4 | Q17: 119.3 | R17: 2617.2
E18: ZARAGOZA | F18: 92.6 | G18: 211.9 | H18: 426.3 | I18: 679 | J18: 557.1 | K18: 368.1 | L18: 435.9 | M18: 339.7 | N18: 215.3 | O18: 167.3 | P18: 74.2 | Q18: 122.8 | R18: 3690.2
E19: TOTAL: | F19: 666.5 | G19: 1199.5 | H19: 1246.9 | I19: 1115.9 | J19: 909 | K19: 519 | L19: 526.4 | M19: 446.5 | N19: 412.8 | O19: 556.3 | P19: 216.4 | Q19: 320.9 | R19: 8136.1
D20: BALEARES | E20: BALEARES | F20: 78.2 | G20: 58.1 | H20: 12.5 | I20: 19.4 | J20: 17.6 | K20: 15.2 | L20: 18.8 | M20: 15.3 | N20: 14.9 | O20: 15.3 | P20: 12 | Q20: 25.2 | R20: 302.5
E21: TOTAL: | F21: 78.2 | G21: 58.1 | H21: 12.5 | I21: 19.4 | J21: 17.6 | K21: 15.2 | L21: 18.8 | M21: 15.3 | N21: 14.9 | O21: 15.3 | P21: 12 | Q21: 25.2 | R21: 302.5
D22: COMUNIDAD VALENCIANA | E22: ALICANTE | F22: 101.5 | G22: 439.6 | H22: 532 | I22: 658.7 | J22: 266.5 | K22: 357.4 | L22: 520.9 | M22: 443.2 | N22: 235.1 | O22: 124.9 | P22: 59.7 | Q22: 74.5 | R22: 3814
E23: CASTELLÓN | F23: 271.9 | G23: 178.7 | H23: 90.5 | I23: 49.1 | J23: 66.8 | K23: 15.5 | L23: 7.5 | M23: 7.7 | N23: 3.4 | O23: 6.3 | P23: 4.3 | Q23: 40.8 | R23: 742.5
E24: VALENCIA | F24: 94.5 | G24: 206 | H24: 295.9 | I24: 190.7 | J24: 151.5 | K24: 146.8 | L24: 84.9 | M24: 43.3 | N24: 51.2 | O24: 25.2 | P24: 13.9 | Q24: 24.5 | R24: 1328.4
E25: TOTAL: | F25: 467.9 | G25: 824.3 | H25: 918.4 | I25: 898.5 | J25: 484.8 | K25: 519.7 | L25: 613.3 | M25: 494.2 | N25: 289.7 | O25: 156.4 | P25: 77.9 | Q25: 139.8 | R25: 5884.9
D26: CANARIAS | E26: LAS PALMAS | F26: 0 | G26: 0 | H26: 0 | I26: 0 | J26: 0 | K26: 0 | L26: 0 | M26: 0 | N26: 0 | O26: 0 | P26: 0 | Q26: 0 | R26: 0
E27: STA. CRUZ DE TENERIFE | F27: 1.4 | G27: 0 | H27: 0 | I27: 0 | J27: 0 | K27: 0 | L27: 0 | M27: 0 | N27: 0 | O27: 0 | P27: 0 | Q27: 0 | R27: 1.4
E28: TOTAL: | F28: 1.4 | G28: 0 | H28: 0 | I28: 0 | J28: 0 | K28: 0 | L28: 0 | M28: 0 | N28: 0 | O28: 0 | P28: 0 | Q28: 0 | R28: 1.4
D29: CASTILLA-LA MANCHA | E29: ALBACETE | F29: 702.6 | G29: 868.1 | H29: 1430.1 | I29: 1465.9 | J29: 1039.2 | K29: 1355 | L29: 982.5 | M29: 499.5 | N29: 620.5 | O29: 777.6 | P29: 478.8 | Q29: 576.9 | R29: 10796.7
E30: CIUDAD REAL | F30: 3796.8 | G30: 3212.5 | H30: 9715.4 | I30: 9466.5 | J30: 6868.7 | K30: 8152.5 | L30: 7995.7 | M30: 5728.6 | N30: 6020.7 | O30: 8272.9 | P30: 4023.9 | Q30: 3892.3 | R30: 77146.5
E31: CUENCA | F31: 182.1 | G31: 147.1 | H31: 318.5 | I31: 500.7 | J31: 653.4 | K31: 520.5 | L31: 729.8 | M31: 466.8 | N31: 394.7 | O31: 467.6 | P31: 260.5 | Q31: 272.7 | R31: 4914.4
E32: GUADALAJARA | F32: 19.1 | G32: 22.9 | H32: 115.2 | I32: 309.9 | J32: 173.3 | K32: 292.4 | L32: 93.3 | M32: 47.6 | N32: 307.1 | O32: 184.4 | P32: 114.2 | Q32: 243.8 | R32: 1923.2
E33: TOLEDO | F33: 3005.5 | G33: 2451.9 | H33: 3961.3 | I33: 7588.1 | J33: 6563.8 | K33: 4783.4 | L33: 3603.3 | M33: 5344.6 | N33: 6134.5 | O33: 7665.7 | P33: 3966.9 | Q33: 3959.8 | R33: 59028.8
E34: TOTAL: | F34: 7706.1 | G34: 6702.5 | H34: 15540.5 | I34: 19331.1 | J34: 15298.4 | K34: 15103.8 | L34: 13404.6 | M34: 12087.1 | N34: 13477.5 | O34: 17368.2 | P34: 8844.3 | Q34: 8945.5 | R34: 153809.6
D35: CASTILLA Y LEÓN | E35: ÁVILA | F35: 0 | G35: 3.4 | H35: 89.4 | I35: 430.2 | J35: 29.8 | K35: 27 | L35: 7.7 | M35: 127.6 | N35: 7.3 | O35: 68.5 | P35: 1.1 | Q35: 27.4 | R35: 819.4
E36: SALAMANCA | F36: 0.5 | G36: 0.3 | H36: 28.7 | I36: 82.8 | J36: 0.1 | K36: 67.3 | L36: 19.5 | M36: 2 | N36: 1.6 | O36: 1.3 | P36: 1.3 | Q36: 0.6 | R36: 206
E37: SORIA | F37: 0 | G37: 0 | H37: 0 | I37: 0 | J37: 0.2 | K37: 0.2 | L37: 0 | M37: 0 | N37: 0 | O37: 0 | P37: 0 | Q37: 0 | R37: 0.4
E38: OTRAS | F38: 19.9 | G38: 8.8 | H38: 13.2 | I38: 13.8 | J38: 10.7 | K38: 23.1 | L38: 10.3 | M38: 48.1 | N38: 95.1 | O38: 5.8 | P38: 8.1 | Q38: 64.8 | R38: 321.7
E39: TOTAL: | F39: 20.4 | G39: 12.5 | H39: 131.3 | I39: 526.8 | J39: 40.8 | K39: 117.6 | L39: 37.5 | M39: 177.7 | N39: 104 | O39: 75.6 | P39: 10.5 | Q39: 92.8 | R39: 1347.5
D40: CATALUÑA | E40: BARCELONA | F40: 82.8 | G40: 371.4 | H40: 145.1 | I40: 25.9 | J40: 2.2 | K40: 3.9 | L40: 2.9 | M40: 1.9 | N40: 1.7 | O40: 2.5 | P40: 1.2 | Q40: 1.9 | R40: 643.4
E41: GIRONA | F41: 29 | G41: 173.3 | H41: 149.4 | I41: 51.2 | J41: 16.3 | K41: 13 | L41: 12.4 | M41: 11.7 | N41: 21.2 | O41: 15 | P41: 16.8 | Q41: 16.5 | R41: 525.8
E42: LLEIDA | F42: 345.2 | G42: 1736.6 | H42: 1860.3 | I42: 975.6 | J42: 752.5 | K42: 650.2 | L42: 339.3 | M42: 587.7 | N42: 444.7 | O42: 301.9 | P42: 128.5 | Q42: 312.2 | R42: 8434.7
E43: TARRAGONA | F43: 606.1 | G43: 1893.5 | H43: 1348.5 | I43: 665.1 | J43: 509.8 | K43: 347.7 | L43: 192.6 | M43: 131.4 | N43: 128.8 | O43: 134.3 | P43: 67.8 | Q43: 229.8 | R43: 6255.4
E44: TOTAL: | F44: 1063.1 | G44: 4174.8 | H44: 3503.3 | I44: 1717.8 | J44: 1280.8 | K44: 1014.8 | L44: 547.2 | M44: 732.7 | N44: 596.4 | O44: 453.7 | P44: 214.3 | Q44: 560.4 | R44: 15859.3
D45: EXTREMADURA | E45: BADAJOZ | F45: 2547.7 | G45: 9820.9 | H45: 10671.2 | I45: 11503 | J45: 8177.9 | K45: 7074.3 | L45: 5037.2 | M45: 4523.9 | N45: 4386.3 | O45: 4235.5 | P45: 1930.8 | Q45: 2158.2 | R45: 72066.9
E46: CÁCERES | F46: 233 | G46: 1210.9 | H46: 974.9 | I46: 1246.8 | J46: 538.6 | K46: 497.5 | L46: 722 | M46: 364.5 | N46: 391.2 | O46: 789 | P46: 230.3 | Q46: 220 | R46: 7418.7
E47: TOTAL: | F47: 2780.7 | G47: 11031.8 | H47: 11646.1 | I47: 12749.8 | J47: 8716.5 | K47: 7571.8 | L47: 5759.2 | M47: 4888.4 | N47: 4777.5 | O47: 5024.5 | P47: 2161.1 | Q47: 2378.2 | R47: 79485.6
D48: GALICIA | E48: TODAS | F48: 0 | G48: 0.1 | H48: 7 | I48: 0 | J48: 0.1 | K48: 0.1 | L48: 0.1 | M48: 0.1 | N48: 0.1 | O48: 0 | P48: 0.1 | Q48: 0 | R48: 7.7
E49: TOTAL: | F49: 0 | G49: 0.1 | H49: 7 | I49: 0 | J49: 0.1 | K49: 0.1 | L49: 0.1 | M49: 0.1 | N49: 0.1 | O49: 0 | P49: 0.1 | Q49: 0 | R49: 7.7
D50: LA RIOJA | E50: LA RIOJA | F50: 88.7 | G50: 121.5 | H50: 300.4 | I50: 289.8 | J50: 362.1 | K50: 360.1 | L50: 397.4 | M50: 239.7 | N50: 253.2 | O50: 141.9 | P50: 52.4 | Q50: 187.4 | R50: 2794.6
E51: TOTAL: | F51: 88.7 | G51: 121.5 | H51: 300.4 | I51: 289.8 | J51: 362.1 | K51: 360.1 | L51: 397.4 | M51: 239.7 | N51: 253.2 | O51: 141.9 | P51: 52.4 | Q51: 187.4 | R51: 2794.6
D52: MADRID | E52: MADRID | F52: 80 | G52: 114.7 | H52: 283.5 | I52: 546.3 | J52: 646.1 | K52: 788.1 | L52: 362.2 | M52: 461.4 | N52: 456.4 | O52: 430.8 | P52: 163.5 | Q52: 275.6 | R52: 4608.6
E53: TOTAL: | F53: 80 | G53: 114.7 | H53: 283.5 | I53: 546.3 | J53: 646.1 | K53: 788.1 | L53: 362.2 | M53: 461.4 | N53: 456.4 | O53: 430.8 | P53: 163.5 | Q53: 275.6 | R53: 4608.6
D54: MURCIA | E54: MURCIA | F54: 379.4 | G54: 1056.6 | H54: 839 | I54: 323.9 | J54: 325.5 | K54: 256.1 | L54: 400 | M54: 100.3 | N54: 212.8 | O54: 149.3 | P54: 137.9 | Q54: 194 | R54: 4374.8
E55: TOTAL: | F55: 379.4 | G55: 1056.6 | H55: 839 | I55: 323.9 | J55: 325.5 | K55: 256.1 | L55: 400 | M55: 100.3 | N55: 212.8 | O55: 149.3 | P55: 137.9 | Q55: 194 | R55: 4374.8
D56: NAVARRA | E56: NAVARRA | F56: 87.3 | G56: 976.1 | H56: 1853.8 | I56: 558.6 | J56: 1131.3 | K56: 399 | L56: 332.5 | M56: 218 | N56: 311.4 | O56: 293.7 | P56: 232.5 | Q56: 427.5 | R56: 6821.7
E57: TOTAL: | F57: 87.3 | G57: 976.1 | H57: 1853.8 | I57: 558.6 | J57: 1131.3 | K57: 399 | L57: 332.5 | M57: 218 | N57: 311.4 | O57: 293.7 | P57: 232.5 | Q57: 427.5 | R57: 6821.7
D58: PAÍS VASCO | E58: TODAS | F58: 0 | G58: 55 | H58: 18.9 | I58: 37.1 | J58: 0 | K58: 0 | L58: 0 | M58: 11.3 | N58: 0 | O58: 0 | P58: 2 | Q58: 0 | R58: 124.3
E59: TOTAL: | F59: 0 | G59: 55 | H59: 18.9 | I59: 37.1 | J59: 0 | K59: 0 | L59: 0 | M59: 11.3 | N59: 0 | O59: 0 | P59: 2 | Q59: 0 | R59: 124.3
D60: TOTAL | F60: 62378.8 | G60: 87818.1 | H60: 145506.4 | I60: 183814 | J60: 145244.9 | K60: 131805.8 | L60: 115616.8 | M60: 117347 | N60: 115889.5 | O60: 132085.8 | P60: 85213 | Q60: 104979.8 | R60: 1427699.8
D61: ** Nº de empresas que envían datos | F61: 1829 | G61: 1824 | H61: 1823 | I61: 1822 | J61: 1818 | K61: 1814 | L61: 1813 | M61: 1809 | N61: 1804 | O61: 1801 | P61: 1801 | Q61: 1795 | R61: *1.829
D63: * Almazaras que han Notificado su Producción al Menos una Vez en la Campaña.
D64: ** Almazaras que han notificado su producción en la Campaña para el mes Indicado.
D65: Salidas Netas de Aceite = Salidas Totales de Aceite - Salidas de Aceite a otras Almazaras
D66: Datos Expresados en Toneladas
D67: Fuente: SIMO

Sheet 11_ALMAZARAS.ACEITUNA MOLTURADA
B5: 11_ALMAZARAS_ACEITUNA MOLTURADA
B9: COMUNIDAD AUTÓNOMA | C9: PROVINCIA | D9: OCTUBRE | E9: NOVIEMBRE | F9: DICIEMBRE | G9: ENERO | H9: FEBRERO | I9: MARZO | J9: ABRIL | K9: MAYO | L9: TOTAL
B10: ANDALUCÍA | C10: ALMERÍA | D10: 2601.3 | E10: 12795.5 | F10: 8542.7 | G10: 770.9 | H10: 63.4 | I10: 0 | J10: 0 | K10: 0 | L10: 24773.8
C11: CÁDIZ | D11: 6040.3 | E11: 27410.9 | F11: 18220.2 | G11: 2575.1 | H11: 105.9 | I11: 0 | J11: 0 | K11: 0 | L11: 54352.4
C12: CÓRDOBA | D12: 37720.2 | E12: 399895.3 | F12: 701593.5 | G12: 350624.6 | H12: 182482.7 | I12: 25256.9 | J12: 7728.1 | K12: 206.1 | L12: 1705507.4
C13: GRANADA | D13: 2025.4 | E13: 88008.4 | F13: 261931.2 | G13: 159563 | H13: 67386.1 | I13: 8052.1 | J13: 2246.1 | K13: 336.4 | L13: 589548.7
C14: HUELVA | D14: 7105.4 | E14: 29633.5 | F14: 15804.6 | G14: 728.9 | H14: 26.8 | I14: 0 | J14: 0 | K14: 0 | L14: 53299.2
C15: JAÉN | D15: 41626.1 | E15: 412552 | F15: 1232238.4 | G15: 796995.1 | H15: 354592.8 | I15: 12493.4 | J15: 1481.3 | K15: 134.9 | L15: 2852114
C16: MÁLAGA | D16: 10072.1 | E16: 60124.4 | F16: 78927.1 | G16: 36746 | H16: 15837 | I16: 2846.3 | J16: 1801.8 | K16: 30.9 | L16: 206385.6
C17: SEVILLA | D17: 95190.8 | E17: 266170.3 | F17: 291326.1 | G17: 74293.6 | H17: 9206.1 | I17: 578.8 | J17: 0 | K17: 0 | L17: 736765.7
C18: TOTAL: | D18: 202381.6 | E18: 1296590.3 | F18: 2608583.8 | G18: 1422297.2 | H18: 629700.8 | I18: 49227.5 | J18: 13257.3 | K18: 708.3 | L18: 6222746.8
B19: ARAGÓN | C19: HUESCA | D19: 627.3 | E19: 8086.6 | F19: 3707.2 | G19: 501.8 | H19: 0 | I19: 1.7 | J19: 0 | K19: 0 | L19: 12924.6
C20: TERUEL | D20: 455.7 | E20: 7608.9 | F20: 2340.9 | G20: 1079.3 | H20: 80.4 | I20: 0 | J20: 31.2 | K20: 0 | L20: 11596.4
C21: ZARAGOZA | D21: 497.5 | E21: 12207.7 | F21: 11485.6 | G21: 1502.4 | H21: 75.1 | I21: 0 | J21: 0 | K21: 0 | L21: 25768.3
C22: TOTAL: | D22: 1580.5 | E22: 27903.2 | F22: 17533.7 | G22: 3083.5 | H22: 155.5 | I22: 1.7 | J22: 31.2 | K22: 0 | L22: 50289.3
B23: BALEARES | C23: BALEARES | D23: 1163.2 | E23: 748.7 | F23: 18.2 | G23: 0 | H23: 0 | I23: 0 | J23: 0 | K23: 0 | L23: 1930.1
C24: TOTAL: | D24: 1163.2 | E24: 748.7 | F24: 18.2 | G24: 0 | H24: 0 | I24: 0 | J24: 0 | K24: 0 | L24: 1930.1
B25: CANARIAS | C25: LAS PALMAS | D25: 0 | E25: 0 | F25: 0 | G25: 0 | H25: 0 | I25: 0 | J25: 0 | K25: 0 | L25: 0
C26: STA. CRUZ DE TENERIFE | D26: 13.5 | E26: 0.3 | F26: 0 | G26: 0 | H26: 0 | I26: 0 | J26: 0 | K26: 0 | L26: 13.8
C27: TOTAL: | D27: 13.5 | E27: 0.3 | F27: 0 | G27: 0 | H27: 0 | I27: 0 | J27: 0 | K27: 0 | L27: 13.8
B28: CASTILLA-LA MANCHA | C28: ALBACETE | D28: 858.7 | E28: 21910.7 | F28: 29034.2 | G28: 4057.3 | H28: 554.6 | I28: 78.6 | J28: 0 | K28: 0 | L28: 56494.1
C29: CIUDAD REAL | D29: 2402.1 | E29: 67549.7 | F29: 184995.4 | G29: 91964.7 | H29: 17572.5 | I29: 164.8 | J29: 0 | K29: 0 | L29: 364649.2
C30: CUENCA | D30: 113.7 | E30: 4581.5 | F30: 15455.8 | G30: 5424.7 | H30: 1571.4 | I30: 76.9 | J30: 32.8 | K30: 0 | L30: 27256.8
C31: GUADALAJARA | D31: 0 | E31: 1317.8 | F31: 4619.9 | G31: 2859.9 | H31: 1863.4 | I31: 357.3 | J31: 62.7 | K31: 0 | L31: 11081
C32: TOLEDO | D32: 2338 | E32: 38125.8 | F32: 119786 | G32: 79159.9 | H32: 41422.6 | I32: 4525.9 | J32: 137.5 | K32: 0 | L32: 285495.7
C33: TOTAL: | D33: 5712.5 | E33: 133485.5 | F33: 353891.3 | G33: 183466.5 | H33: 62984.5 | I33: 5203.5 | J33: 233 | K33: 0 | L33: 744976.8
B34: CASTILLA Y LEÓN | C34: ÁVILA | D34: 0 | E34: 2212.2 | F34: 3276.8 | G34: 6 | H34: 0 | I34: 0 | J34: 0 | K34: 0 | L34: 5495
C35: SALAMANCA | D35: 148.1 | E35: 2150.1 | F35: 149.7 | G35: 0 | H35: 0 | I35: 0 | J35: 0 | K35: 0 | L35: 2447.9
C36: SORIA | D36: 0 | E36: 2 | F36: 0 | G36: 0 | H36: 0 | I36: 0 | J36: 0 | K36: 0 | L36: 2
C37: OTRAS | D37: 0 | E37: 2207.1 | F37: 693.4 | G37: 0 | H37: 0 | I37: 0 | J37: 0 | K37: 0 | L37: 2900.5
C38: TOTAL: | D38: 148.1 | E38: 6571.4 | F38: 4119.9 | G38: 6 | H38: 0 | I38: 0 | J38: 0 | K38: 0 | L38: 10845.4
B39: CATALUÑA | C39: BARCELONA | D39: 743.3 | E39: 3124.8 | F39: 1049.7 | G39: 83.3 | H39: 0 | I39: 0 | J39: 0 | K39: 0 | L39: 5001.1
C40: GIRONA | D40: 500.6 | E40: 2659.3 | F40: 1153.6 | G40: 89.6 | H40: 0 | I40: 0 | J40: 0 | K40: 0 | L40: 4403.1
C41: LLEIDA | D41: 3418.9 | E41: 32817.8 | F41: 22417.9 | G41: 2239.9 | H41: 0 | I41: 0 | J41: 0 | K41: 0 | L41: 60894.5
C42: TARRAGONA | D42: 3700.9 | E42: 26567 | F42: 9608.6 | G42: 1117.8 | H42: 403.2 | I42: 0 | J42: 0 | K42: 0 | L42: 41397.5
C43: TOTAL: | D43: 8363.7 | E43: 65168.9 | F43: 34229.8 | G43: 3530.6 | H43: 403.2 | I43: 0 | J43: 0 | K43: 0 | L43: 111696.2
B44: EXTREMADURA | C44: BADAJOZ | D44: 34227.8 | E44: 185159.4 | F44: 205791.5 | G44: 31566.6 | H44: 3844.5 | I44: 211.7 | J44: 64.2 | K44: 0 | L44: 460865.7
C45: CÁCERES | D45: 8448.2 | E45: 25643.5 | F45: 22668.9 | G45: 2274.2 | H45: 51.8 | I45: 0 | J45: 0 | K45: 0 | L45: 59086.6
C46: TOTAL: | D46: 42676 | E46: 210802.9 | F46: 228460.4 | G46: 33840.8 | H46: 3896.3 | I46: 211.7 | J46: 64.2 | K46: 0 | L46: 519952.3
B47: GALICIA | C47: TODAS | D47: 0 | E47: 3.6 | F47: 73.7 | G47: 0 | H47: 0 | I47: 0 | J47: 0 | K47: 0 | L47: 77.3
C48: TOTAL: | D48: 0 | E48: 3.6 | F48: 73.7 | G48: 0 | H48: 0 | I48: 0 | J48: 0 | K48: 0 | L48: 77.3
B49: MADRID | C49: MADRID | D49: 94.9 | E49: 2517.7 | F49: 9795.8 | G49: 6708.8 | H49: 3553 | I49: 187.7 | J49: 57.2 | K49: 0 | L49: 22915.1
C50: TOTAL: | D50: 94.9 | E50: 2517.7 | F50: 9795.8 | G50: 6708.8 | H50: 3553 | I50: 187.7 | J50: 57.2 | K50: 0 | L50: 22915.1
B51: MURCIA | C51: MURCIA | D51: 3470 | E51: 15601.4 | F51: 6588.1 | G51: 887.4 | H51: 29 | I51: 0 | J51: 0 | K51: 0 | L51: 26575.9
C52: TOTAL: | D52: 3470 | E52: 15601.4 | F52: 6588.1 | G52: 887.4 | H52: 29 | I52: 0 | J52: 0 | K52: 0 | L52: 26575.9
B53: NAVARRA | C53: NAVARRA | D53: 603.8 | E53: 27182.1 | F53: 18074.4 | G53: 68.8 | H53: 0 | I53: 0 | J53: 0 | K53: 0 | L53: 45929.1
C54: TOTAL: | D54: 603.8 | E54: 27182.1 | F54: 18074.4 | G54: 68.8 | H54: 0 | I54: 0 | J54: 0 | K54: 0 | L54: 45929.1
B55: PAÍS VASCO | C55: TODAS | D55: 0 | E55: 355.2 | F55: 181.7 | G55: 193.4 | H55: 0 | I55: 0 | J55: 0 | K55: 0 | L55: 730.3
C56: TOTAL: | D56: 0 | E56: 355.2 | F56: 181.7 | G56: 193.4 | H56: 0 | I56: 0 | J56: 0 | K56: 0 | L56: 730.3
B57: LA RIOJA | C57: LA RIOJA | D57: 111 | E57: 8291.7 | F57: 8293.2 | G57: 15 | H57: 0 | I57: 0 | J57: 0 | K57: 0 | L57: 16710.9
C58: TOTAL: | D58: 111 | E58: 8291.7 | F58: 8293.2 | G58: 15 | H58: 0 | I58: 0 | J58: 0 | K58: 0 | L58: 16710.9
B59: COMUNIDAD VALENCIANA | C59: ALICANTE | D59: 1556.3 | E59: 7683.5 | F59: 6729 | G59: 3298.9 | H59: 712 | I59: 89.8 | J59: 0 | K59: 0 | L59: 20069.5
C60: CASTELLÓN | D60: 559.5 | E60: 1317.6 | F60: 203.2 | G60: 10.9 | H60: 0 | I60: 0 | J60: 0 | K60: 0 | L60: 2091.2
C61: VALENCIA | D61: 603.1 | E61: 4376.9 | F61: 2222.2 | G61: 88.3 | H61: 0 | I61: 0 | J61: 0 | K61: 0 | L61: 7290.5
C62: TOTAL: | D62: 2718.9 | E62: 13378 | F62: 9154.4 | G62: 3398.1 | H62: 712 | I62: 89.8 | J62: 0 | K62: 0 | L62: 29451.2
B63: TOTAL NACIONAL | D63: 269037.7 | E63: 1808600.9 | F63: 3298998.4 | G63: 1657496.1 | H63: 701434.3 | I63: 54921.9 | J63: 13642.9 | K63: 708.3 | L63: 7804840.5
B65: Datos expresados en Toneladas
B66: Fuente: SIMO

Sheet 12_ENV,REF Y OPE.EXIST.TOTAL
B1: 12_ENVASADORAS, REFINERÍAS Y OPERADORES_EXISTENCIAS TOTAL
B5: ACEITES DE OLIVA
B6: COMUNIDAD AUTÓNOMA | C6: PROVINCIA | D6: ENVASADORAS
D7: CON ALMAZARA | E7: SIN ALMAZARA | F7: AOVE | G7: AOV | H7: AO | I7: AOR | J7: TOTAL
B8: ANDALUCÍA | C8: ALMERÍA | D8: 96.6 | E8: 5.1 | F8: 82.8 | G8: 18.9 | H8: 0 | I8: 0 | J8: 101.7
C9: CÁDIZ | D9: 69.5 | E9: 15 | F9: 74.7 | G9: 8.4 | H9: 0.5 | I9: 0.9 | J9: 84.5
C10: CÓRDOBA | D10: 5824.8 | E10: 4720.2 | F10: 7580.1 | G10: 2549.2 | H10: 151.2 | I10: 264.5 | J10: 10545
C11: GRANADA | D11: 881.6 | E11: 1385 | F11: 1696.7 | G11: 534.1 | H11: 4.7 | I11: 31.1 | J11: 2266.6
C12: HUELVA | D12: 137.1 | E12: 0 | F12: 136.5 | G12: 0.6 | H12: 0 | I12: 0 | J12: 137.1
C13: JAÉN | D13: 6198.1 | E13: 3850.2 | F13: 6906.4 | G13: 2701.1 | H13: 309.5 | I13: 131.4 | J13: 10048.3
C14: MÁLAGA | D14: 1089.5 | E14: 586.1 | F14: 1059.2 | G14: 482.3 | H14: 107.7 | I14: 26.5 | J14: 1675.6
C15: SEVILLA | D15: 454.1 | E15: 1719.2 | F15: 1670.2 | G15: 66.7 | H15: 387 | I15: 49.4 | J15: 2173.3
C16: TOTAL: | D16: 14751.3 | E16: 12280.8 | F16: 19206.6 | G16: 6361.3 | H16: 960.6 | I16: 503.8 | J16: 27032.1
B17: ARAGÓN | C17: HUESCA | D17: 185.6 | E17: 38.5 | F17: 179.9 | G17: 40.1 | H17: 4.1 | I17: 0 | J17: 224.1
C18: TERUEL | D18: 69.2 | E18: 0 | F18: 49.7 | G18: 19.6 | H18: 0 | I18: 0 | J18: 69.2
C19: ZARAGOZA | D19: 127 | E19: 78.8 | F19: 186.2 | G19: 7.6 | H19: 11.9 | I19: 0 | J19: 205.8
C20: TOTAL: | D20: 381.8 | E20: 117.3 | F20: 415.8 | G20: 67.3 | H20: 16 | I20: 0 | J20: 499.1
B21: BALEARES | C21: BALEARES | D21: 9 | E21: 137.3 | F21: 68.3 | G21: 20.8 | H21: 57.2 | I21: 0 | J21: 146.3
C22: TOTAL: | D22: 9 | E22: 137.3 | F22: 68.3 | G22: 20.8 | H22: 57.2 | I22: 0 | J22: 146.3
B23: CANARIAS | C23: LAS PALMAS | D23: 0 | E23: 1 | F23: 1 | G23: 0 | H23: 0 | I23: 0 | J23: 1
C24: STA. CRUZ DE TENERIFE | D24: 0.4 | E24: 0 | F24: 0.4 | G24: 0 | H24: 0 | I24: 0 | J24: 0.4
C25: TOTAL: | D25: 0.4 | E25: 1 | F25: 1.4 | G25: 0 | H25: 0 | I25: 0 | J25: 1.4
B26: CASTILLA-LA MANCHA | C26: ALBACETE | D26: 120.7 | E26: 130.3 | F26: 170.5 | G26: 70.7 | H26: 6.7 | I26: 3.1 | J26: 251
C27: CIUDAD REAL | D27: 571.9 | E27: 2097.7 | F27: 2243.3 | G27: 422.1 | H27: 0 | I27: 4.1 | J27: 2669.6
C28: CUENCA | D28: 102.3 | E28: 1.5 | F28: 40.9 | G28: 62.9 | H28: 0 | I28: 0 | J28: 103.8
C29: GUADALAJARA | D29: 53 | E29: 0 | F29: 31.5 | G29: 21.5 | H29: 0 | I29: 0 | J29: 53
C30: TOLEDO | D30: 1552.2 | E30: 125.7 | F30: 1234 | G30: 260.1 | H30: 124 | I30: 59.8 | J30: 1677.9
C31: TOTAL: | D31: 2400.1 | E31: 2355.2 | F31: 3720.2 | G31: 837.3 | H31: 130.7 | I31: 67 | J31: 4755.3
B32: CASTILLA Y LEÓN | C32: ÁVILA | D32: 4.9 | E32: 0 | F32: 4.9 | G32: 0 | H32: 0 | I32: 0 | J32: 4.9
C33: BURGOS | D33: 0 | E33: 0.8 | F33: 0.8 | G33: 0 | H33: 0 | I33: 0 | J33: 0.8
C34: SALAMANCA | D34: 0.2 | E34: 0.1 | F34: 0.3 | G34: 0 | H34: 0 | I34: 0 | J34: 0.3
C35: SORIA | D35: 0 | E35: 0 | F35: 0 | G35: 0 | H35: 0 | I35: 0 | J35: 0
C36: OTRAS | D36: 37.7 | E36: 55.1 | F36: 83.5 | G36: 0.3 | H36: 8.9 | I36: 0 | J36: 92.8
C37: TOTAL: | D37: 42.8 | E37: 56 | F37: 89.5 | G37: 0.3 | H37: 8.9 | I37: 0 | J37: 98.8
B38: CATALUÑA | C38: BARCELONA | D38: 67.3 | E38: 325.4 | F38: 248.9 | G38: 20.6 | H38: 89.1 | I38: 34 | J38: 392.7
C39: GIRONA | D39: 51.8 | E39: 2.2 | F39: 21.6 | G39: 32.3 | H39: 0 | I39: 0 | J39: 54
C40: LLEIDA | D40: 280.2 | E40: 429.5 | F40: 625 | G40: 1.4 | H40: 81.3 | I40: 2 | J40: 709.7
C41: TARRAGONA | D41: 579.9 | E41: 575.6 | F41: 999.8 | G41: 112.6 | H41: 24 | I41: 19.2 | J41: 1155.5
C42: TOTAL: | D42: 979.2 | E42: 1332.7 | F42: 1895.3 | G42: 166.9 | H42: 194.4 | I42: 55.2 | J42: 2311.9
B43: EXTREMADURA | C43: BADAJOZ | D43: 528.1 | E43: 42.5 | F43: 400 | G43: 159.1 | H43: 9.1 | I43: 2.4 | J43: 570.6
C44: CÁCERES | D44: 134.7 | E44: 340.5 | F44: 455.2 | G44: 19 | H44: 1 | I44: 0 | J44: 475.2
C45: TOTAL: | D45: 662.8 | E45: 383 | F45: 855.2 | G45: 178.1 | H45: 10.1 | I45: 2.4 | J45: 1045.8
B46: GALICIA | C46: TODAS | D46: 0.9 | E46: 0 | F46: 0.9 | G46: 0 | H46: 0 | I46: 0 | J46: 0.9
C47: TOTAL: | D47: 0.9 | E47: 0 | F47: 0.9 | G47: 0 | H47: 0 | I47: 0 | J47: 0.9
B48: MADRID | C48: MADRID | D48: 102.5 | E48: 98.5 | F48: 158.4 | G48: 19.9 | H48: 22.7 | I48: 0 | J48: 201
C49: TOTAL: | D49: 102.5 | E49: 98.5 | F49: 158.4 | G49: 19.9 | H49: 22.7 | I49: 0 | J49: 201
B50: MURCIA | C50: MURCIA | D50: 270.3 | E50: 93.7 | F50: 176.4 | G50: 120 | H50: 67.5 | I50: 0 | J50: 364
C51: TOTAL: | D51: 270.3 | E51: 93.7 | F51: 176.4 | G51: 120 | H51: 67.5 | I51: 0 | J51: 364
B52: NAVARRA | C52: NAVARRA | D52: 229.4 | E52: 334 | F52: 435.5 | G52: 23.1 | H52: 104.8 | I52: 0 | J52: 563.4
C53: TOTAL: | D53: 229.4 | E53: 334 | F53: 435.5 | G53: 23.1 | H53: 104.8 | I53: 0 | J53: 563.4
B54: PAÍS VASCO | C54: TODAS | D54: 38.9 | E54: 209 | F54: 38.9 | G54: 0 | H54: 209 | I54: 0 | J54: 247.9
C55: TOTAL: | D55: 38.9 | E55: 209 | F55: 38.9 | G55: 0 | H55: 209 | I55: 0 | J55: 247.9
B56: LA RIOJA | C56: LA RIOJA | D56: 87.9 | E56: 96.8 | F56: 129 | G56: 52.7 | H56: 0 | I56: 3 | J56: 184.7
C57: TOTAL: | D57: 87.9 | E57: 96.8 | F57: 129 | G57: 52.7 | H57: 0 | I57: 3 | J57: 184.7
B58: COMUNIDAD VALENCIANA | C58: ALICANTE | D58: 239.5 | E58: 52.2 | F58: 216.4 | G58: 66.4 | H58: 9 | I58: 0 | J58: 291.7
C59: CASTELLÓN | D59: 134.2 | E59: 0 | F59: 80.3 | G59: 54 | H59: 0 | I59: 0 | J59: 134.2
C60: VALENCIA | D60: 441.9 | E60: 334.4 | F60: 526.9 | G60: 91.9 | H60: 157.5 | I60: 0 | J60: 776.3
C61: TOTAL: | D61: 815.6 | E61: 386.6 | F61: 823.6 | G61: 212.3 | H61: 166.5 | I61: 0 | J61: 1202.2
B62: TOTAL | D62: 20772.9 | E62: 17881.9 | F62: 28015 | G62: 8060 | H62: 1948.4 | I62: 631.4 | J62: 38654.8
B63: GRANDES ENVASADORAS* | F63: 53732.9 | G63: 19720.5 | H63: 17524.7 | I63: 10539.9 | J63: 101518
B64: OPERADORES | F64: 2890.9 | G64: 5162.3 | H64: 245.6 | I64: 44.3 | J64: 8343.1
B65: TOTAL NACIONAL | F65: 84638.8 | G65: 32942.8 | H65: 19718.7 | I65: 11215.6 | J65: 148515.9
B67: *Las existencias finales corresponden a las existencias fisicas situadas en las envasadoras junto con las de sus refinerías correspondientes.
B68: Datos expresados en Toneladas
B69: Fuente: SIMO

Sheet 13_ENV,REF Y OPE-TOTAL AC.OLIVA
E1: 13_ENVASADORAS, REFINERÍAS Y OPERADORES
E3: RESUMEN ANUAL DE EXISTENCIAS_TOTAL_ACEITES DE OLIVA
E5: Descripción: ACEITES DE OLIVA
E6: COMUNIDAD AUTÓNOMA | F6: PROVINCIA | G6: OCTUBRE | H6: NOVIEMBRE | I6: DICIEMBRE | J6: ENERO | K6: FEBRERO | L6: MARZO | M6: ABRIL | N6: MAYO | O6: JUNIO | P6: JULIO | Q6: AGOSTO | R6: SEPTIEMBRE
E7: ANDALUCÍA | F7: ALMERÍA | G7: 81.4 | H7: 90.8 | I7: 219.6 | J7: 276.5 | K7: 329 | L7: 311.1 | M7: 268.5 | N7: 268.1 | O7: 217.9 | P7: 231.2 | Q7: 174.8 | R7: 101.7
F8: CÁDIZ | G8: 142.9 | H8: 370.1 | I8: 377.3 | J8: 283 | K8: 289 | L8: 214.5 | M8: 173.4 | N8: 167.5 | O8: 166 | P8: 130.4 | Q8: 93.9 | R8: 84.5
F9: CÓRDOBA | G9: 3616.5 | H9: 4146.7 | I9: 5855 | J9: 8220 | K9: 10292.8 | L9: 14208.8 | M9: 14150.5 | N9: 13014.8 | O9: 12793.5 | P9: 14844.8 | Q9: 10977.4 | R9: 10545
F10: GRANADA | G10: 706.1 | H10: 1964.2 | I10: 6315.8 | J10: 8721.8 | K10: 9107 | L10: 7935.2 | M10: 6739.7 | N10: 5814.1 | O10: 4450.3 | P10: 3524.7 | Q10: 2461.4 | R10: 2266.6
F11: HUELVA | G11: 229.6 | H11: 543.5 | I11: 517.7 | J11: 574.8 | K11: 533.5 | L11: 525.3 | M11: 459.3 | N11: 403.6 | O11: 352.5 | P11: 272.4 | Q11: 162 | R11: 137.1
F12: JAÉN | G12: 5673.8 | H12: 6785.3 | I12: 9110.3 | J12: 11142.5 | K12: 13095.6 | L12: 11950.5 | M12: 12437.5 | N12: 13209.5 | O12: 13803.3 | P12: 13720.3 | Q12: 11612.8 | R12: 10048.3
F13: MÁLAGA | G13: 1389.1 | H13: 1222.1 | I13: 859 | J13: 1410.9 | K13: 1874.2 | L13: 1816.1 | M13: 1344.8 | N13: 1430.7 | O13: 1173.1 | P13: 1209.8 | Q13: 1342.2 | R13: 1675.6
F14: SEVILLA | G14: 1064.5 | H14: 1333.1 | I14: 1687.5 | J14: 2684 | K14: 2615.8 | L14: 3053.2 | M14: 2669.2 | N14: 2828.8 | O14: 2826.5 | P14: 2746.8 | Q14: 2405.7 | R14: 2173.3
F15: TOTAL: | G15: 12903.9 | H15: 16455.8 | I15: 24942.2 | J15: 33313.5 | K15: 38136.9 | L15: 40014.7 | M15: 38242.9 | N15: 37137.1 | O15: 35783.1 | P15: 36680.4 | Q15: 29230.2 | R15: 27032.1
E16: ARAGÓN | F16: HUESCA | G16: 135.6 | H16: 267.1 | I16: 345.9 | J16: 396.9 | K16: 460 | L16: 415.6 | M16: 349.3 | N16: 318.6 | O16: 285.2 | P16: 277.1 | Q16: 235.8 | R16: 224.1
F17: TERUEL | G17: 80 | H17: 78.3 | I17: 154.4 | J17: 213.3 | K17: 218.5 | L17: 186.8 | M17: 145.7 | N17: 149.7 | O17: 128.2 | P17: 105.3 | Q17: 78.1 | R17: 69.2
F18: ZARAGOZA | G18: 172.7 | H18: 306.7 | I18: 454.6 | J18: 624.8 | K18: 531.3 | L18: 499 | M18: 490 | N18: 487.4 | O18: 453 | P18: 437.3 | Q18: 278.8 | R18: 205.8
F19: TOTAL: | G19: 388.3 | H19: 652.1 | I19: 954.9 | J19: 1235 | K19: 1209.8 | L19: 1101.4 | M19: 985 | N19: 955.7 | O19: 866.4 | P19: 819.7 | Q19: 592.7 | R19: 499.1
E20: BALEARES | F20: BALEARES | G20: 176.8 | H20: 193.1 | I20: 195.2 | J20: 210.7 | K20: 285.4 | L20: 259.5 | M20: 193.4 | N20: 243.3 | O20: 223.3 | P20: 246 | Q20: 185.4 | R20: 146.3
F21: TOTAL: | G21: 176.8 | H21: 193.1 | I21: 195.2 | J21: 210.7 | K21: 285.4 | L21: 259.5 | M21: 193.4 | N21: 243.3 | O21: 223.3 | P21: 246 | Q21: 185.4 | R21: 146.3
E22: CANARIAS | F22: LAS PALMAS | G22: 0 | H22: 0 | I22: 0 | J22: 0 | K22: 0 | L22: 0 | M22: 0 | N22: 0 | O22: 0 | P22: 0 | Q22: 0.5 | R22: 1
F23: STA. CRUZ DE TENERIFE | G23: 3.6 | H23: 2.8 | I23: 2 | J23: 1.5 | K23: 1.3 | L23: 0.7 | M23: 0.7 | N23: 0.6 | O23: 0.5 | P23: 0.5 | Q23: 0.4 | R23: 0.4
F24: TOTAL: | G24: 3.6 | H24: 2.8 | I24: 2 | J24: 1.5 | K24: 1.3 | L24: 0.7 | M24: 0.7 | N24: 0.6 | O24: 0.5 | P24: 0.5 | Q24: 0.9 | R24: 1.4
E25: CASTILLA-LA MANCHA | F25: ALBACETE | G25: 142.6 | H25: 162.6 | I25: 246.4 | J25: 485.5 | K25: 515.4 | L25: 429.1 | M25: 313.9 | N25: 377.9 | O25: 335.6 | P25: 314.1 | Q25: 277.2 | R25: 251
F26: CIUDAD REAL | G26: 1067.4 | H26: 1104.2 | I26: 1892.1 | J26: 2401.6 | K26: 3186.3 | L26: 3233.9 | M26: 2804.2 | N26: 3346 | O26: 3518.5 | P26: 3213.1 | Q26: 2889.4 | R26: 2669.6
F27: CUENCA | G27: 74.5 | H27: 74 | I27: 89.1 | J27: 211.4 | K27: 274.9 | L27: 266.8 | M27: 208.6 | N27: 189 | O27: 169.6 | P27: 175.7 | Q27: 127.9 | R27: 103.8
F28: GUADALAJARA | G28: 19.8 | H28: 19.7 | I28: 60.9 | J28: 68.8 | K28: 96.3 | L28: 75.1 | M28: 59.4 | N28: 41.7 | O28: 60.2 | P28: 67.4 | Q28: 39.6 | R28: 53
F29: TOLEDO | G29: 990.7 | H29: 1200 | I29: 1729.6 | J29: 2499.9 | K29: 3275.9 | L29: 3680.2 | M29: 2935.1 | N29: 2575.2 | O29: 2495 | P29: 1995.5 | Q29: 1834.1 | R29: 1677.9
F30: TOTAL: | G30: 2295 | H30: 2560.5 | I30: 4018.1 | J30: 5667.2 | K30: 7348.8 | L30: 7685.1 | M30: 6321.2 | N30: 6529.8 | O30: 6578.9 | P30: 5765.8 | Q30: 5168.2 | R30: 4755.3
E31: CASTILLA Y LEÓN | F31: ÁVILA | G31: 0.5 | H31: 3.6 | I31: 54.4 | J31: 70.6 | K31: 22.9 | L31: 22.6 | M31: 17.8 | N31: 13.6 | O31: 16.4 | P31: 13.2 | Q31: 8.4 | R31: 4.9
F32: BURGOS | G32: 0 | H32: 0 | I32: 0 | J32: 1.8 | K32: 1.8 | L32: 1.8 | M32: 1.6 | N32: 1.6 | O32: 1.4 | P32: 1.4 | Q32: 1.2 | R32: 0.8
F33: SALAMANCA | G33: 1 | H33: 4.7 | I33: 31.5 | J33: 96.4 | K33: 31.3 | L33: 31.1 | M33: 31.2 | N33: 31 | O33: 1.8 | P33: 1.6 | Q33: 0.9 | R33: 0.3
F34: SORIA | G34: 0 | H34: 0 | I34: 0 | J34: 0 | K34: 0 | L34: 0 | M34: 0 | N34: 0 | O34: 0 | P34: 0 | Q34: 0 | R34: 0
F35: OTRAS | G35: 65.9 | H35: 59.9 | I35: 82.2 | J35: 89.7 | K35: 77.4 | L35: 76.8 | M35: 76.9 | N35: 70.7 | O35: 70.3 | P35: 92.2 | Q35: 89.9 | R35: 92.8
F36: TOTAL: | G36: 67.4 | H36: 68.2 | I36: 168.1 | J36: 258.5 | K36: 133.4 | L36: 132.3 | M36: 127.5 | N36: 116.9 | O36: 89.9 | P36: 108.4 | Q36: 100.4 | R36: 98.8
E37: CATALUÑA | F37: BARCELONA | G37: 261.3 | H37: 236.6 | I37: 276.2 | J37: 330.4 | K37: 369.1 | L37: 391.5 | M37: 371.7 | N37: 405.2 | O37: 438.9 | P37: 364.3 | Q37: 400.1 | R37: 392.7
F38: GIRONA | G38: 26.4 | H38: 109.4 | I38: 139 | J38: 111.5 | K38: 140.4 | L38: 132.1 | M38: 109.4 | N38: 93.5 | O38: 81.3 | P38: 65.7 | Q38: 75.7 | R38: 54
F39: LLEIDA | G39: 340.8 | H39: 881.3 | I39: 1121.2 | J39: 1300.1 | K39: 1423.7 | L39: 1452 | M39: 1356.4 | N39: 1306 | O39: 1175.3 | P39: 1043.7 | Q39: 845.9 | R39: 709.7
F40: TARRAGONA | G40: 1107.2 | H40: 1904.6 | I40: 2656.9 | J40: 3166.9 | K40: 3388.1 | L40: 3102.2 | M40: 2696.5 | N40: 2430.5 | O40: 2234.4 | P40: 1919.6 | Q40: 1498.3 | R40: 1155.5
F41: TOTAL: | G41: 1735.7 | H41: 3131.9 | I41: 4193.3 | J41: 4908.9 | K41: 5321.3 | L41: 5077.8 | M41: 4534 | N41: 4235.2 | O41: 3929.9 | P41: 3393.3 | Q41: 2820 | R41: 2311.9
E42: EXTREMADURA | F42: BADAJOZ | G42: 284.1 | H42: 442.2 | I42: 771.4 | J42: 951.1 | K42: 982.6 | L42: 972.1 | M42: 846.4 | N42: 743.2 | O42: 717.2 | P42: 675.2 | Q42: 588.1 | R42: 570.6
F43: CÁCERES | G43: 380.2 | H43: 416 | I43: 415.7 | J43: 461.6 | K43: 523.7 | L43: 517.8 | M43: 435.9 | N43: 408.7 | O43: 435.4 | P43: 368.6 | Q43: 440.1 | R43: 475.2
F44: TOTAL: | G44: 664.3 | H44: 858.2 | I44: 1187.1 | J44: 1412.7 | K44: 1506.3 | L44: 1489.9 | M44: 1282.3 | N44: 1151.9 | O44: 1152.6 | P44: 1043.8 | Q44: 1028.2 | R44: 1045.8
E45: GALICIA | F45: TODAS | G45: 1 | H45: 1 | I45: 0.9 | J45: 0.9 | K45: 0.9 | L45: 0.9 | M45: 0.9 | N45: 0.9 | O45: 0.9 | P45: 0.9 | Q45: 0.9 | R45: 0.9
F46: TOTAL: | G46: 1 | H46: 1 | I46: 0.9 | J46: 0.9 | K46: 0.9 | L46: 0.9 | M46: 0.9 | N46: 0.9 | O46: 0.9 | P46: 0.9 | Q46: 0.9 | R46: 0.9
E47: MADRID | F47: MADRID | G47: 147.8 | H47: 148.3 | I47: 201.4 | J47: 267.6 | K47: 268.4 | L47: 303.5 | M47: 278.2 | N47: 278.6 | O47: 218.5 | P47: 201.6 | Q47: 249.1 | R47: 201
F48: TOTAL: | G48: 147.8 | H48: 148.3 | I48: 201.4 | J48: 267.6 | K48: 268.4 | L48: 303.5 | M48: 278.2 | N48: 278.6 | O48: 218.5 | P48: 201.6 | Q48: 249.1 | R48: 201
E49: MURCIA | F49: MURCIA | G49: 267.9 | H49: 326 | I49: 428.7 | J49: 482.1 | K49: 602.6 | L49: 529.5 | M49: 508.8 | N49: 451.8 | O49: 436.5 | P49: 426.4 | Q49: 388.8 | R49: 364
F50: TOTAL: | G50: 267.9 | H50: 326 | I50: 428.7 | J50: 482.1 | K50: 602.6 | L50: 529.5 | M50: 508.8 | N50: 451.8 | O50: 436.5 | P50: 426.4 | Q50: 388.8 | R50: 364
E51: NAVARRA | F51: NAVARRA | G51: 172.3 | H51: 166.5 | I51: 297.8 | J51: 454.5 | K51: 434.9 | L51: 490.6 | M51: 518.3 | N51: 438.7 | O51: 468 | P51: 561.1 | Q51: 454.5 | R51: 563.4
F52: TOTAL: | G52: 172.3 | H52: 166.5 | I52: 297.8 | J52: 454.5 | K52: 434.9 | L52: 490.6 | M52: 518.3 | N52: 438.7 | O52: 468 | P52: 561.1 | Q52: 454.5 | R52: 563.4
E53: PAÍS VASCO | F53: TODAS | G53: 251.7 | H53: 269.6 | I53: 221.7 | J53: 275.8 | K53: 337.6 | L53: 323.8 | M53: 306.5 | N53: 334.8 | O53: 247.8 | P53: 329.9 | Q53: 232.1 | R53: 247.9
F54: TOTAL: | G54: 251.7 | H54: 269.6 | I54: 221.7 | J54: 275.8 | K54: 337.6 | L54: 323.8 | M54: 306.5 | N54: 334.8 | O54: 247.8 | P54: 329.9 | Q54: 232.1 | R54: 247.9
E55: LA RIOJA | F55: LA RIOJA | G55: 137 | H55: 110.1 | I55: 207 | J55: 204.5 | K55: 249.9 | L55: 279.7 | M55: 200.5 | N55: 179.7 | O55: 194.8 | P55: 304.7 | Q55: 228.1 | R55: 184.7
F56: TOTAL: | G56: 137 | H56: 110.1 | I56: 207 | J56: 204.5 | K56: 249.9 | L56: 279.7 | M56: 200.5 | N56: 179.7 | O56: 194.8 | P56: 304.7 | Q56: 228.1 | R56: 184.7
E57: COMUNIDAD VALENCIANA | F57: ALICANTE | G57: 147.3 | H57: 263.1 | I57: 347 | J57: 532.8 | K57: 633.7 | L57: 694.5 | M57: 559.9 | N57: 518 | O57: 487.3 | P57: 461.2 | Q57: 370 | R57: 291.7
F58: CASTELLÓN | G58: 90.8 | H58: 174 | I58: 104 | J58: 171.3 | K58: 289.2 | L58: 235 | M58: 221.3 | N58: 197.6 | O58: 207.6 | P58: 204.3 | Q58: 159 | R58: 134.2
F59: VALENCIA | G59: 611.7 | H59: 640.9 | I59: 770.5 | J59: 932.3 | K59: 1208.7 | L59: 1107.9 | M59: 882.5 | N59: 907.9 | O59: 905.8 | P59: 818.8 | Q59: 620.9 | R59: 776.3
F60: TOTAL: | G60: 849.8 | H60: 1078 | I60: 1221.5 | J60: 1636.4 | K60: 2131.6 | L60: 2037.4 | M60: 1663.7 | N60: 1623.5 | O60: 1600.7 | P60: 1484.3 | Q60: 1149.9 | R60: 1202.2
E61: TOTAL | G61: 20062.5 | H61: 26022.1 | I61: 38239.9 | J61: 50329.8 | K61: 57969.1 | L61: 59726.8 | M61: 55163.9 | N61: 53678.5 | O61: 51791.8 | P61: 51366.8 | Q61: 41829.4 | R61: 38654.8
E62: GRANDES ENVASADORAS* | G62: 62025 | H62: 63732.9 | I62: 89156 | J62: 110844.5 | K62: 125449.8 | L62: 137385.9 | M62: 139218.6 | N62: 136155.6 | O62: 135704.8 | P62: 128672.9 | Q62: 115713.3 | R62: 101518
E63: OPERADORES | G63: 4040.6 | H63: 4562.8 | I63: 8759.8 | J63: 14472.3 | K63: 16878.7 | L63: 14440.5 | M63: 12555.2 | N63: 10640.2 | O63: 9244.5 | P63: 9238.2 | Q63: 8573.7 | R63: 8343.1
E64: TOTAL NACIONAL | G64: 86128.1 | H64: 94317.8 | I64: 136155.7 | J64: 175646.6 | K64: 200297.6 | L64: 211553.2 | M64: 206937.7 | N64: 200474.3 | O64: 196741.1 | P64: 189277.9 | Q64: 166116.4 | R64: 148515.9
E65: NÚMERO DE EMPRESAS QUE ENVÍAN DATOS** | G65: 1885 | H65: 1881 | I65: 1880 | J65: 1877 | K65: 1872 | L65: 1869 | M65: 1867 | N65: 1864 | O65: 1861 | P65: 1858 | Q65: 1858 | R65: 1850
E67: * Las existencias finales corresponden a las existencias fisicas situadas en las envasadoras junto con las de sus refinerías correspondientes.
E68: ** El número de empresas consideradas como grandes envasadoras corresponde al número de instalaciones de estas más sus refinerías correspondientes.
E69: Datos expresados en Toneladas | R69: Fuente: SIMO

Sheet 14_ENV.REF Y OPE-TOTAL AC.ORUJO
E1: 14_ENVASADORAS, REFINERÍAS Y OPERADORES
E3: RESUMEN ANUAL DE EXISTENCIAS_TOTAL_ACEITES DE ORUJO
E5: Descripción: ACEITES DE ORUJO
E6: COMUNIDAD AUTÓNOMA | F6: PROVINCIA | G6: OCTUBRE | H6: NOVIEMBRE | I6: DICIEMBRE | J6: ENERO | K6: FEBRERO | L6: MARZO | M6: ABRIL | N6: MAYO | O6: JUNIO | P6: JULIO | Q6: AGOSTO | R6: SEPTIEMBRE
E7: ANDALUCÍA | F7: ALMERÍA | G7: 0 | H7: 0 | I7: 0 | J7: 0 | K7: 0 | L7: 0 | M7: 0 | N7: 0 | O7: 0 | P7: 0 | Q7: 0 | R7: 0
F8: CÁDIZ | G8: 2.4 | H8: 2.2 | I8: 2.1 | J8: 3.1 | K8: 2.8 | L8: 2.4 | M8: 1.5 | N8: 4.4 | O8: 3 | P8: 1.5 | Q8: 2.5 | R8: 5.8
F9: CÓRDOBA | G9: 667.7 | H9: 1176.6 | I9: 588.1 | J9: 704.8 | K9: 693.3 | L9: 617.1 | M9: 597.6 | N9: 492.6 | O9: 706.6 | P9: 607.7 | Q9: 578.8 | R9: 716.1
F10: GRANADA | G10: 19.7 | H10: 23.3 | I10: 31.9 | J10: 34.7 | K10: 31.2 | L10: 95.3 | M10: 111.5 | N10: 42.7 | O10: 61 | P10: 62.9 | Q10: 40 | R10: 52.2
F11: HUELVA | G11: 0 | H11: 0 | I11: 0 | J11: 0 | K11: 0 | L11: 0 | M11: 0 | N11: 0 | O11: 0 | P11: 0 | Q11: 0 | R11: 0
F12: JAÉN | G12: 164.3 | H12: 156.9 | I12: 215.7 | J12: 209.2 | K12: 193.5 | L12: 393.1 | M12: 336.1 | N12: 369.8 | O12: 283.3 | P12: 402.9 | Q12: 432.8 | R12: 413.5
F13: MÁLAGA | G13: 379.4 | H13: 358.4 | I13: 352.8 | J13: 352.3 | K13: 376 | L13: 511.7 | M13: 429.9 | N13: 516.9 | O13: 495.4 | P13: 381.2 | Q13: 334.4 | R13: 407.1
F14: SEVILLA | G14: 321 | H14: 216 | I14: 475.6 | J14: 347.2 | K14: 217.8 | L14: 380.7 | M14: 305.5 | N14: 297.9 | O14: 277.8 | P14: 329.6 | Q14: 295 | R14: 280.4
F15: TOTAL: | G15: 1554.5 | H15: 1933.4 | I15: 1666.2 | J15: 1651.3 | K15: 1514.6 | L15: 2000.3 | M15: 1782.1 | N15: 1724.3 | O15: 1827.1 | P15: 1785.8 | Q15: 1683.5 | R15: 1875.1
E16: ARAGÓN | F16: HUESCA | G16: 0 | H16: 0 | I16: 0 | J16: 0 | K16: 0 | L16: 0 | M16: 0 | N16: 0 | O16: 0 | P16: 0 | Q16: 0 | R16: 0
F17: TERUEL | G17: 0.5 | H17: 0.4 | I17: 0.1 | J17: 0.7 | K17: 0.4 | L17: 0.3 | M17: 1 | N17: 0.8 | O17: 0.6 | P17: 0.4 | Q17: 1 | R17: 0.9
F18: ZARAGOZA | G18: 5.1 | H18: 6.8 | I18: 23.5 | J18: 16.8 | K18: 9.9 | L18: 27.5 | M18: 18.6 | N18: 9.6 | O18: 28.6 | P18: 19 | Q18: 15.3 | R18: 7.6
F19: TOTAL: | G19: 5.6 | H19: 7.2 | I19: 23.6 | J19: 17.5 | K19: 10.3 | L19: 27.8 | M19: 19.6 | N19: 10.4 | O19: 29.2 | P19: 19.4 | Q19: 16.3 | R19: 8.5
E20: BALEARES | F20: BALEARES | G20: 34.4 | H20: 44 | I20: 30 | J20: 40.8 | K20: 25.8 | L20: 55.1 | M20: 27.8 | N20: 52.9 | O20: 27.6 | P20: 23.7 | Q20: 48.7 | R20: 21.6
F21: TOTAL: | G21: 34.4 | H21: 44 | I21: 30 | J21: 40.8 | K21: 25.8 | L21: 55.1 | M21: 27.8 | N21: 52.9 | O21: 27.6 | P21: 23.7 | Q21: 48.7 | R21: 21.6
E22: CANARIAS | F22: LAS PALMAS | G22: 0 | H22: 0 | I22: 0 | J22: 0 | K22: 0 | L22: 0 | M22: 0 | N22: 0 | O22: 0 | P22: 0 | Q22: 0 | R22: 0
F23: STA. CRUZ DE TENERIFE | G23: 0 | H23: 0 | I23: 0 | J23: 0 | K23: 0 | L23: 0 | M23: 0 | N23: 0 | O23: 0 | P23: 0 | Q23: 0 | R23: 0
F24: TOTAL: | G24: 0 | H24: 0 | I24: 0 | J24: 0 | K24: 0 | L24: 0 | M24: 0 | N24: 0 | O24: 0 | P24: 0 | Q24: 0 | R24: 0
E25: CASTILLA-LA MANCHA | F25: ALBACETE | G25: 4.5 | H25: 3.4 | I25: 0.9 | J25: 25.4 | K25: 23 | L25: 19.4 | M25: 15.5 | N25: 11.8 | O25: 5.4 | P25: 2.1 | Q25: 24.6 | R25: 19.7
F26: CIUDAD REAL | G26: 36.1 | H26: 76.9 | I26: 125.2 | J26: 275.4 | K26: 310.2 | L26: 391 | M26: 370.4 | N26: 398.2 | O26: 397.3 | P26: 432.5 | Q26: 457.2 | R26: 477.4
F27: CUENCA | G27: 0 | H27: 0 | I27: 0 | J27: 0 | K27: 0 | L27: 0 | M27: 0 | N27: 0 | O27: 0 | P27: 0 | Q27: 0 | R27: 0
F28: GUADALAJARA | G28: 0 | H28: 0 | I28: 0 | J28: 0 | K28: 0 | L28: 0 | M28: 0 | N28: 0 | O28: 0 | P28: 0 | Q28: 0 | R28: 0
F29: TOLEDO | G29: 158.1 | H29: 168.1 | I29: 181.8 | J29: 208.1 | K29: 256.7 | L29: 195.3 | M29: 171.8 | N29: 186.4 | O29: 234.7 | P29: 267.7 | Q29: 218.9 | R29: 251
F30: TOTAL: | G30: 198.7 | H30: 248.4 | I30: 307.9 | J30: 508.9 | K30: 589.9 | L30: 605.7 | M30: 557.7 | N30: 596.4 | O30: 637.4 | P30: 702.3 | Q30: 700.7 | R30: 748.1
E31: CASTILLA Y LEÓN | F31: ÁVILA | G31: 0 | H31: 0 | I31: 0 | J31: 0 | K31: 0 | L31: 0 | M31: 0 | N31: 0 | O31: 0 | P31: 0 | Q31: 0 | R31: 0
F32: BURGOS | G32: 0 | H32: 0 | I32: 0 | J32: 0 | K32: 0 | L32: 0 | M32: 0 | N32: 0 | O32: 0 | P32: 0 | Q32: 0 | R32: 0
F33: SALAMANCA | G33: 0 | H33: 0 | I33: 0 | J33: 0 | K33: 0 | L33: 0 | M33: 0 | N33: 0 | O33: 0 | P33: 0 | Q33: 0 | R33: 0
F34: SORIA | G34: 0 | H34: 0 | I34: 0 | J34: 0 | K34: 0 | L34: 0 | M34: 0 | N34: 0 | O34: 0 | P34: 0 | Q34: 0 | R34: 0
F35: OTRAS | G35: 15.7 | H35: 33.6 | I35: 47.8 | J35: 34.5 | K35: 19.4 | L35: 10.6 | M35: 20.7 | N35: 11 | O35: 2.4 | P35: 4.7 | Q35: 15 | R35: 18.7
F36: TOTAL: | G36: 15.7 | H36: 33.6 | I36: 47.8 | J36: 34.5 | K36: 19.4 | L36: 10.6 | M36: 20.7 | N36: 11 | O36: 2.4 | P36: 4.7 | Q36: 15 | R36: 18.7
E37: CATALUÑA | F37: BARCELONA | G37: 116.8 | H37: 113.3 | I37: 118.9 | J37: 112.6 | K37: 133.8 | L37: 159.3 | M37: 164.4 | N37: 143.9 | O37: 162 | P37: 171.5 | Q37: 181.3 | R37: 188.3
F38: GIRONA | G38: 0 | H38: 0 | I38: 0 | J38: 0 | K38: 0 | L38: 0 | M38: 0 | N38: 0 | O38: 0 | P38: 0 | Q38: 0 | R38: 0
F39: LLEIDA | G39: 18.8 | H39: 10.9 | I39: 7 | J39: 31.6 | K39: 35.6 | L39: 25.1 | M39: 41.1 | N39: 20.2 | O39: 14.6 | P39: 23.3 | Q39: 22 | R39: 20.4
F40: TARRAGONA | G40: 129.4 | H40: 144.7 | I40: 113.6 | J40: 116.4 | K40: 155.3 | L40: 124.2 | M40: 152.7 | N40: 148.3 | O40: 120.6 | P40: 115.4 | Q40: 93.8 | R40: 83.5
F41: TOTAL: | G41: 265 | H41: 268.9 | I41: 239.5 | J41: 260.6 | K41: 324.7 | L41: 308.6 | M41: 358.2 | N41: 312.4 | O41: 297.2 | P41: 310.2 | Q41: 297.1 | R41: 292.2
E42: EXTREMADURA | F42: BADAJOZ | G42: 89.3 | H42: 208.6 | I42: 106.1 | J42: 438.6 | K42: 535.9 | L42: 527.5 | M42: 256 | N42: 189.4 | O42: 110.5 | P42: 156.9 | Q42: 165 | R42: 138.3
F43: CÁCERES | G43: 29 | H43: 20.1 | I43: 16.7 | J43: 8.9 | K43: 31.8 | L43: 22.3 | M43: 20.1 | N43: 10.7 | O43: 29.1 | P43: 24.9 | Q43: 20 | R43: 14.6
F44: TOTAL: | G44: 118.3 | H44: 228.7 | I44: 122.8 | J44: 447.5 | K44: 567.7 | L44: 549.8 | M44: 276.1 | N44: 200.1 | O44: 139.6 | P44: 181.8 | Q44: 185 | R44: 152.9
E45: GALICIA | F45: TODAS | G45: 0 | H45: 0 | I45: 0 | J45: 0 | K45: 0 | L45: 0 | M45: 0 | N45: 0 | O45: 0 | P45: 0 | Q45: 0 | R45: 0
F46: TOTAL: | G46: 0 | H46: 0 | I46: 0 | J46: 0 | K46: 0 | L46: 0 | M46: 0 | N46: 0 | O46: 0 | P46: 0 | Q46: 0 | R46: 0
E47: MADRID | F47: MADRID | G47: 42.3 | H47: 43.5 | I47: 44 | J47: 37.2 | K47: 43.6 | L47: 20 | M47: 17.4 | N47: 35.2 | O47: 52.2 | P47: 52.6 | Q47: 39.9 | R47: 50.2
F48: TOTAL: | G48: 42.3 | H48: 43.5 | I48: 44 | J48: 37.2 | K48: 43.6 | L48: 20 | M48: 17.4 | N48: 35.2 | O48: 52.2 | P48: 52.6 | Q48: 39.9 | R48: 50.2
E49: MURCIA | F49: MURCIA | G49: 56.6 | H49: 15.3 | I49: 73.7 | J49: 49.5 | K49: 50.4 | L49: 45.1 | M49: 32.2 | N49: 32 | O49: 31.5 | P49: 27 | Q49: 36.2 | R49: 54.2
F50: TOTAL: | G50: 56.6 | H50: 15.3 | I50: 73.7 | J50: 49.5 | K50: 50.4 | L50: 45.1 | M50: 32.2 | N50: 32 | O50: 31.5 | P50: 27 | Q50: 36.2 | R50: 54.2
E51: NAVARRA | F51: NAVARRA | G51: 16.5 | H51: 7.1 | I51: 16.2 | J51: 13 | K51: 7.6 | L51: 24.2 | M51: 20.7 | N51: 31.3 | O51: 7.1 | P51: 22.8 | Q51: 21.9 | R51: 77.7
F52: TOTAL: | G52: 16.5 | H52: 7.1 | I52: 16.2 | J52: 13 | K52: 7.6 | L52: 24.2 | M52: 20.7 | N52: 31.3 | O52: 7.1 | P52: 22.8 | Q52: 21.9 | R52: 77.7
E53: PAÍS VASCO | F53: TODAS | G53: 0 | H53: 0 | I53: 0 | J53: 0 | K53: 0 | L53: 0 | M53: 0 | N53: 0 | O53: 0 | P53: 0 | Q53: 0 | R53: 0
F54: TOTAL: | G54: 0 | H54: 0 | I54: 0 | J54: 0 | K54: 0 | L54: 0 | M54: 0 | N54: 0 | O54: 0 | P54: 0 | Q54: 0 | R54: 0
E55: LA RIOJA | F55: LA RIOJA | G55: 22.7 | H55: 19.7 | I55: 17.7 | J55: 15.7 | K55: 17.5 | L55: 11.2 | M55: 9.2 | N55: 9.2 | O55: 9.2 | P55: 8.4 | Q55: 8.4 | R55: 8.4
F56: TOTAL: | G56: 22.7 | H56: 19.7 | I56: 17.7 | J56: 15.7 | K56: 17.5 | L56: 11.2 | M56: 9.2 | N56: 9.2 | O56: 9.2 | P56: 8.4 | Q56: 8.4 | R56: 8.4
E57: COMUNIDAD VALENCIANA | F57: ALICANTE | G57: 40.1 | H57: 26.4 | I57: 11.2 | J57: 35.7 | K57: 77.8 | L57: 58.9 | M57: 45.6 | N57: 38 | O57: 65.3 | P57: 87.9 | Q57: 47.5 | R57: 58.2
F58: CASTELLÓN | G58: 0 | H58: 0 | I58: 0 | J58: 0 | K58: 0 | L58: 0 | M58: 0 | N58: 0 | O58: 0 | P58: 0 | Q58: 0 | R58: 0
F59: VALENCIA | G59: 506.6 | H59: 367.9 | I59: 243.7 | J59: 256.5 | K59: 252.5 | L59: 221.4 | M59: 311.9 | N59: 312.1 | O59: 282.4 | P59: 362.7 | Q59: 176.9 | R59: 254.7
F60: TOTAL: | G60: 546.7 | H60: 394.3 | I60: 254.9 | J60: 292.2 | K60: 330.3 | L60: 280.3 | M60: 357.5 | N60: 350.1 | O60: 347.7 | P60: 450.6 | Q60: 224.4 | R60: 312.9
E61: TOTAL | G61: 2877 | H61: 3244.1 | I61: 2844.3 | J61: 3368.7 | K61: 3501.8 | L61: 3938.7 | M61: 3479.2 | N61: 3365.3 | O61: 3408.2 | P61: 3589.3 | Q61: 3277.1 | R61: 3620.5
E62: GRANDES ENVASADORAS* | G62: 22926.5 | H62: 23277.6 | I62: 23325.7 | J62: 27817.5 | K62: 32428.3 | L62: 34472.3 | M62: 33888.6 | N62: 38186.6 | O62: 37270 | P62: 35834.2 | Q62: 32209.2 | R62: 29789.1
E63: OPERADORES | G63: 998.7 | H63: 1686.8 | I63: 2672.4 | J63: 3249.7 | K63: 3256.2 | L63: 4133.1 | M63: 3919.9 | N63: 4858.3 | O63: 4465.6 | P63: 4025.5 | Q63: 3979.3 | R63: 3654.4
E64: TOTAL NACIONAL | G64: 26802.2 | H64: 28208.5 | I64: 28842.4 | J64: 34435.9 | K64: 39186.3 | L64: 42544.1 | M64: 41287.7 | N64: 46410.2 | O64: 45143.8 | P64: 43449 | Q64: 39465.6 | R64: 37064
E65: NÚMERO DE EMPRESAS QUE ENVÍAN DATOS** | G65: 1896 | H65: 1892 | I65: 1891 | J65: 1888 | K65: 1883 | L65: 1880 | M65: 1878 | N65: 1875 | O65: 1872 | P65: 1869 | Q65: 1869 | R65: 1861
E67: * Las existencias finales corresponden a las existencias fisicas situadas en las envasadoras junto con las de sus refinerías correspondientes.
E68: ** El número de empresas consideradas como grandes envasadoras corresponde al número de instalaciones de estas más sus refinerías correspondientes
E69: Datos expresados en Toneladas | R69: Fuente: SIMO

Sheet 15_ENV,REF Y OPE. NºEMP.ENV.DAT
B1: 15_ENVASADORAS, REFINERÍAS Y OPERADORES
B2: Nº DE EMPRESAS QUE ENVÍAN DATOS
C5: COMUNIDAD AUTÓNOMA | D5: PROVINCIA | E5: ENVASADORAS
E6: CON ALMAZARA | F6: SIN ALMAZARA | G6: TOTAL
C7: ANDALUCÍA | D7: ALMERÍA | E7: 28 | F7: 2 | G7: 30
D8: CÁDIZ | E8: 20 | F8: 4 | G8: 24
D9: CÓRDOBA | E9: 134 | F9: 23 | G9: 157
D10: GRANADA | E10: 75 | F10: 6 | G10: 81
D11: HUELVA | E11: 19 | G11: 19
D12: JAÉN | E12: 232 | F12: 32 | G12: 264
D13: MÁLAGA | E13: 60 | F13: 16 | G13: 76
D14: SEVILLA | E14: 57 | F14: 21 | G14: 78
D15: TOTAL: | E15: 625 | F15: 104 | G15: 729
C16: ARAGÓN | D16: HUESCA | E16: 27 | F16: 2 | G16: 29
D17: TERUEL | E17: 27 | G17: 27
D18: ZARAGOZA | E18: 40 | F18: 6 | G18: 46
D19: TOTAL: | E19: 94 | F19: 8 | G19: 102
C20: BALEARES | D20: BALEARES | E20: 23 | F20: 11 | G20: 34
D21: TOTAL: | E21: 23 | F21: 11 | G21: 34
C22: CANARIAS | D22: LAS PALMAS | E22: 1 | F22: 2 | G22: 3
D23: STA. CRUZ DE TENERIFE | E23: 2 | G23: 2
D24: TOTAL: | E24: 3 | F24: 2 | G24: 5
C25: CASTILLA-LA MANCHA | D25: ALBACETE | E25: 37 | F25: 6 | G25: 43
D26: CIUDAD REAL | E26: 69 | F26: 10 | G26: 79
D27: CUENCA | E27: 26 | F27: 2 | G27: 28
D28: GUADALAJARA | E28: 7 | G28: 7
D29: TOLEDO | E29: 102 | F29: 7 | G29: 109
D30: TOTAL: | E30: 241 | F30: 25 | G30: 266
C31: CASTILLA Y LEÓN | D31: ÁVILA | E31: 10 | G31: 10
D32: BURGOS | F32: 1 | G32: 1
D33: SALAMANCA | E33: 4 | F33: 2 | G33: 6
D34: SORIA | E34: 1 | G34: 1
D35: OTRAS | E35: 3 | F35: 3 | G35: 6
D36: TOTAL: | E36: 18 | F36: 6 | G36: 24
C37: CATALUÑA | D37: BARCELONA | E37: 9 | F37: 6 | G37: 15
D38: GIRONA | E38: 12 | F38: 1 | G38: 13
D39: LLEIDA | E39: 55 | F39: 7 | G39: 62
D40: TARRAGONA | E40: 81 | F40: 14 | G40: 95
D41: TOTAL: | E41: 157 | F41: 28 | G41: 185
C42: EXTREMADURA | D42: BADAJOZ | E42: 78 | F42: 5 | G42: 83
D43: CÁCERES | E43: 46 | F43: 2 | G43: 48
D44: TOTAL: | E44: 124 | F44: 7 | G44: 131
C45: GALICIA | D45: TODAS | E45: 2 | G45: 2
D46: TOTAL: | E46: 2 | F46: 0 | G46: 2
C47: MADRID | D47: MADRID | E47: 21 | F47: 3 | G47: 24
D48: TOTAL: | E48: 21 | F48: 3 | G48: 24
C49: MURCIA | D49: MURCIA | E49: 42 | F49: 4 | G49: 46
D50: TOTAL: | E50: 42 | F50: 4 | G50: 46
C51: NAVARRA | D51: NAVARRA | E51: 17 | F51: 1 | G51: 18
D52: TOTAL: | E52: 17 | F52: 1 | G52: 18
C53: PAÍS VASCO | D53: TODAS | E53: 4 | F53: 1 | G53: 5
D54: TOTAL: | E54: 4 | F54: 1 | G54: 5
C55: LA RIOJA | D55: LA RIOJA | E55: 23 | F55: 3 | G55: 26
D56: TOTAL: | E56: 23 | F56: 3 | G56: 26
C57: COMUNIDAD VALENCIANA | D57: ALICANTE | E57: 39 | F57: 5 | G57: 44
D58: CASTELLÓN | E58: 39 | F58: 1 | G58: 40
D59: VALENCIA | E59: 45 | F59: 11 | G59: 56
D60: TOTAL: | E60: 123 | F60: 17 | G60: 140
C61: TOTAL | E61: 1517 | F61: 220 | G61: 1737
C62: GRANDES ENVASADORAS* | G62: 49
C63: OPERADORES | G63: 64
C64: TOTAL NACIONAL | G64: 1850
C66: El número de empresas consideradas como grandes envasadoras corresponde al número de instalaciones de estas más sus refinerías correspondientes.
C67: Fuente: SIMO

Sheet 16_EXTRAC.EXIST.AC.ORU.CRU.GRÁF
B3: 16_EXTRACTORAS_EXISTENCIAS DE ACEITE DE ORUJO CRUDO_GRÁFICO
E8: EXISTENCIAS INICIALES | G8: AOOC PRODUCIDO | I8: SALIDA DE AOOC | K8: AJUSTES (*) | M8: EXISTENCIAS FINALES
B9: COMUNIDAD AUTÓNOMA | C9: EXTRACTORAS | D9: DATOS | E9: FÍSICO | F9: QUÍMICO | G9: FÍSICO | H9: QUÍMICO | I9: FÍSICO | J9: QUÍMICO | K9: FÍSICO | L9: QUÍMICO | M9: FÍSICO | N9: QUÍMICO
B10: ANDALUCÍA | C10: 44 | D10: 44 | E10: 190.03 | F10: 9427.91 | G10: 9064.82 | H10: 85140.06 | I10: 9330.77 | J10: 86236.46 | K10: 178.08 | L10: 1673.58 | M10: 102.16 | N10: 10005.09
B11: RESTO DE AUTONOMÍAS | C11: 23 | D11: 23 | E11: 1071.56 | F11: 4139.43 | G11: 12183.9 | H11: 19062.28 | I11: 12774.03 | J11: 17531.41 | K11: 0 | L11: 144.74 | M11: 481.43 | N11: 5815.04
B12: TOTAL NACIONAL | C12: 67 | D12: 67 | E12: 1261.59 | F12: 13567.34 | G12: 21248.72 | H12: 104202.34 | I12: 22104.8 | J12: 103767.87 | K12: 178.08 | L12: 1818.32 | M12: 583.59 | N12: 15820.13
B15: GRÁFICO ACEITE DE ORUJO DE OLIVA PRODUCIDO MES A MES
B39: Datos expresados en Toneladas.
B40: AJUSTES (*): Producidos por movimientos no declarados entre extractoras o entre instalaciones de una misma extractora (traspasos).
B41: Fuente: SIMO

Sheet 17_EXTRAC.EXIST.ORUJ.GRASO.GRÁF
B3: 17_EXTRACTORAS_EXISTENCIAS DE ORUJO GRASO_GRÁFICO
E8: EXISTENCIAS INICIALES | G8: ENTRADA ORUJO | I8: SALIDA ORUJO | K8: AJUSTES (*) | M8: EXISTENCIAS FINALES
B9: COMUNIDAD AUTÓNOMA | C9: EXTRACTORAS | D9: DATOS | E9: HÚMEDO | F9: SECO | G9: HÚMEDO | H9: SECO | I9: HÚMEDO | J9: SECO | K9: HÚMEDO | L9: SECO | M9: HÚMEDO | N9: SECO
B10: ANDALUCÍA | C10: 44 | D10: 44 | E10: 256929.07 | F10: 12526.66 | G10: 5502819.3 | H10: 1088290.9 | I10: 4218205.5 | J10: 1098698 | K10: 12941.1 | L10: 22371.59 | M10: 1554484 | N10: 24491.17
B11: RESTO DE AUTONOMÍAS | C11: 23 | D11: 23 | E11: 196915.23 | F11: 9380.19 | G11: 1299063.7 | H11: 294263.21 | I11: 1232952.9 | J11: 302335.48 | K11: -13146.78 | L11: 13250.25 | M11: 249879.2 | N11: 14558.17
B12: TOTAL NACIONAL | C12: 67 | D12: 67 | E12: 453844.3 | F12: 21906.85 | G12: 6801883 | H12: 1382554.1 | I12: 5451158.4 | J12: 1401033.5 | K12: =SUM(K10:K11) -> -205.68 | L12: 35621.84 | M12: 1804363.2 | N12: 39049.34
B15: GRÁFICO ORUJO GRASO ENTRADO MES A MES
B39: Datos expresados en Toneladas.
B40: AJUSTES (*): Producidos por movimientos no declarados entre extractoras o entre instalaciones de una misma extractora (traspasos).
B41: Fuente: SIMO
