Workbook

Sheet Informe Mensual Julio 2026
D10: INFORME MENSUAL DE LA SITUACIÓN DE MERCADO DEL SECTOR DEL ACEITE DE OLIVA Y LA ACEITUNA DE MESA
G15: CAMPAÑA 2025/26
E18: Datos a 31 de julio de 2026
A24: El Sistema de Información de los Mercados Oleícolas (SIMO) es un sistema de información en base informática, gestionado por el MAPA a través de la Agencia de Información y Control Alimentarios (AICA), que contiene el censo nacional de instalaciones y operadores oleícolas y la información de mercados resultante de las declaraciones obligatorias establecidas en el Real Decreto 861/2018, de 13 de julio. El presente INFORME MENSUAL pone a disposición de la totalidad del sector olivarero los datos consolidados de mercado de aceite de oliva, aceite de orujo de oliva y aceituna de mesa relativos al mes anterior al que se realiza esta publicación.
A36: Aviso legal: Esta información puede ser utilizada en parte o en su integridad, sin necesidad de autorización expresa, siempre que se cite la fuente de los documentos objeto de la reutilización.
A38: Elaboración: Subdirección General de Cultivos Herbáceos, Industriales y Aceite de Oliva. Dirección General de Producciones y Mercados Agrarios. Ministerio de Agricultura, Pesca y Alimentación.
A42: Título: Informe Mensual de Situación de Mercado del Aceite de Oliva y la Aceituna de Mesa.
A43: NIPO: 003-25-020-0
A44: Catálogo de Publicaciones de la Administración General del Estado: https://cpage.mpr.gob.es/

Sheet 01_BALANCE EXISTENCIAS FÍSICAS
D2: 01_BALANCE DE EXISTENCIAS FÍSICAS
B6: MES | C6: EXIST. INICIALES | D6: PRODUCCION | E6: IMPORTACIONES | F6: CONSUMO INTERIOR | G6: EXPORTACIONES | H6: EXIST. FINALES
B8: OCTUBRE | C8: 289.67157 | D8: 43.145437 | E8: 9.142 | F8: 37.725167 | G8: 77.968 | H8: 226.26584
B9: NOVIEMBRE | C9: 226.26584 | D9: 260.50073 | E9: 25.176 | F9: 46.124202 | G9: 72.297 | H9: 393.52137
B10: DICIEMBRE | C10: 393.52137 | D10: 425.2894 | E10: 27.878 | F10: 46.919313 | G10: 72.192 | H10: 727.57746
B11: ENERO | C11: 727.57746 | D11: 329.97485 | E11: 18.731 | F11: 41.017115 | G11: 79.191 | H11: 956.07519
B12: FEBRERO | C12: 956.07519 | D12: 143.39104 | E12: 21.02 | F12: 45.615915 | G12: 89.276 | H12: 985.59432
B13: MARZO | C13: 985.59432 | D13: 84.993297 | E13: 27.547 | F13: 48.161457 | G13: 97.917 | H13: 952.05616
B14: ABRIL | C14: 952.05616 | D14: 12.211432 | E14: 23.062 | F14: 32.422952 | G14: 86.625 | H14: 868.28164
B15: MAYO | C15: 868.28164 | D15: 1.4293088 | E15: 24.994 | F15: 30.781539 | G15: 85.095 | H15: 778.82841
B16: JUNIO | C16: 778.82841 | E16: 23.636 | F16: 34.92359 | G16: 83.879 | H16: 683.66182
B17: JULIO | C17: 683.66182 | E17: 16 | F17: 41.37513 | G17: 89 | H17: 569.28669
B18: AGOSTO
B19: SEPTIEMBRE
D20: =SUM(D8:D15) -> 1300.9355 | E20: =+SUM(E8:E19) -> 217.186 | F20: =+SUM(F8:F19) -> 405.06638 | G20: =+SUM(G8:G19) -> 833.44
C22: DATOS PROVISIONALES | F22: TOTAL MERCADO: | G22: =F20+G20 -> 1238.5064
B24: EXPORTACIONES | E24: EXPORTACIONES
C25: EXPORTACIONES | E25: PAÍSES TERCEROS | F25: UE
F26: ITALIA | G26: OTROS
B27: OCTUBRE | C27: 77.968 | E27: 36.524 | F27: 18.109 | G27: 23.335
B28: NOVIEMBRE | C28: 72.297 | E28: 32.292 | F28: 21.965 | G28: 18.04
B29: DICIEMBRE | C29: 72.192 | E29: 29.43 | F29: 24.281 | G29: 18.481
B30: ENERO | C30: 79.191 | E30: 26.315 | F30: 28.772 | G30: 24.104
B31: FEBRERO | C31: 89.276 | E31: 33.022 | F31: 32.152 | G31: 24.102
B32: MARZO | C32: 97.917 | E32: 38.976 | F32: 30.74 | G32: 28.201
B33: ABRIL | C33: 86.625 | E33: 36.085 | F33: 25.295 | G33: 25.245
B34: MAYO | C34: 85.095 | E34: 39.058 | F34: 24.12 | G34: 21.917
B35: JUNIO | C35: 83.879 | E35: 38.14 | F35: 23.023 | G35: 22.716
B36: JULIO | C36: 89
B37: AGOSTO
B38: SEPTIEMBRE
C39: =SUM(C27:C38) -> 833.44 | E39: =SUM(E27:E38) -> 309.842 | F39: =SUM(F27:F38) -> 228.457 | G39: =SUM(G27:G38) -> 206.141
E40: =SUM(E39:G39) -> 744.44
B43: TOTAL MERCADO INTERIOR APARENTE | E43: IMPORTACIONES
C44: TOTAL | E44: PAÍSES TERCEROS | F44: UE
F45: ITALIA | G45: OTROS
B46: OCTUBRE | C46: 37.725167 | E46: 5.243 | F46: 0.609 | G46: 3.29
B47: NOVIEMBRE | C47: 46.124202 | E47: 8.75 | F47: 0.908 | G47: 15.518
B48: DICIEMBRE | C48: 46.919313 | E48: 11.292 | F48: 1.824 | G48: 14.762
B49: ENERO | C49: 41.017115 | E49: 10.442 | F49: 0.976 | G49: 7.313
B50: FEBRERO | C50: 45.615915 | E50: 10.886 | F50: 3.281 | G50: 6.853
B51: MARZO | C51: 48.161457 | E51: 17.341 | F51: 2.523 | G51: 7.683
B52: ABRIL | C52: 32.422952 | E52: 16.607 | F52: 1.408 | G52: 5.047
B53: MAYO | C53: 30.781539 | E53: 18.237 | F53: 1.694 | G53: 5.063
B54: JUNIO | C54: 34.92359 | E54: 16.804 | F54: 1.113 | G54: 5.719
B55: JULIO | C55: 41.37513
B56: AGOSTO
B57: SEPTIEMBRE
C58: =SUM(C46:C57) -> 405.06638 | E58: =SUM(E46:E57) -> 115.602 | F58: =SUM(F46:F57) -> 14.336 | G58: =SUM(G46:G57) -> 71.248
E59: =SUM(E58:G58) -> 201.186
B61: EXISTENCIAS
C62: ALMAZARAS | D62: PATRIMONIO | E62: ENVASADORAS / OPERADORES | F62: TOTAL
B63: OCTUBRE | C63: 96.2355 | D63: 1.49725 | E63: 128.53309 | F63: 226.26584
B64: NOVIEMBRE | C64: 257.2124 | D64: 1.05501 | E64: 135.25396 | F64: 393.52137
B65: DICIEMBRE | C65: 557.9912 | D65: 4.23035 | E65: 165.35591 | F65: 727.57746
B66: ENERO | C66: 732.6755 | D66: 7.49199 | E66: 215.9077 | F66: 956.07519
B67: FEBRERO | C67: 741.8347 | D67: 8.09129 | E67: 235.66833 | F67: 985.59432
B68: MARZO | C68: 693.9673 | D68: 9.59257 | E68: 248.49629 | F68: 952.05616
B69: ABRIL | C69: 601.046 | D69: 8.74409 | E69: 258.49155 | F69: 868.28164
B70: MAYO | C70: 507.4252 | D70: 6.51689 | E70: 264.88632 | F70: 778.82841
B71: JUNIO | C71: 418.759 | D71: 5.82481 | E71: 259.07801 | F71: 683.66182
B72: JULIO | C72: 329.4682 | D72: 4.04289 | E72: 235.7756 | F72: 569.28669
B73: AGOSTO
B74: SEPTIEMBRE
B76: Datos en miles de Toneladas
G77: Fuente: SIMO

Sheet 02_CUADRYGRÁF.COMP.ÚLT.5 CAMP.
D2: 02_CUADROS Y GRÁFICOS COMPARATIVOS
C6: PRODUCCIÓN | I6: PRODUCCIÓN
C7: 2021/22 | D7: 2022/23 | E7: 2023/24 | F7: 2024/25 | G7: 2025/26
B8: OCTUBRE | C8: 51.3461 | D8: 30.6714 | E8: 38.6693 | F8: 36.869638 | G8: 43.145437
B9: NOVIEMBRE | C9: 288.1698 | D9: 169.0176 | E9: 230.0143 | F9: 266.67029 | G9: 260.50073
B10: DICIEMBRE | C10: 542.71 | D10: 238.8635 | E10: 328.4806 | F10: 596.431 | G10: 425.2894
B11: ENERO | C11: 471.1874 | D11: 182.3524 | E11: 188.1869 | F11: 351.4809 | G11: 329.97485
B12: FEBRERO | C12: 108.8072 | D12: 36.0774 | E12: 53.142 | F12: 154.0704 | G12: 143.39104
B13: MARZO | C13: 20.7576 | D13: 8.0173 | E13: 14.0971 | F13: 12.203774 | G13: 84.993297
B14: ABRIL | C14: 7.1167 | D14: 0.9722 | E14: 2.7941 | F14: 3.1651061 | G14: 12.211432
B15: MAYO | C15: 2.9136 | D15: 0.0409 | E15: 0.1924 | F15: 0.22164383 | G15: 1.4293088
B16: JUNIO
B17: JULIO
B18: AGOSTO
B19: SEPTIEMBRE
C20: =+SUM(C8:C19) -> 1493.0084 | D20: =+SUM(D8:D19) -> 666.0127 | E20: =+SUM(E8:E19) -> 855.5767 | F20: =+SUM(F8:F19) -> 1421.1127 | G20: =+SUM(G8:G19) -> 1300.9355
C23: IMPORTACIONES | I23: IMPORTACIONES
C24: 2021/22 | D24: 2022/23 | E24: 2023/24 | F24: 2024/25 | G24: 2025/26
B25: OCTUBRE | C25: 12.69769 | D25: 13.250511 | E25: 14.465849 | F25: 15.916 | G25: 9.142
B26: NOVIEMBRE | C26: 18.94698 | D26: 22.196355 | E26: 28.280685 | F26: 23.576 | G26: 25.176
B27: DICIEMBRE | C27: 35.59424 | D27: 35.413639 | E27: 26.757532 | F27: 30.592 | G27: 27.878
B28: ENERO | C28: 12.83714 | D28: 13.040041 | E28: 18.214635 | F28: 17.385 | G28: 18.731
B29: FEBRERO | C29: 17.4196 | D29: 19.216602 | E29: 20.514472 | F29: 19.042 | G29: 21.02
B30: MARZO | C30: 12.03758 | D30: 17.429422 | E30: 21.408031 | F30: 22.052 | G30: 27.547
B31: ABRIL | C31: 21.93187 | D31: 10.323654 | E31: 23.6309 | F31: 16.635 | G31: 23.062
B32: MAYO | C32: 20.42955 | D32: 14.328993 | E32: 20.321337 | F32: 15.277 | G32: 24.994
B33: JUNIO | C33: 16.47469 | D33: 16.168545 | E33: 17.351097 | F33: 14.541 | G33: 23.636
B34: JULIO | C34: 12.6548 | D34: 19.188001 | E34: 21.684971 | F34: 13.11 | G34: 16
B35: AGOSTO | C35: 20.24787 | D35: 14.861437 | E35: 15.398776 | F35: 6.765
B36: SEPTIEMBRE | C36: 11.52141 | D36: 19.744252 | E36: 15.20674 | F36: 11.168
C37: =+SUM(C25:C36) -> 212.79342 | D37: =+SUM(D25:D36) -> 215.16145 | E37: =+SUM(E25:E36) -> 243.23502 | F37: =+SUM(F25:F36) -> 206.059 | G37: =+SUM(G25:G36) -> 217.186
C40: EXPORTACIONES | I40: EXPORTACIONES
C41: 2021/22 | D41: 2022/23 | E41: 2023/24 | F41: 2024/25 | G41: 2025/26
B42: OCTUBRE | C42: 83.49778 | D42: 88.527712 | E42: 55.755136 | F42: 60.278 | G42: 77.968
B43: NOVIEMBRE | C43: 83.40845 | D43: 67.690599 | E43: 52.714599 | F43: 59.937 | G43: 72.297
B44: DICIEMBRE | C44: 81.42683 | D44: 63.56878 | E44: 59.829063 | F44: 69.723 | G44: 72.192
B45: ENERO | C45: 73.74592 | D45: 55.971191 | E45: 69.545024 | F45: 89.304 | G45: 79.191
B46: FEBRERO | C46: 88.32957 | D46: 48.263341 | E46: 64.995784 | F46: 90.628 | G46: 89.276
B47: MARZO | C47: 78.29797 | D47: 64.195956 | E47: 60.61064 | F47: 96.981 | G47: 97.917
B48: ABRIL | C48: 107.33327 | D48: 51.589896 | E48: 74.409194 | F48: 98.778 | G48: 86.625
B49: MAYO | C49: 117.81834 | D49: 68.252666 | E49: 72.284805 | F49: 99.324 | G49: 85.095
B50: JUNIO | C50: 103.44632 | D50: 65.06492 | E50: 66.577892 | F50: 94.483 | G50: 83.879
B51: JULIO | C51: 90.42697 | D51: 58.873541 | E51: 59.465798 | F51: 110.997 | G51: 89
B52: AGOSTO | C52: 83.14523 | D52: 48.126509 | E52: 55.070332 | F52: 76.051
B53: SEPTIEMBRE | C53: 89.36584 | D53: 58.72625 | E53: 69.067084 | F53: 95.087
C54: =+SUM(C42:C53) -> 1080.2425 | D54: =+SUM(D42:D53) -> 738.85136 | E54: =+SUM(E42:E53) -> 760.32535 | F54: =+SUM(F42:F53) -> 1041.571 | G54: =+SUM(G42:G53) -> 833.44
C57: MERCADO INTERIOR APARENTE | I57: MERCADO INTERIOR APARENTE
C58: 2021/22 | D58: 2022/23 | E58: 2023/24 | F58: 2024/25 | G58: 2025/26
B59: OCTUBRE | C59: 39.58029 | D59: 42.192539 | E59: 25.320353 | F59: 38.408902 | G59: 37.725167
B60: NOVIEMBRE | C60: 47.73771 | D60: 39.500586 | E60: 46.902146 | F60: 40.438747 | G60: 46.124202
B61: DICIEMBRE | C61: 51.74005 | D61: 23.514309 | E61: 37.019949 | F61: 54.22504 | G61: 46.919313
B62: ENERO | C62: 54.07953 | D62: 14.3382 | E62: 38.703651 | F62: 49.430284 | G62: 41.017115
B63: FEBRERO | C63: 44.30094 | D63: 30.050971 | E63: 31.149568 | F63: 40.568917 | G63: 45.615915
B64: MARZO | C64: 70.66946 | D64: 30.523866 | E64: 29.476641 | F64: 43.606514 | G64: 48.161457
B65: ABRIL | C65: 56.20831 | D65: 21.662618 | E65: 33.780936 | F65: 35.672966 | G65: 32.422952
B66: MAYO | C66: 40.92143 | D66: 24.307737 | E66: 33.620892 | F66: 36.885764 | G66: 30.781539
B67: JUNIO | C67: 53.41501 | D67: 26.220445 | E67: 26.832245 | F67: 37.95556 | G67: 34.92359
B68: JULIO | C68: 33.55469 | D68: 33.42513 | E68: 34.862613 | F68: 37.73618 | G68: 41.37513
B69: AGOSTO | C69: 53.86074 | D69: 29.022998 | E69: 30.873044 | F69: 35.51266
B70: SEPTIEMBRE | C70: 48.50746 | D70: 33.929872 | E70: 31.315436 | F70: 32.3375
C71: =+SUM(C59:C70) -> 594.57562 | D71: =+SUM(D59:D70) -> 348.68927 | E71: =+SUM(E59:E70) -> 399.85747 | F71: =+SUM(F59:F70) -> 482.77903 | G71: =+SUM(G59:G70) -> 405.06638
C74: MERCADO TOTAL | I74: MERCADO TOTAL
C75: 2021/22 | D75: 2022/23 | E75: 2023/24 | F75: 2024/25 | G75: 2025/26
B76: OCTUBRE | C76: 123.07807 | D76: 130.72025 | E76: 81.075489 | F76: 98.686902 | G76: 115.69317
B77: NOVIEMBRE | C77: 131.14616 | D77: 107.19119 | E77: 99.616745 | F77: 100.37575 | G77: 118.4212
B78: DICIEMBRE | C78: 133.16688 | D78: 87.083089 | E78: 96.849012 | F78: 123.94804 | G78: 119.11131
B79: ENERO | C79: 127.82545 | D79: 70.309391 | E79: 108.24868 | F79: 138.73428 | G79: 120.20812
B80: FEBRERO | C80: 132.63051 | D80: 78.314312 | E80: 96.145352 | F80: 131.19692 | G80: 134.89191
B81: MARZO | C81: 148.96743 | D81: 94.719822 | E81: 90.087281 | F81: 140.58751 | G81: 146.07846
B82: ABRIL | C82: 163.54158 | D82: 73.252514 | E82: 108.19013 | F82: 134.45097 | G82: 119.04795
B83: MAYO | C83: 158.73977 | D83: 92.560403 | E83: 105.9057 | F83: 136.20976 | G83: 115.87654
B84: JUNIO | C84: 156.86133 | D84: 91.285365 | E84: 93.410137 | F84: 132.43856 | G84: 118.80259
B85: JULIO | C85: 123.98166 | D85: 92.298671 | E85: 94.328411 | F85: 148.73318 | G85: 130.37513
B86: AGOSTO | C86: 137.00597 | D86: 77.149507 | E86: 85.943376 | F86: 111.56366
B87: SEPTIEMBRE | C87: 137.8733 | D87: 92.656122 | E87: 100.38252 | F87: 127.4245
C88: =+SUM(C76:C87) -> 1674.8181 | D88: =+SUM(D76:D87) -> 1087.5406 | E88: =+SUM(E76:E87) -> 1160.1828 | F88: =+SUM(F76:F87) -> 1524.35 | G88: =+SUM(G76:G87) -> 1238.5064
B90: Fuente: SIMO

Sheet 03_CUADRYGRÁF.COMP.5 ÚLT.CAMP.
G2: 03_CUADROS Y GRÁFICOS COMPARATIVOS
F6: EXISTENCIAS EN ALMAZARAS Y PATRIMONIO | L6: EXISTENCIAS EN ALMAZARAS Y PATRIMONIO
F7: 2021/22 | G7: 2022/23 | H7: 2023/24 | I7: 2024/25 | J7: 2025/26
E8: OCTUBRE | F8: 171.77332 | G8: 155.70437 | H8: 82.32439 | I8: 54.82129 | J8: 97.73275
E9: NOVIEMBRE | F9: 345.36574 | G9: 234.30274 | H9: 236.68863 | I9: 236.50213 | J9: 258.26741
E10: DICIEMBRE | F10: 740.3346 | G10: 396.56389 | H10: 471.98805 | I10: 697.73919 | J10: 562.22155
E11: ENERO | F11: 1055.0071 | G11: 503.45074 | H11: 554.38471 | I11: 888.37991 | J11: 740.16749
E12: FEBRERO | F12: 1024.6867 | G12: 474.38193 | H12: 527.90193 | I12: 905.64439 | J12: 749.92599
E13: MARZO | F13: 931.13413 | G13: 409.40063 | H13: 474.62288 | I13: 788.05705 | J13: 703.55987
E14: ABRIL | F14: 796.21762 | G14: 350.80297 | H14: 399.02365 | I14: 678.02169 | J14: 609.79009
E15: MAYO | F15: 664.7652 | G15: 271.39996 | H15: 320.47839 | I15: 563.77397 | J15: 513.94209
E16: JUNIO | F16: 534.84076 | G16: 211.13154 | H16: 252.31005 | I16: 449.60961 | J16: 424.58381
E17: JULIO | F17: 425.1501 | G17: 159.67197 | H17: 189.36771 | I17: 321.44963 | J17: 333.51109
E18: AGOSTO | F18: 331.1421 | G18: 125.4556 | H18: 139.47251 | I18: 239.81247
E19: SEPTIEMBRE | F19: 227.69511 | G19: 84.41313 | H19: 78.30593 | I19: 141.15647
F23: EXISTENCIAS EN ENVASADORAS | L23: EXISTENCIAS EN ENVASADORAS
F24: 2021/22 | G24: 2022/23 | H24: 2023/24 | I24: 2024/25 | J24: 2025/26
E25: OCTUBRE | F25: 192.8152 | G25: 212.1038 | H25: 137.9716 | I25: 86.1281 | J25: 128.53309
E26: NOVIEMBRE | F26: 195.1934 | G26: 217.5282 | H26: 142.2327 | I26: 94.3178 | J26: 135.25396
E27: DICIEMBRE | F27: 245.3619 | G27: 242.4611 | H27: 165.082 | I27: 136.1557 | J27: 165.35591
E28: ENERO | F28: 286.8885 | G28: 260.6573 | H28: 180.8159 | I28: 175.6466 | J28: 215.9077
E29: FEBRERO | F29: 310.8052 | G29: 266.7058 | H29: 184.7597 | I29: 200.2976 | J29: 235.66833
E30: MARZO | F30: 288.1855 | G30: 262.414 | H30: 183.4505 | I30: 211.5532 | J30: 248.49629
E31: ABRIL | F31: 288.609 | G31: 259.055 | H31: 177.3172 | I31: 206.9377 | J31: 258.49155
E32: MAYO | F32: 284.6648 | G32: 260.2675 | H32: 170.4718 | I32: 200.4743 | J32: 264.88632
E33: JUNIO | F33: 274.2026 | G33: 245.4191 | H33: 162.5891 | I33: 196.7411 | J33: 259.07801
E34: JULIO | F34: 272.5664 | G34: 223.768 | H34: 152.9032 | I34: 189.2779 | J34: 235.7756
E35: AGOSTO | F35: 249.8163 | G35: 195.6963 | H35: 132.1592 | I35: 166.1164
E36: SEPTIEMBRE | F36: 226.9114 | G36: 163.8269 | H36: 108.563 | I36: 148.5159
F40: EXISTENCIAS TOTALES | L40: EXISTENCIAS TOTALES
F41: 2021/22 | G41: 2022/23 | H41: 2023/24 | I41: 2024/25 | J41: 2025/26
E42: OCTUBRE | F42: 364.58852 | G42: 367.80817 | H42: 220.29599 | I42: 140.94939 | J42: 226.26584
E43: NOVIEMBRE | F43: 540.55914 | G43: 451.83094 | H43: 378.92133 | I43: 330.81993 | J43: 393.52137
E44: DICIEMBRE | F44: 985.6965 | G44: 639.02499 | H44: 637.07005 | I44: 833.89489 | J44: 727.57746
E45: ENERO | F45: 1341.8956 | G45: 764.10804 | H45: 735.20061 | I45: 1064.0265 | J45: 956.07519
E46: FEBRERO | F46: 1335.4919 | G46: 741.08773 | H46: 712.66163 | I46: 1105.942 | J46: 985.59432
E47: MARZO | F47: 1219.3196 | G47: 671.81463 | H47: 658.07338 | I47: 999.61025 | J47: 952.05616
E48: ABRIL | F48: 1084.8266 | G48: 609.85797 | H48: 576.34085 | I48: 884.95939 | J48: 868.28164
E49: MAYO | F49: 949.43 | G49: 531.66746 | H49: 490.95019 | I49: 764.24827 | J49: 778.82841
E50: JUNIO | F50: 809.04336 | G50: 456.55064 | H50: 414.89915 | I50: 646.35071 | J50: 683.66182
E51: JULIO | F51: 697.7165 | G51: 383.43997 | H51: 342.27091 | I51: 510.72753 | J51: 569.28669
E52: AGOSTO | F52: 580.9584 | G52: 321.1519 | H52: 271.63171 | I52: 405.92887
E53: SEPTIEMBRE | F53: 454.60651 | G53: 248.24003 | H53: 186.86893 | I53: 289.67237
E56: Fuente: SIMO

Sheet 04_CUADROS ACUMULADOS
E2: 04_CUADROS ACUMULADOS
D6: PRODUCCIÓN ACUMULADA
D7: 2021/22 | E7: 2022/23 | F7: 2023/24 | G7: 2024/25 | H7: 2025/26 | I7: % 2025 s. 2024 | J7: % 2025 s. Media tres | K7: % 2025 s. Media cuatro
C8: OCTUBRE | D8: =+'02_CUADRYGRÁF.COMP.ÚLT.5 CAMP.'!C8 -> 51.3461 | E8: =+'02_CUADRYGRÁF.COMP.ÚLT.5 CAMP.'!D8 -> 30.6714 | F8: =+'02_CUADRYGRÁF.COMP.ÚLT.5 CAMP.'!E8 -> 38.6693 | G8: =+'02_CUADRYGRÁF.COMP.ÚLT.5 CAMP.'!F8 -> 36.869638 | H8: =+IF(ISNUMBER('02_CUADRYGRÁF.COMP.ÚLT.5 CAMP.'!G8),'02_CUADRYGRÁF.COMP.ÚLT.5 CAMP.'!G8,NA()) -> 43.145437 | I8: =IF(ISNUMBER(H8),H8/G8-1,"") -> 0.1702159 | J8: =IF(ISNUMBER(H8),H8/AVERAGE(E8:G8)-1,"") -> 0.21867902 | K8: =IF(ISNUMBER(H8),H8/AVERAGE(D8:G8)-1,"") -> 0.095364617
C9: NOVIEMBRE | D9: =+'02_CUADRYGRÁF.COMP.ÚLT.5 CAMP.'!C9+'04_CUADROS ACUMULADOS'!D8 -> 339.5159 | E9: =+'02_CUADRYGRÁF.COMP.ÚLT.5 CAMP.'!D9+'04_CUADROS ACUMULADOS'!E8 -> 199.689 | F9: =+'02_CUADRYGRÁF.COMP.ÚLT.5 CAMP.'!E9+'04_CUADROS ACUMULADOS'!F8 -> 268.6836 | G9: =+'02_CUADRYGRÁF.COMP.ÚLT.5 CAMP.'!F9+'04_CUADROS ACUMULADOS'!G8 -> 303.53993 | H9: =+IF(ISNUMBER('02_CUADRYGRÁF.COMP.ÚLT.5 CAMP.'!G9),('02_CUADRYGRÁF.COMP.ÚLT.5 CAMP.'!G9+H8),NA()) -> 303.64617 | I9: =IF(ISNUMBER(H9),H9/G9-1,"") -> 0.00035001425 | J9: =IF(ISNUMBER(H9),H9/AVERAGE(E9:G9)-1,"") -> 0.18010587 | K9: =IF(ISNUMBER(H9),H9/AVERAGE(D9:G9)-1,"") -> 0.092814118
C10: DICIEMBRE | D10: =+'02_CUADRYGRÁF.COMP.ÚLT.5 CAMP.'!C10+'04_CUADROS ACUMULADOS'!D9 -> 882.2259 | E10: =+'02_CUADRYGRÁF.COMP.ÚLT.5 CAMP.'!D10+'04_CUADROS ACUMULADOS'!E9 -> 438.5525 | F10: =+'02_CUADRYGRÁF.COMP.ÚLT.5 CAMP.'!E10+'04_CUADROS ACUMULADOS'!F9 -> 597.1642 | G10: =+'02_CUADRYGRÁF.COMP.ÚLT.5 CAMP.'!F10+'04_CUADROS ACUMULADOS'!G9 -> 899.97093 | H10: =+IF(ISNUMBER('02_CUADRYGRÁF.COMP.ÚLT.5 CAMP.'!G10),('02_CUADRYGRÁF.COMP.ÚLT.5 CAMP.'!G10+H9),NA()) -> 728.93557 | I10: =IF(ISNUMBER(H10),H10/G10-1,"") -> -0.19004542 | J10: =IF(ISNUMBER(H10),H10/AVERAGE(E10:G10)-1,"") -> 0.12973121 | K10: =IF(ISNUMBER(H10),H10/AVERAGE(D10:G10)-1,"") -> 0.034716736
C11: ENERO | D11: =+'02_CUADRYGRÁF.COMP.ÚLT.5 CAMP.'!C11+'04_CUADROS ACUMULADOS'!D10 -> 1353.4133 | E11: =+'02_CUADRYGRÁF.COMP.ÚLT.5 CAMP.'!D11+'04_CUADROS ACUMULADOS'!E10 -> 620.9049 | F11: =+'02_CUADRYGRÁF.COMP.ÚLT.5 CAMP.'!E11+'04_CUADROS ACUMULADOS'!F10 -> 785.3511 | G11: =+'02_CUADRYGRÁF.COMP.ÚLT.5 CAMP.'!F11+'04_CUADROS ACUMULADOS'!G10 -> 1251.4518 | H11: =+IF(ISNUMBER('02_CUADRYGRÁF.COMP.ÚLT.5 CAMP.'!G11),('02_CUADRYGRÁF.COMP.ÚLT.5 CAMP.'!G11+H10),NA()) -> 1058.9104 | I11: =IF(ISNUMBER(H11),H11/G11-1,"") -> -0.15385443 | J11: =IF(ISNUMBER(H11),H11/AVERAGE(E11:G11)-1,"") -> 0.19528987 | K11: =IF(ISNUMBER(H11),H11/AVERAGE(D11:G11)-1,"") -> 0.05597451
C12: FEBRERO | D12: =+'02_CUADRYGRÁF.COMP.ÚLT.5 CAMP.'!C12+'04_CUADROS ACUMULADOS'!D11 -> 1462.2205 | E12: =+'02_CUADRYGRÁF.COMP.ÚLT.5 CAMP.'!D12+'04_CUADROS ACUMULADOS'!E11 -> 656.9823 | F12: =+'02_CUADRYGRÁF.COMP.ÚLT.5 CAMP.'!E12+'04_CUADROS ACUMULADOS'!F11 -> 838.4931 | G12: =+'02_CUADRYGRÁF.COMP.ÚLT.5 CAMP.'!F12+'04_CUADROS ACUMULADOS'!G11 -> 1405.5222 | H12: =+IF(ISNUMBER('02_CUADRYGRÁF.COMP.ÚLT.5 CAMP.'!G12),('02_CUADRYGRÁF.COMP.ÚLT.5 CAMP.'!G12+H11),NA()) -> 1202.3015 | I12: =IF(ISNUMBER(H12),H12/G12-1,"") -> -0.14458737 | J12: =IF(ISNUMBER(H12),H12/AVERAGE(E12:G12)-1,"") -> 0.24333241 | K12: =IF(ISNUMBER(H12),H12/AVERAGE(D12:G12)-1,"") -> 0.10221532
C13: MARZO | D13: =+'02_CUADRYGRÁF.COMP.ÚLT.5 CAMP.'!C13+'04_CUADROS ACUMULADOS'!D12 -> 1482.9781 | E13: =+'02_CUADRYGRÁF.COMP.ÚLT.5 CAMP.'!D13+'04_CUADROS ACUMULADOS'!E12 -> 664.9996 | F13: =+'02_CUADRYGRÁF.COMP.ÚLT.5 CAMP.'!E13+'04_CUADROS ACUMULADOS'!F12 -> 852.5902 | G13: =+'02_CUADRYGRÁF.COMP.ÚLT.5 CAMP.'!F13+'04_CUADROS ACUMULADOS'!G12 -> 1417.726 | H13: =+IF(ISNUMBER('02_CUADRYGRÁF.COMP.ÚLT.5 CAMP.'!G13),('02_CUADRYGRÁF.COMP.ÚLT.5 CAMP.'!G13+H12),NA()) -> 1287.2948 | I13: =IF(ISNUMBER(H13),H13/G13-1,"") -> -0.092000317 | J13: =IF(ISNUMBER(H13),H13/AVERAGE(E13:G13)-1,"") -> 0.31566228 | K13: =IF(ISNUMBER(H13),H13/AVERAGE(D13:G13)-1,"") -> 0.16542248
C14: ABRIL | D14: =+'02_CUADRYGRÁF.COMP.ÚLT.5 CAMP.'!C14+'04_CUADROS ACUMULADOS'!D13 -> 1490.0948 | E14: =+'02_CUADRYGRÁF.COMP.ÚLT.5 CAMP.'!D14+'04_CUADROS ACUMULADOS'!E13 -> 665.9718 | F14: =+'02_CUADRYGRÁF.COMP.ÚLT.5 CAMP.'!E14+'04_CUADROS ACUMULADOS'!F13 -> 855.3843 | G14: =+'02_CUADRYGRÁF.COMP.ÚLT.5 CAMP.'!F14+'04_CUADROS ACUMULADOS'!G13 -> 1420.8911 | H14: =+IF(ISNUMBER('02_CUADRYGRÁF.COMP.ÚLT.5 CAMP.'!G14),('02_CUADRYGRÁF.COMP.ÚLT.5 CAMP.'!G14+H13),NA()) -> 1299.5062 | I14: =IF(ISNUMBER(H14),H14/G14-1,"") -> -0.085428725 | J14: =IF(ISNUMBER(H14),H14/AVERAGE(E14:G14)-1,"") -> 0.32501394 | K14: =IF(ISNUMBER(H14),H14/AVERAGE(D14:G14)-1,"") -> 0.17274902
C15: MAYO | D15: =+'02_CUADRYGRÁF.COMP.ÚLT.5 CAMP.'!C15+'04_CUADROS ACUMULADOS'!D14 -> 1493.0084 | E15: =+'02_CUADRYGRÁF.COMP.ÚLT.5 CAMP.'!D15+'04_CUADROS ACUMULADOS'!E14 -> 666.0127 | F15: =+'02_CUADRYGRÁF.COMP.ÚLT.5 CAMP.'!E15+'04_CUADROS ACUMULADOS'!F14 -> 855.5767 | G15: =+'02_CUADRYGRÁF.COMP.ÚLT.5 CAMP.'!F15+'04_CUADROS ACUMULADOS'!G14 -> 1421.1127 | H15: =+IF(ISNUMBER('02_CUADRYGRÁF.COMP.ÚLT.5 CAMP.'!G15),('02_CUADRYGRÁF.COMP.ÚLT.5 CAMP.'!G15+H14),NA()) -> 1300.9355 | I15: =IF(ISNUMBER(H15),H15/G15-1,"") -> -0.084565598 | J15: =IF(ISNUMBER(H15),H15/AVERAGE(E15:G15)-1,"") -> 0.32626623 | K15: =IF(ISNUMBER(H15),H15/AVERAGE(D15:G15)-1,"") -> 0.17314733
C16: JUNIO | D16: =+'02_CUADRYGRÁF.COMP.ÚLT.5 CAMP.'!C16+'04_CUADROS ACUMULADOS'!D15 -> 1493.0084 | E16: =+'02_CUADRYGRÁF.COMP.ÚLT.5 CAMP.'!D16+'04_CUADROS ACUMULADOS'!E15 -> 666.0127 | F16: =+'02_CUADRYGRÁF.COMP.ÚLT.5 CAMP.'!E16+'04_CUADROS ACUMULADOS'!F15 -> 855.5767 | G16: =+'02_CUADRYGRÁF.COMP.ÚLT.5 CAMP.'!F16+'04_CUADROS ACUMULADOS'!G15 -> 1421.1127 | H16: =+IF(ISNUMBER('02_CUADRYGRÁF.COMP.ÚLT.5 CAMP.'!G16),('02_CUADRYGRÁF.COMP.ÚLT.5 CAMP.'!G16+H15),NA()) -> #N/A | I16: =IF(ISNUMBER(H16),H16/G16-1,"") | J16: =IF(ISNUMBER(H16),H16/AVERAGE(E16:G16)-1,"") | K16: =IF(ISNUMBER(H16),H16/AVERAGE(D16:G16)-1,"")
C17: JULIO | D17: =+'02_CUADRYGRÁF.COMP.ÚLT.5 CAMP.'!C17+'04_CUADROS ACUMULADOS'!D16 -> 1493.0084 | E17: =+'02_CUADRYGRÁF.COMP.ÚLT.5 CAMP.'!D17+'04_CUADROS ACUMULADOS'!E16 -> 666.0127 | F17: =+'02_CUADRYGRÁF.COMP.ÚLT.5 CAMP.'!E17+'04_CUADROS ACUMULADOS'!F16 -> 855.5767 | G17: =+'02_CUADRYGRÁF.COMP.ÚLT.5 CAMP.'!F17+'04_CUADROS ACUMULADOS'!G16 -> 1421.1127 | H17: =+IF(ISNUMBER('02_CUADRYGRÁF.COMP.ÚLT.5 CAMP.'!G17),('02_CUADRYGRÁF.COMP.ÚLT.5 CAMP.'!G17+H16),NA()) -> #N/A | I17: =IF(ISNUMBER(H17),H17/G17-1,"") | J17: =IF(ISNUMBER(H17),H17/AVERAGE(E17:G17)-1,"") | K17: =IF(ISNUMBER(H17),H17/AVERAGE(D17:G17)-1,"")
C18: AGOSTO | D18: =+'02_CUADRYGRÁF.COMP.ÚLT.5 CAMP.'!C18+'04_CUADROS ACUMULADOS'!D17 -> 1493.0084 | E18: =+'02_CUADRYGRÁF.COMP.ÚLT.5 CAMP.'!D18+'04_CUADROS ACUMULADOS'!E17 -> 666.0127 | F18: =+'02_CUADRYGRÁF.COMP.ÚLT.5 CAMP.'!E18+'04_CUADROS ACUMULADOS'!F17 -> 855.5767 | G18: =+'02_CUADRYGRÁF.COMP.ÚLT.5 CAMP.'!F18+'04_CUADROS ACUMULADOS'!G17 -> 1421.1127 | H18: =+IF(ISNUMBER('02_CUADRYGRÁF.COMP.ÚLT.5 CAMP.'!G18),('02_CUADRYGRÁF.COMP.ÚLT.5 CAMP.'!G18+H17),NA()) -> #N/A | I18: =IF(ISNUMBER(H18),H18/G18-1,"") | J18: =IF(ISNUMBER(H18),H18/AVERAGE(E18:G18)-1,"") | K18: =IF(ISNUMBER(H18),H18/AVERAGE(D18:G18)-1,"")
C19: SEPTIEMBRE | D19: =+'02_CUADRYGRÁF.COMP.ÚLT.5 CAMP.'!C19+'04_CUADROS ACUMULADOS'!D18 -> 1493.0084 | E19: =+'02_CUADRYGRÁF.COMP.ÚLT.5 CAMP.'!D19+'04_CUADROS ACUMULADOS'!E18 -> 666.0127 | F19: =+'02_CUADRYGRÁF.COMP.ÚLT.5 CAMP.'!E19+'04_CUADROS ACUMULADOS'!F18 -> 855.5767 | G19: =+'02_CUADRYGRÁF.COMP.ÚLT.5 CAMP.'!F19+'04_CUADROS ACUMULADOS'!G18 -> 1421.1127 | H19: =+IF(ISNUMBER('02_CUADRYGRÁF.COMP.ÚLT.5 CAMP.'!G19),('02_CUADRYGRÁF.COMP.ÚLT.5 CAMP.'!G19+H18),NA()) -> #N/A | I19: =IF(ISNUMBER(H19),H19/G19-1,"") | J19: =IF(ISNUMBER(H19),H19/AVERAGE(E19:G19)-1,"") | K19: =IF(ISNUMBER(H19),H19/AVERAGE(D19:G19)-1,"")
D22: IMPORTACIÓN ACUMULADA
D23: 2021/22 | E23: 2022/23 | F23: 2023/24 | G23: 2024/25 | H23: 2025/26 | I23: % 2025 s. 2024 | J23: % 2025 s. Media tres | K23: % 2025 s. Media cuatro
C24: OCTUBRE | D24: =+'02_CUADRYGRÁF.COMP.ÚLT.5 CAMP.'!C25 -> 12.69769 | E24: =+'02_CUADRYGRÁF.COMP.ÚLT.5 CAMP.'!D25 -> 13.250511 | F24: =+'02_CUADRYGRÁF.COMP.ÚLT.5 CAMP.'!E25 -> 14.465849 | G24: =+'02_CUADRYGRÁF.COMP.ÚLT.5 CAMP.'!F25 -> 15.916 | H24: =+IF(ISNUMBER('02_CUADRYGRÁF.COMP.ÚLT.5 CAMP.'!G25),'02_CUADRYGRÁF.COMP.ÚLT.5 CAMP.'!G25,NA()) -> 9.142 | I24: =IF(ISNUMBER(H24),H24/G24-1,"") -> -0.42560945 | J24: =IF(ISNUMBER(H24),H24/AVERAGE(E24:G24)-1,"") -> -0.37142983 | K24: =IF(ISNUMBER(H24),H24/AVERAGE(D24:G24)-1,"") -> -0.35082607
C25: NOVIEMBRE | D25: =+'02_CUADRYGRÁF.COMP.ÚLT.5 CAMP.'!C26+'04_CUADROS ACUMULADOS'!D24 -> 31.64467 | E25: =+'02_CUADRYGRÁF.COMP.ÚLT.5 CAMP.'!D26+'04_CUADROS ACUMULADOS'!E24 -> 35.446866 | F25: =+'02_CUADRYGRÁF.COMP.ÚLT.5 CAMP.'!E26+'04_CUADROS ACUMULADOS'!F24 -> 42.746534 | G25: =+'02_CUADRYGRÁF.COMP.ÚLT.5 CAMP.'!F26+'04_CUADROS ACUMULADOS'!G24 -> 39.492 | H25: =+IF(ISNUMBER('02_CUADRYGRÁF.COMP.ÚLT.5 CAMP.'!G26),('02_CUADRYGRÁF.COMP.ÚLT.5 CAMP.'!G26+H24),NA()) -> 34.318 | I25: =IF(ISNUMBER(H25),H25/G25-1,"") -> -0.13101388 | J25: =IF(ISNUMBER(H25),H25/AVERAGE(E25:G25)-1,"") -> -0.12517611 | K25: =IF(ISNUMBER(H25),H25/AVERAGE(D25:G25)-1,"") -> -0.080747769
C26: DICIEMBRE | D26: =+'02_CUADRYGRÁF.COMP.ÚLT.5 CAMP.'!C27+'04_CUADROS ACUMULADOS'!D25 -> 67.23891 | E26: =+'02_CUADRYGRÁF.COMP.ÚLT.5 CAMP.'!D27+'04_CUADROS ACUMULADOS'!E25 -> 70.860505 | F26: =+'02_CUADRYGRÁF.COMP.ÚLT.5 CAMP.'!E27+'04_CUADROS ACUMULADOS'!F25 -> 69.504066 | G26: =+'02_CUADRYGRÁF.COMP.ÚLT.5 CAMP.'!F27+'04_CUADROS ACUMULADOS'!G25 -> 70.084 | H26: =+IF(ISNUMBER('02_CUADRYGRÁF.COMP.ÚLT.5 CAMP.'!G27),('02_CUADRYGRÁF.COMP.ÚLT.5 CAMP.'!G27+H25),NA()) -> 62.196 | I26: =IF(ISNUMBER(H26),H26/G26-1,"") -> -0.11255065 | J26: =IF(ISNUMBER(H26),H26/AVERAGE(E26:G26)-1,"") -> -0.11337958 | K26: =IF(ISNUMBER(H26),H26/AVERAGE(D26:G26)-1,"") -> -0.10408637
C27: ENERO | D27: =+'02_CUADRYGRÁF.COMP.ÚLT.5 CAMP.'!C28+'04_CUADROS ACUMULADOS'!D26 -> 80.07605 | E27: =+'02_CUADRYGRÁF.COMP.ÚLT.5 CAMP.'!D28+'04_CUADROS ACUMULADOS'!E26 -> 83.900546 | F27: =+'02_CUADRYGRÁF.COMP.ÚLT.5 CAMP.'!E28+'04_CUADROS ACUMULADOS'!F26 -> 87.718701 | G27: =+'02_CUADRYGRÁF.COMP.ÚLT.5 CAMP.'!F28+'04_CUADROS ACUMULADOS'!G26 -> 87.469 | H27: =+IF(ISNUMBER('02_CUADRYGRÁF.COMP.ÚLT.5 CAMP.'!G28),('02_CUADRYGRÁF.COMP.ÚLT.5 CAMP.'!G28+H26),NA()) -> 80.927 | I27: =IF(ISNUMBER(H27),H27/G27-1,"") -> -0.074792212 | J27: =IF(ISNUMBER(H27),H27/AVERAGE(E27:G27)-1,"") -> -0.062940898 | K27: =IF(ISNUMBER(H27),H27/AVERAGE(D27:G27)-1,"") -> -0.04557171
C28: FEBRERO | D28: =+'02_CUADRYGRÁF.COMP.ÚLT.5 CAMP.'!C29+'04_CUADROS ACUMULADOS'!D27 -> 97.49565 | E28: =+'02_CUADRYGRÁF.COMP.ÚLT.5 CAMP.'!D29+'04_CUADROS ACUMULADOS'!E27 -> 103.11715 | F28: =+'02_CUADRYGRÁF.COMP.ÚLT.5 CAMP.'!E29+'04_CUADROS ACUMULADOS'!F27 -> 108.23317 | G28: =+'02_CUADRYGRÁF.COMP.ÚLT.5 CAMP.'!F29+'04_CUADROS ACUMULADOS'!G27 -> 106.511 | H28: =+IF(ISNUMBER('02_CUADRYGRÁF.COMP.ÚLT.5 CAMP.'!G29),('02_CUADRYGRÁF.COMP.ÚLT.5 CAMP.'!G29+H27),NA()) -> 101.947 | I28: =IF(ISNUMBER(H28),H28/G28-1,"") -> -0.042850034 | J28: =IF(ISNUMBER(H28),H28/AVERAGE(E28:G28)-1,"") -> -0.037816243 | K28: =IF(ISNUMBER(H28),H28/AVERAGE(D28:G28)-1,"") -> -0.01822281
C29: MARZO | D29: =+'02_CUADRYGRÁF.COMP.ÚLT.5 CAMP.'!C30+'04_CUADROS ACUMULADOS'!D28 -> 109.53323 | E29: =+'02_CUADRYGRÁF.COMP.ÚLT.5 CAMP.'!D30+'04_CUADROS ACUMULADOS'!E28 -> 120.54657 | F29: =+'02_CUADRYGRÁF.COMP.ÚLT.5 CAMP.'!E30+'04_CUADROS ACUMULADOS'!F28 -> 129.6412 | G29: =+'02_CUADRYGRÁF.COMP.ÚLT.5 CAMP.'!F30+'04_CUADROS ACUMULADOS'!G28 -> 128.563 | H29: =+IF(ISNUMBER('02_CUADRYGRÁF.COMP.ÚLT.5 CAMP.'!G30),('02_CUADRYGRÁF.COMP.ÚLT.5 CAMP.'!G30+H28),NA()) -> 129.494 | I29: =IF(ISNUMBER(H29),H29/G29-1,"") -> 0.0072415858 | J29: =IF(ISNUMBER(H29),H29/AVERAGE(E29:G29)-1,"") -> 0.025692953 | K29: =IF(ISNUMBER(H29),H29/AVERAGE(D29:G29)-1,"") -> 0.060808865
C30: ABRIL | D30: =+'02_CUADRYGRÁF.COMP.ÚLT.5 CAMP.'!C31+'04_CUADROS ACUMULADOS'!D29 -> 131.4651 | E30: =+'02_CUADRYGRÁF.COMP.ÚLT.5 CAMP.'!D31+'04_CUADROS ACUMULADOS'!E29 -> 130.87022 | F30: =+'02_CUADRYGRÁF.COMP.ÚLT.5 CAMP.'!E31+'04_CUADROS ACUMULADOS'!F29 -> 153.2721 | G30: =+'02_CUADRYGRÁF.COMP.ÚLT.5 CAMP.'!F31+'04_CUADROS ACUMULADOS'!G29 -> 145.198 | H30: =+IF(ISNUMBER('02_CUADRYGRÁF.COMP.ÚLT.5 CAMP.'!G31),('02_CUADRYGRÁF.COMP.ÚLT.5 CAMP.'!G31+H29),NA()) -> 152.556 | I30: =IF(ISNUMBER(H30),H30/G30-1,"") -> 0.050675629 | J30: =IF(ISNUMBER(H30),H30/AVERAGE(E30:G30)-1,"") -> 0.065979528 | K30: =IF(ISNUMBER(H30),H30/AVERAGE(D30:G30)-1,"") -> 0.088120709
C31: MAYO | D31: =+'02_CUADRYGRÁF.COMP.ÚLT.5 CAMP.'!C32+'04_CUADROS ACUMULADOS'!D30 -> 151.89465 | E31: =+'02_CUADRYGRÁF.COMP.ÚLT.5 CAMP.'!D32+'04_CUADROS ACUMULADOS'!E30 -> 145.19922 | F31: =+'02_CUADRYGRÁF.COMP.ÚLT.5 CAMP.'!E32+'04_CUADROS ACUMULADOS'!F30 -> 173.59344 | G31: =+'02_CUADRYGRÁF.COMP.ÚLT.5 CAMP.'!F32+'04_CUADROS ACUMULADOS'!G30 -> 160.475 | H31: =+IF(ISNUMBER('02_CUADRYGRÁF.COMP.ÚLT.5 CAMP.'!G32),('02_CUADRYGRÁF.COMP.ÚLT.5 CAMP.'!G32+H30),NA()) -> 177.55 | I31: =IF(ISNUMBER(H31),H31/G31-1,"") -> 0.10640287 | J31: =IF(ISNUMBER(H31),H31/AVERAGE(E31:G31)-1,"") -> 0.11138315 | K31: =IF(ISNUMBER(H31),H31/AVERAGE(D31:G31)-1,"") -> 0.12522562
C32: JUNIO | D32: =+'02_CUADRYGRÁF.COMP.ÚLT.5 CAMP.'!C33+'04_CUADROS ACUMULADOS'!D31 -> 168.36934 | E32: =+'02_CUADRYGRÁF.COMP.ÚLT.5 CAMP.'!D33+'04_CUADROS ACUMULADOS'!E31 -> 161.36776 | F32: =+'02_CUADRYGRÁF.COMP.ÚLT.5 CAMP.'!E33+'04_CUADROS ACUMULADOS'!F31 -> 190.94454 | G32: =+'02_CUADRYGRÁF.COMP.ÚLT.5 CAMP.'!F33+'04_CUADROS ACUMULADOS'!G31 -> 175.016 | H32: =+IF(ISNUMBER('02_CUADRYGRÁF.COMP.ÚLT.5 CAMP.'!G33),('02_CUADRYGRÁF.COMP.ÚLT.5 CAMP.'!G33+H31),NA()) -> 201.186 | I32: =IF(ISNUMBER(H32),H32/G32-1,"") -> 0.14952919 | J32: =IF(ISNUMBER(H32),H32/AVERAGE(E32:G32)-1,"") -> 0.14455833 | K32: =IF(ISNUMBER(H32),H32/AVERAGE(D32:G32)-1,"") -> 0.1567439
C33: JULIO | D33: =+'02_CUADRYGRÁF.COMP.ÚLT.5 CAMP.'!C34+'04_CUADROS ACUMULADOS'!D32 -> 181.02414 | E33: =+'02_CUADRYGRÁF.COMP.ÚLT.5 CAMP.'!D34+'04_CUADROS ACUMULADOS'!E32 -> 180.55576 | F33: =+'02_CUADRYGRÁF.COMP.ÚLT.5 CAMP.'!E34+'04_CUADROS ACUMULADOS'!F32 -> 212.62951 | G33: =+'02_CUADRYGRÁF.COMP.ÚLT.5 CAMP.'!F34+'04_CUADROS ACUMULADOS'!G32 -> 188.126 | H33: =+IF(ISNUMBER('02_CUADRYGRÁF.COMP.ÚLT.5 CAMP.'!G34),('02_CUADRYGRÁF.COMP.ÚLT.5 CAMP.'!G34+H32),NA()) -> 217.186 | I33: =IF(ISNUMBER(H33),H33/G33-1,"") -> 0.15447094 | J33: =IF(ISNUMBER(H33),H33/AVERAGE(E33:G33)-1,"") -> 0.12084185 | K33: =IF(ISNUMBER(H33),H33/AVERAGE(D33:G33)-1,"") -> 0.13958238
C34: AGOSTO | D34: =+'02_CUADRYGRÁF.COMP.ÚLT.5 CAMP.'!C35+'04_CUADROS ACUMULADOS'!D33 -> 201.27201 | E34: =+'02_CUADRYGRÁF.COMP.ÚLT.5 CAMP.'!D35+'04_CUADROS ACUMULADOS'!E33 -> 195.4172 | F34: =+'02_CUADRYGRÁF.COMP.ÚLT.5 CAMP.'!E35+'04_CUADROS ACUMULADOS'!F33 -> 228.02828 | G34: =+'02_CUADRYGRÁF.COMP.ÚLT.5 CAMP.'!F35+'04_CUADROS ACUMULADOS'!G33 -> 194.891 | H34: =+IF(ISNUMBER('02_CUADRYGRÁF.COMP.ÚLT.5 CAMP.'!G35),('02_CUADRYGRÁF.COMP.ÚLT.5 CAMP.'!G35+H33),NA()) -> #N/A | I34: =IF(ISNUMBER(H34),H34/G34-1,"") | J34: =IF(ISNUMBER(H34),H34/AVERAGE(E34:G34)-1,"") | K34: =IF(ISNUMBER(H34),H34/AVERAGE(D34:G34)-1,"")
C35: SEPTIEMBRE | D35: =+'02_CUADRYGRÁF.COMP.ÚLT.5 CAMP.'!C36+'04_CUADROS ACUMULADOS'!D34 -> 212.79342 | E35: =+'02_CUADRYGRÁF.COMP.ÚLT.5 CAMP.'!D36+'04_CUADROS ACUMULADOS'!E34 -> 215.16145 | F35: =+'02_CUADRYGRÁF.COMP.ÚLT.5 CAMP.'!E36+'04_CUADROS ACUMULADOS'!F34 -> 243.23502 | G35: =+'02_CUADRYGRÁF.COMP.ÚLT.5 CAMP.'!F36+'04_CUADROS ACUMULADOS'!G34 -> 206.059 | H35: =+IF(ISNUMBER('02_CUADRYGRÁF.COMP.ÚLT.5 CAMP.'!G36),('02_CUADRYGRÁF.COMP.ÚLT.5 CAMP.'!G36+H34),NA()) -> #N/A | I35: =IF(ISNUMBER(H35),H35/G35-1,"") | J35: =IF(ISNUMBER(H35),H35/AVERAGE(E35:G35)-1,"") | K35: =IF(ISNUMBER(H35),H35/AVERAGE(D35:G35)-1,"")
D38: EXPORTACIÓN ACUMULADA
D39: 2021/22 | E39: 2022/23 | F39: 2023/24 | G39: 2024/25 | H39: 2025/26 | I39: % 2025 s. 2024 | J39: % 2025 s. Media tres | K39: % 2025 s. Media cuatro
C40: OCTUBRE | D40: =+'02_CUADRYGRÁF.COMP.ÚLT.5 CAMP.'!C42 -> 83.49778 | E40: =+'02_CUADRYGRÁF.COMP.ÚLT.5 CAMP.'!D42 -> 88.527712 | F40: =+'02_CUADRYGRÁF.COMP.ÚLT.5 CAMP.'!E42 -> 55.755136 | G40: =+'02_CUADRYGRÁF.COMP.ÚLT.5 CAMP.'!F42 -> 60.278 | H40: =+IF(ISNUMBER('02_CUADRYGRÁF.COMP.ÚLT.5 CAMP.'!G42),'02_CUADRYGRÁF.COMP.ÚLT.5 CAMP.'!G42,NA()) -> 77.968 | I40: =IF(ISNUMBER(H40),H40/G40-1,"") -> 0.29347357 | J40: =IF(ISNUMBER(H40),H40/AVERAGE(E40:G40)-1,"") -> 0.14344461 | K40: =IF(ISNUMBER(H40),H40/AVERAGE(D40:G40)-1,"") -> 0.082668491
C41: NOVIEMBRE | D41: =+'02_CUADRYGRÁF.COMP.ÚLT.5 CAMP.'!C43+'04_CUADROS ACUMULADOS'!D40 -> 166.90623 | E41: =+'02_CUADRYGRÁF.COMP.ÚLT.5 CAMP.'!D43+'04_CUADROS ACUMULADOS'!E40 -> 156.21831 | F41: =+'02_CUADRYGRÁF.COMP.ÚLT.5 CAMP.'!E43+'04_CUADROS ACUMULADOS'!F40 -> 108.46974 | G41: =+'02_CUADRYGRÁF.COMP.ÚLT.5 CAMP.'!F43+'04_CUADROS ACUMULADOS'!G40 -> 120.215 | H41: =+IF(ISNUMBER('02_CUADRYGRÁF.COMP.ÚLT.5 CAMP.'!G43),('02_CUADRYGRÁF.COMP.ÚLT.5 CAMP.'!G43+H40),NA()) -> 150.265 | I41: =IF(ISNUMBER(H41),H41/G41-1,"") -> 0.24996881 | J41: =IF(ISNUMBER(H41),H41/AVERAGE(E41:G41)-1,"") -> 0.17119104 | K41: =IF(ISNUMBER(H41),H41/AVERAGE(D41:G41)-1,"") -> 0.089253164
C42: DICIEMBRE | D42: =+'02_CUADRYGRÁF.COMP.ÚLT.5 CAMP.'!C44+'04_CUADROS ACUMULADOS'!D41 -> 248.33306 | E42: =+'02_CUADRYGRÁF.COMP.ÚLT.5 CAMP.'!D44+'04_CUADROS ACUMULADOS'!E41 -> 219.78709 | F42: =+'02_CUADRYGRÁF.COMP.ÚLT.5 CAMP.'!E44+'04_CUADROS ACUMULADOS'!F41 -> 168.2988 | G42: =+'02_CUADRYGRÁF.COMP.ÚLT.5 CAMP.'!F44+'04_CUADROS ACUMULADOS'!G41 -> 189.938 | H42: =+IF(ISNUMBER('02_CUADRYGRÁF.COMP.ÚLT.5 CAMP.'!G44),('02_CUADRYGRÁF.COMP.ÚLT.5 CAMP.'!G44+H41),NA()) -> 222.457 | I42: =IF(ISNUMBER(H42),H42/G42-1,"") -> 0.1712085 | J42: =IF(ISNUMBER(H42),H42/AVERAGE(E42:G42)-1,"") -> 0.15457339 | K42: =IF(ISNUMBER(H42),H42/AVERAGE(D42:G42)-1,"") -> 0.076808274
C43: ENERO | D43: =+'02_CUADRYGRÁF.COMP.ÚLT.5 CAMP.'!C45+'04_CUADROS ACUMULADOS'!D42 -> 322.07898 | E43: =+'02_CUADRYGRÁF.COMP.ÚLT.5 CAMP.'!D45+'04_CUADROS ACUMULADOS'!E42 -> 275.75828 | F43: =+'02_CUADRYGRÁF.COMP.ÚLT.5 CAMP.'!E45+'04_CUADROS ACUMULADOS'!F42 -> 237.84382 | G43: =+'02_CUADRYGRÁF.COMP.ÚLT.5 CAMP.'!F45+'04_CUADROS ACUMULADOS'!G42 -> 279.242 | H43: =+IF(ISNUMBER('02_CUADRYGRÁF.COMP.ÚLT.5 CAMP.'!G45),('02_CUADRYGRÁF.COMP.ÚLT.5 CAMP.'!G45+H42),NA()) -> 301.648 | I43: =IF(ISNUMBER(H43),H43/G43-1,"") -> 0.080238646 | J43: =IF(ISNUMBER(H43),H43/AVERAGE(E43:G43)-1,"") -> 0.14138958 | K43: =IF(ISNUMBER(H43),H43/AVERAGE(D43:G43)-1,"") -> 0.082219946
C44: FEBRERO | D44: =+'02_CUADRYGRÁF.COMP.ÚLT.5 CAMP.'!C46+'04_CUADROS ACUMULADOS'!D43 -> 410.40855 | E44: =+'02_CUADRYGRÁF.COMP.ÚLT.5 CAMP.'!D46+'04_CUADROS ACUMULADOS'!E43 -> 324.02162 | F44: =+'02_CUADRYGRÁF.COMP.ÚLT.5 CAMP.'!E46+'04_CUADROS ACUMULADOS'!F43 -> 302.83961 | G44: =+'02_CUADRYGRÁF.COMP.ÚLT.5 CAMP.'!F46+'04_CUADROS ACUMULADOS'!G43 -> 369.87 | H44: =+IF(ISNUMBER('02_CUADRYGRÁF.COMP.ÚLT.5 CAMP.'!G46),('02_CUADRYGRÁF.COMP.ÚLT.5 CAMP.'!G46+H43),NA()) -> 390.924 | I44: =IF(ISNUMBER(H44),H44/G44-1,"") -> 0.056922703 | J44: =IF(ISNUMBER(H44),H44/AVERAGE(E44:G44)-1,"") -> 0.1766181 | K44: =IF(ISNUMBER(H44),H44/AVERAGE(D44:G44)-1,"") -> 0.11125847
C45: MARZO | D45: =+'02_CUADRYGRÁF.COMP.ÚLT.5 CAMP.'!C47+'04_CUADROS ACUMULADOS'!D44 -> 488.70652 | E45: =+'02_CUADRYGRÁF.COMP.ÚLT.5 CAMP.'!D47+'04_CUADROS ACUMULADOS'!E44 -> 388.21758 | F45: =+'02_CUADRYGRÁF.COMP.ÚLT.5 CAMP.'!E47+'04_CUADROS ACUMULADOS'!F44 -> 363.45025 | G45: =+'02_CUADRYGRÁF.COMP.ÚLT.5 CAMP.'!F47+'04_CUADROS ACUMULADOS'!G44 -> 466.851 | H45: =+IF(ISNUMBER('02_CUADRYGRÁF.COMP.ÚLT.5 CAMP.'!G47),('02_CUADRYGRÁF.COMP.ÚLT.5 CAMP.'!G47+H44),NA()) -> 488.841 | I45: =IF(ISNUMBER(H45),H45/G45-1,"") -> 0.047102823 | J45: =IF(ISNUMBER(H45),H45/AVERAGE(E45:G45)-1,"") -> 0.20352921 | K45: =IF(ISNUMBER(H45),H45/AVERAGE(D45:G45)-1,"") -> 0.14534616
C46: ABRIL | D46: =+'02_CUADRYGRÁF.COMP.ÚLT.5 CAMP.'!C48+'04_CUADROS ACUMULADOS'!D45 -> 596.03979 | E46: =+'02_CUADRYGRÁF.COMP.ÚLT.5 CAMP.'!D48+'04_CUADROS ACUMULADOS'!E45 -> 439.80748 | F46: =+'02_CUADRYGRÁF.COMP.ÚLT.5 CAMP.'!E48+'04_CUADROS ACUMULADOS'!F45 -> 437.85944 | G46: =+'02_CUADRYGRÁF.COMP.ÚLT.5 CAMP.'!F48+'04_CUADROS ACUMULADOS'!G45 -> 565.629 | H46: =+IF(ISNUMBER('02_CUADRYGRÁF.COMP.ÚLT.5 CAMP.'!G48),('02_CUADRYGRÁF.COMP.ÚLT.5 CAMP.'!G48+H45),NA()) -> 575.466 | I46: =IF(ISNUMBER(H46),H46/G46-1,"") -> 0.017391258 | J46: =IF(ISNUMBER(H46),H46/AVERAGE(E46:G46)-1,"") -> 0.19614972 | K46: =IF(ISNUMBER(H46),H46/AVERAGE(D46:G46)-1,"") -> 0.12873226
C47: MAYO | D47: =+'02_CUADRYGRÁF.COMP.ÚLT.5 CAMP.'!C49+'04_CUADROS ACUMULADOS'!D46 -> 713.85813 | E47: =+'02_CUADRYGRÁF.COMP.ÚLT.5 CAMP.'!D49+'04_CUADROS ACUMULADOS'!E46 -> 508.06014 | F47: =+'02_CUADRYGRÁF.COMP.ÚLT.5 CAMP.'!E49+'04_CUADROS ACUMULADOS'!F46 -> 510.14425 | G47: =+'02_CUADRYGRÁF.COMP.ÚLT.5 CAMP.'!F49+'04_CUADROS ACUMULADOS'!G46 -> 664.953 | H47: =+IF(ISNUMBER('02_CUADRYGRÁF.COMP.ÚLT.5 CAMP.'!G49),('02_CUADRYGRÁF.COMP.ÚLT.5 CAMP.'!G49+H46),NA()) -> 660.561 | I47: =IF(ISNUMBER(H47),H47/G47-1,"") -> -0.0066049781 | J47: =IF(ISNUMBER(H47),H47/AVERAGE(E47:G47)-1,"") -> 0.17736049 | K47: =IF(ISNUMBER(H47),H47/AVERAGE(D47:G47)-1,"") -> 0.10230576
C48: JUNIO | D48: =+'02_CUADRYGRÁF.COMP.ÚLT.5 CAMP.'!C50+'04_CUADROS ACUMULADOS'!D47 -> 817.30445 | E48: =+'02_CUADRYGRÁF.COMP.ÚLT.5 CAMP.'!D50+'04_CUADROS ACUMULADOS'!E47 -> 573.12506 | F48: =+'02_CUADRYGRÁF.COMP.ÚLT.5 CAMP.'!E50+'04_CUADROS ACUMULADOS'!F47 -> 576.72214 | G48: =+'02_CUADRYGRÁF.COMP.ÚLT.5 CAMP.'!F50+'04_CUADROS ACUMULADOS'!G47 -> 759.436 | H48: =+IF(ISNUMBER('02_CUADRYGRÁF.COMP.ÚLT.5 CAMP.'!G50),('02_CUADRYGRÁF.COMP.ÚLT.5 CAMP.'!G50+H47),NA()) -> 744.44 | I48: =IF(ISNUMBER(H48),H48/G48-1,"") -> -0.019746233 | J48: =IF(ISNUMBER(H48),H48/AVERAGE(E48:G48)-1,"") -> 0.16971647 | K48: =IF(ISNUMBER(H48),H48/AVERAGE(D48:G48)-1,"") -> 0.092119669
C49: JULIO | D49: =+'02_CUADRYGRÁF.COMP.ÚLT.5 CAMP.'!C51+'04_CUADROS ACUMULADOS'!D48 -> 907.73142 | E49: =+'02_CUADRYGRÁF.COMP.ÚLT.5 CAMP.'!D51+'04_CUADROS ACUMULADOS'!E48 -> 631.9986 | F49: =+'02_CUADRYGRÁF.COMP.ÚLT.5 CAMP.'!E51+'04_CUADROS ACUMULADOS'!F48 -> 636.18793 | G49: =+'02_CUADRYGRÁF.COMP.ÚLT.5 CAMP.'!F51+'04_CUADROS ACUMULADOS'!G48 -> 870.433 | H49: =+IF(ISNUMBER('02_CUADRYGRÁF.COMP.ÚLT.5 CAMP.'!G51),('02_CUADRYGRÁF.COMP.ÚLT.5 CAMP.'!G51+H48),NA()) -> 833.44 | I49: =IF(ISNUMBER(H49),H49/G49-1,"") -> -0.042499538 | J49: =IF(ISNUMBER(H49),H49/AVERAGE(E49:G49)-1,"") -> 0.16912801 | K49: =IF(ISNUMBER(H49),H49/AVERAGE(D49:G49)-1,"") -> 0.094345349
C50: AGOSTO | D50: =+'02_CUADRYGRÁF.COMP.ÚLT.5 CAMP.'!C52+'04_CUADROS ACUMULADOS'!D49 -> 990.87665 | E50: =+'02_CUADRYGRÁF.COMP.ÚLT.5 CAMP.'!D52+'04_CUADROS ACUMULADOS'!E49 -> 680.12511 | F50: =+'02_CUADRYGRÁF.COMP.ÚLT.5 CAMP.'!E52+'04_CUADROS ACUMULADOS'!F49 -> 691.25827 | G50: =+'02_CUADRYGRÁF.COMP.ÚLT.5 CAMP.'!F52+'04_CUADROS ACUMULADOS'!G49 -> 946.484 | H50: =+IF(ISNUMBER('02_CUADRYGRÁF.COMP.ÚLT.5 CAMP.'!G52),('02_CUADRYGRÁF.COMP.ÚLT.5 CAMP.'!G52+H49),NA()) -> #N/A | I50: =IF(ISNUMBER(H50),H50/G50-1,"") | J50: =IF(ISNUMBER(H50),H50/AVERAGE(E50:G50)-1,"") | K50: =IF(ISNUMBER(H50),H50/AVERAGE(D50:G50)-1,"")
C51: SEPTIEMBRE | D51: =+'02_CUADRYGRÁF.COMP.ÚLT.5 CAMP.'!C53+'04_CUADROS ACUMULADOS'!D50 -> 1080.2425 | E51: =+'02_CUADRYGRÁF.COMP.ÚLT.5 CAMP.'!D53+'04_CUADROS ACUMULADOS'!E50 -> 738.85136 | F51: =+'02_CUADRYGRÁF.COMP.ÚLT.5 CAMP.'!E53+'04_CUADROS ACUMULADOS'!F50 -> 760.32535 | G51: =+'02_CUADRYGRÁF.COMP.ÚLT.5 CAMP.'!F53+'04_CUADROS ACUMULADOS'!G50 -> 1041.571 | H51: =+IF(ISNUMBER('02_CUADRYGRÁF.COMP.ÚLT.5 CAMP.'!G53),('02_CUADRYGRÁF.COMP.ÚLT.5 CAMP.'!G53+H50),NA()) -> #N/A | I51: =IF(ISNUMBER(H51),H51/G51-1,"") | J51: =IF(ISNUMBER(H51),H51/AVERAGE(E51:G51)-1,"") | K51: =IF(ISNUMBER(H51),H51/AVERAGE(D51:G51)-1,"")
D54: MERCADO INTERIOR APARENTE ACUMULADO
D55: 2021/22 | E55: 2022/23 | F55: 2023/24 | G55: 2024/25 | H55: 2025/26 | I55: % 2025 s. 2024 | J55: % 2025 s. Media tres | K55: % 2025 s. Media cuatro
C56: OCTUBRE | D56: =+'02_CUADRYGRÁF.COMP.ÚLT.5 CAMP.'!C59 -> 39.58029 | E56: =+'02_CUADRYGRÁF.COMP.ÚLT.5 CAMP.'!D59 -> 42.192539 | F56: =+'02_CUADRYGRÁF.COMP.ÚLT.5 CAMP.'!E59 -> 25.320353 | G56: =+'02_CUADRYGRÁF.COMP.ÚLT.5 CAMP.'!F59 -> 38.408902 | H56: =+IF(ISNUMBER('02_CUADRYGRÁF.COMP.ÚLT.5 CAMP.'!G59),'02_CUADRYGRÁF.COMP.ÚLT.5 CAMP.'!G59,NA()) -> 37.725167 | I56: =IF(ISNUMBER(H56),H56/G56-1,"") -> -0.017801464 | J56: =IF(ISNUMBER(H56),H56/AVERAGE(E56:G56)-1,"") -> 0.068481724 | K56: =IF(ISNUMBER(H56),H56/AVERAGE(D56:G56)-1,"") -> 0.037103138
C57: NOVIEMBRE | D57: =+'02_CUADRYGRÁF.COMP.ÚLT.5 CAMP.'!C60+'04_CUADROS ACUMULADOS'!D56 -> 87.318 | E57: =+'02_CUADRYGRÁF.COMP.ÚLT.5 CAMP.'!D60+'04_CUADROS ACUMULADOS'!E56 -> 81.693125 | F57: =+'02_CUADRYGRÁF.COMP.ÚLT.5 CAMP.'!E60+'04_CUADROS ACUMULADOS'!F56 -> 72.222499 | G57: =+'02_CUADRYGRÁF.COMP.ÚLT.5 CAMP.'!F60+'04_CUADROS ACUMULADOS'!G56 -> 78.847649 | H57: =+IF(ISNUMBER('02_CUADRYGRÁF.COMP.ÚLT.5 CAMP.'!G60),('02_CUADRYGRÁF.COMP.ÚLT.5 CAMP.'!G60+H56),NA()) -> 83.849369 | I57: =IF(ISNUMBER(H57),H57/G57-1,"") -> 0.063435244 | J57: =IF(ISNUMBER(H57),H57/AVERAGE(E57:G57)-1,"") -> 0.080703597 | K57: =IF(ISNUMBER(H57),H57/AVERAGE(D57:G57)-1,"") -> 0.047850978
C58: DICIEMBRE | D58: =+'02_CUADRYGRÁF.COMP.ÚLT.5 CAMP.'!C61+'04_CUADROS ACUMULADOS'!D57 -> 139.05805 | E58: =+'02_CUADRYGRÁF.COMP.ÚLT.5 CAMP.'!D61+'04_CUADROS ACUMULADOS'!E57 -> 105.20743 | F58: =+'02_CUADRYGRÁF.COMP.ÚLT.5 CAMP.'!E61+'04_CUADROS ACUMULADOS'!F57 -> 109.24245 | G58: =+'02_CUADRYGRÁF.COMP.ÚLT.5 CAMP.'!F61+'04_CUADROS ACUMULADOS'!G57 -> 133.07269 | H58: =+IF(ISNUMBER('02_CUADRYGRÁF.COMP.ÚLT.5 CAMP.'!G61),('02_CUADRYGRÁF.COMP.ÚLT.5 CAMP.'!G61+H57),NA()) -> 130.76868 | I58: =IF(ISNUMBER(H58),H58/G58-1,"") -> -0.017313901 | J58: =IF(ISNUMBER(H58),H58/AVERAGE(E58:G58)-1,"") -> 0.12886494 | K58: =IF(ISNUMBER(H58),H58/AVERAGE(D58:G58)-1,"") -> 0.075001148
C59: ENERO | D59: =+'02_CUADRYGRÁF.COMP.ÚLT.5 CAMP.'!C62+'04_CUADROS ACUMULADOS'!D58 -> 193.13758 | E59: =+'02_CUADRYGRÁF.COMP.ÚLT.5 CAMP.'!D62+'04_CUADROS ACUMULADOS'!E58 -> 119.54563 | F59: =+'02_CUADRYGRÁF.COMP.ÚLT.5 CAMP.'!E62+'04_CUADROS ACUMULADOS'!F58 -> 147.9461 | G59: =+'02_CUADRYGRÁF.COMP.ÚLT.5 CAMP.'!F62+'04_CUADROS ACUMULADOS'!G58 -> 182.50297 | H59: =+IF(ISNUMBER('02_CUADRYGRÁF.COMP.ÚLT.5 CAMP.'!G62),('02_CUADRYGRÁF.COMP.ÚLT.5 CAMP.'!G62+H58),NA()) -> 171.7858 | I59: =IF(ISNUMBER(H59),H59/G59-1,"") -> -0.058723296 | J59: =IF(ISNUMBER(H59),H59/AVERAGE(E59:G59)-1,"") -> 0.14525212 | K59: =IF(ISNUMBER(H59),H59/AVERAGE(D59:G59)-1,"") -> 0.068432113
C60: FEBRERO | D60: =+'02_CUADRYGRÁF.COMP.ÚLT.5 CAMP.'!C63+'04_CUADROS ACUMULADOS'!D59 -> 237.43852 | E60: =+'02_CUADRYGRÁF.COMP.ÚLT.5 CAMP.'!D63+'04_CUADROS ACUMULADOS'!E59 -> 149.5966 | F60: =+'02_CUADRYGRÁF.COMP.ÚLT.5 CAMP.'!E63+'04_CUADROS ACUMULADOS'!F59 -> 179.09567 | G60: =+'02_CUADRYGRÁF.COMP.ÚLT.5 CAMP.'!F63+'04_CUADROS ACUMULADOS'!G59 -> 223.07189 | H60: =+IF(ISNUMBER('02_CUADRYGRÁF.COMP.ÚLT.5 CAMP.'!G63),('02_CUADRYGRÁF.COMP.ÚLT.5 CAMP.'!G63+H59),NA()) -> 217.40171 | I60: =IF(ISNUMBER(H60),H60/G60-1,"") -> -0.025418614 | J60: =IF(ISNUMBER(H60),H60/AVERAGE(E60:G60)-1,"") -> 0.18203606 | K60: =IF(ISNUMBER(H60),H60/AVERAGE(D60:G60)-1,"") -> 0.10188025
C61: MARZO | D61: =+'02_CUADRYGRÁF.COMP.ÚLT.5 CAMP.'!C64+'04_CUADROS ACUMULADOS'!D60 -> 308.10798 | E61: =+'02_CUADRYGRÁF.COMP.ÚLT.5 CAMP.'!D64+'04_CUADROS ACUMULADOS'!E60 -> 180.12047 | F61: =+'02_CUADRYGRÁF.COMP.ÚLT.5 CAMP.'!E64+'04_CUADROS ACUMULADOS'!F60 -> 208.57231 | G61: =+'02_CUADRYGRÁF.COMP.ÚLT.5 CAMP.'!F64+'04_CUADROS ACUMULADOS'!G60 -> 266.6784 | H61: =+IF(ISNUMBER('02_CUADRYGRÁF.COMP.ÚLT.5 CAMP.'!G64),('02_CUADRYGRÁF.COMP.ÚLT.5 CAMP.'!G64+H60),NA()) -> 265.56317 | I61: =IF(ISNUMBER(H61),H61/G61-1,"") -> -0.0041819459 | J61: =IF(ISNUMBER(H61),H61/AVERAGE(E61:G61)-1,"") -> 0.21563097 | K61: =IF(ISNUMBER(H61),H61/AVERAGE(D61:G61)-1,"") -> 0.10251754
C62: ABRIL | D62: =+'02_CUADRYGRÁF.COMP.ÚLT.5 CAMP.'!C65+'04_CUADROS ACUMULADOS'!D61 -> 364.31629 | E62: =+'02_CUADRYGRÁF.COMP.ÚLT.5 CAMP.'!D65+'04_CUADROS ACUMULADOS'!E61 -> 201.78309 | F62: =+'02_CUADRYGRÁF.COMP.ÚLT.5 CAMP.'!E65+'04_CUADROS ACUMULADOS'!F61 -> 242.35324 | G62: =+'02_CUADRYGRÁF.COMP.ÚLT.5 CAMP.'!F65+'04_CUADROS ACUMULADOS'!G61 -> 302.35137 | H62: =+IF(ISNUMBER('02_CUADRYGRÁF.COMP.ÚLT.5 CAMP.'!G65),('02_CUADRYGRÁF.COMP.ÚLT.5 CAMP.'!G65+H61),NA()) -> 297.98612 | I62: =IF(ISNUMBER(H62),H62/G62-1,"") -> -0.014437667 | J62: =IF(ISNUMBER(H62),H62/AVERAGE(E62:G62)-1,"") -> 0.1975527 | K62: =IF(ISNUMBER(H62),H62/AVERAGE(D62:G62)-1,"") -> 0.073046633
C63: MAYO | D63: =+'02_CUADRYGRÁF.COMP.ÚLT.5 CAMP.'!C66+'04_CUADROS ACUMULADOS'!D62 -> 405.23772 | E63: =+'02_CUADRYGRÁF.COMP.ÚLT.5 CAMP.'!D66+'04_CUADROS ACUMULADOS'!E62 -> 226.09083 | F63: =+'02_CUADRYGRÁF.COMP.ÚLT.5 CAMP.'!E66+'04_CUADROS ACUMULADOS'!F62 -> 275.97414 | G63: =+'02_CUADRYGRÁF.COMP.ÚLT.5 CAMP.'!F66+'04_CUADROS ACUMULADOS'!G62 -> 339.23713 | H63: =+IF(ISNUMBER('02_CUADRYGRÁF.COMP.ÚLT.5 CAMP.'!G66),('02_CUADRYGRÁF.COMP.ÚLT.5 CAMP.'!G66+H62),NA()) -> 328.76766 | I63: =IF(ISNUMBER(H63),H63/G63-1,"") -> -0.030861814 | J63: =IF(ISNUMBER(H63),H63/AVERAGE(E63:G63)-1,"") -> 0.17235293 | K63: =IF(ISNUMBER(H63),H63/AVERAGE(D63:G63)-1,"") -> 0.054976844
C64: JUNIO | D64: =+'02_CUADRYGRÁF.COMP.ÚLT.5 CAMP.'!C67+'04_CUADROS ACUMULADOS'!D63 -> 458.65273 | E64: =+'02_CUADRYGRÁF.COMP.ÚLT.5 CAMP.'!D67+'04_CUADROS ACUMULADOS'!E63 -> 252.31127 | F64: =+'02_CUADRYGRÁF.COMP.ÚLT.5 CAMP.'!E67+'04_CUADROS ACUMULADOS'!F63 -> 302.80638 | G64: =+'02_CUADRYGRÁF.COMP.ÚLT.5 CAMP.'!F67+'04_CUADROS ACUMULADOS'!G63 -> 377.19269 | H64: =+IF(ISNUMBER('02_CUADRYGRÁF.COMP.ÚLT.5 CAMP.'!G67),('02_CUADRYGRÁF.COMP.ÚLT.5 CAMP.'!G67+H63),NA()) -> 363.69125 | I64: =IF(ISNUMBER(H64),H64/G64-1,"") -> -0.035794552 | J64: =IF(ISNUMBER(H64),H64/AVERAGE(E64:G64)-1,"") -> 0.1702903 | K64: =IF(ISNUMBER(H64),H64/AVERAGE(D64:G64)-1,"") -> 0.045868884
C65: JULIO | D65: =+'02_CUADRYGRÁF.COMP.ÚLT.5 CAMP.'!C68+'04_CUADROS ACUMULADOS'!D64 -> 492.20742 | E65: =+'02_CUADRYGRÁF.COMP.ÚLT.5 CAMP.'!D68+'04_CUADROS ACUMULADOS'!E64 -> 285.7364 | F65: =+'02_CUADRYGRÁF.COMP.ÚLT.5 CAMP.'!E68+'04_CUADROS ACUMULADOS'!F64 -> 337.66899 | G65: =+'02_CUADRYGRÁF.COMP.ÚLT.5 CAMP.'!F68+'04_CUADROS ACUMULADOS'!G64 -> 414.92887 | H65: =+IF(ISNUMBER('02_CUADRYGRÁF.COMP.ÚLT.5 CAMP.'!G68),('02_CUADRYGRÁF.COMP.ÚLT.5 CAMP.'!G68+H64),NA()) -> 405.06638 | I65: =IF(ISNUMBER(H65),H65/G65-1,"") -> -0.023769118 | J65: =IF(ISNUMBER(H65),H65/AVERAGE(E65:G65)-1,"") -> 0.1703352 | K65: =IF(ISNUMBER(H65),H65/AVERAGE(D65:G65)-1,"") -> 0.058622272
C66: AGOSTO | D66: =+'02_CUADRYGRÁF.COMP.ÚLT.5 CAMP.'!C69+'04_CUADROS ACUMULADOS'!D65 -> 546.06816 | E66: =+'02_CUADRYGRÁF.COMP.ÚLT.5 CAMP.'!D69+'04_CUADROS ACUMULADOS'!E65 -> 314.7594 | F66: =+'02_CUADRYGRÁF.COMP.ÚLT.5 CAMP.'!E69+'04_CUADROS ACUMULADOS'!F65 -> 368.54204 | G66: =+'02_CUADRYGRÁF.COMP.ÚLT.5 CAMP.'!F69+'04_CUADROS ACUMULADOS'!G65 -> 450.44153 | H66: =+IF(ISNUMBER('02_CUADRYGRÁF.COMP.ÚLT.5 CAMP.'!G69),('02_CUADRYGRÁF.COMP.ÚLT.5 CAMP.'!G69+H65),NA()) -> #N/A | I66: =IF(ISNUMBER(H66),H66/G66-1,"") | J66: =IF(ISNUMBER(H66),H66/AVERAGE(E66:G66)-1,"") | K66: =IF(ISNUMBER(H66),H66/AVERAGE(D66:G66)-1,"")
C67: SEPTIEMBRE | D67: =+'02_CUADRYGRÁF.COMP.ÚLT.5 CAMP.'!C70+'04_CUADROS ACUMULADOS'!D66 -> 594.57562 | E67: =+'02_CUADRYGRÁF.COMP.ÚLT.5 CAMP.'!D70+'04_CUADROS ACUMULADOS'!E66 -> 348.68927 | F67: =+'02_CUADRYGRÁF.COMP.ÚLT.5 CAMP.'!E70+'04_CUADROS ACUMULADOS'!F66 -> 399.85747 | G67: =+'02_CUADRYGRÁF.COMP.ÚLT.5 CAMP.'!F70+'04_CUADROS ACUMULADOS'!G66 -> 482.77903 | H67: =+IF(ISNUMBER('02_CUADRYGRÁF.COMP.ÚLT.5 CAMP.'!G70),('02_CUADRYGRÁF.COMP.ÚLT.5 CAMP.'!G70+H66),NA()) -> #N/A | I67: =IF(ISNUMBER(H67),H67/G67-1,"") | J67: =IF(ISNUMBER(H67),H67/AVERAGE(E67:G67)-1,"") | K67: =IF(ISNUMBER(H67),H67/AVERAGE(D67:G67)-1,"")
D70: MERCADO TOTAL ACUMULADO
D71: 2021/22 | E71: 2022/23 | F71: 2023/24 | G71: 2024/25 | H71: 2025/26 | I71: % 2025 s. 2024 | J71: % 2025 s. Media tres | K71: % 2025 s. Media cuatro
C72: OCTUBRE | D72: =+'02_CUADRYGRÁF.COMP.ÚLT.5 CAMP.'!C76 -> 123.07807 | E72: =+'02_CUADRYGRÁF.COMP.ÚLT.5 CAMP.'!D76 -> 130.72025 | F72: =+'02_CUADRYGRÁF.COMP.ÚLT.5 CAMP.'!E76 -> 81.075489 | G72: =+'02_CUADRYGRÁF.COMP.ÚLT.5 CAMP.'!F76 -> 98.686902 | H72: =+IF(ISNUMBER('02_CUADRYGRÁF.COMP.ÚLT.5 CAMP.'!G76),'02_CUADRYGRÁF.COMP.ÚLT.5 CAMP.'!G76,NA()) -> 115.69317 | I72: =IF(ISNUMBER(H72),H72/G72-1,"") -> 0.17232546 | J72: =IF(ISNUMBER(H72),H72/AVERAGE(E72:G72)-1,"") -> 0.11787087 | K72: =IF(ISNUMBER(H72),H72/AVERAGE(D72:G72)-1,"") -> 0.067376852
C73: NOVIEMBRE | D73: =+'02_CUADRYGRÁF.COMP.ÚLT.5 CAMP.'!C77+'04_CUADROS ACUMULADOS'!D72 -> 254.22423 | E73: =+'02_CUADRYGRÁF.COMP.ÚLT.5 CAMP.'!D77+'04_CUADROS ACUMULADOS'!E72 -> 237.91144 | F73: =+'02_CUADRYGRÁF.COMP.ÚLT.5 CAMP.'!E77+'04_CUADROS ACUMULADOS'!F72 -> 180.69223 | G73: =+'02_CUADRYGRÁF.COMP.ÚLT.5 CAMP.'!F77+'04_CUADROS ACUMULADOS'!G72 -> 199.06265 | H73: =+IF(ISNUMBER('02_CUADRYGRÁF.COMP.ÚLT.5 CAMP.'!G77),('02_CUADRYGRÁF.COMP.ÚLT.5 CAMP.'!G77+H72),NA()) -> 234.11437 | I73: =IF(ISNUMBER(H73),H73/G73-1,"") -> 0.17608386 | J73: =IF(ISNUMBER(H73),H73/AVERAGE(E73:G73)-1,"") -> 0.13709148 | K73: =IF(ISNUMBER(H73),H73/AVERAGE(D73:G73)-1,"") -> 0.074053935
C74: DICIEMBRE | D74: =+'02_CUADRYGRÁF.COMP.ÚLT.5 CAMP.'!C78+'04_CUADROS ACUMULADOS'!D73 -> 387.39111 | E74: =+'02_CUADRYGRÁF.COMP.ÚLT.5 CAMP.'!D78+'04_CUADROS ACUMULADOS'!E73 -> 324.99453 | F74: =+'02_CUADRYGRÁF.COMP.ÚLT.5 CAMP.'!E78+'04_CUADROS ACUMULADOS'!F73 -> 277.54125 | G74: =+'02_CUADRYGRÁF.COMP.ÚLT.5 CAMP.'!F78+'04_CUADROS ACUMULADOS'!G73 -> 323.01069 | H74: =+IF(ISNUMBER('02_CUADRYGRÁF.COMP.ÚLT.5 CAMP.'!G78),('02_CUADRYGRÁF.COMP.ÚLT.5 CAMP.'!G78+H73),NA()) -> 353.22568 | I74: =IF(ISNUMBER(H74),H74/G74-1,"") -> 0.093541773 | J74: =IF(ISNUMBER(H74),H74/AVERAGE(E74:G74)-1,"") -> 0.14492042 | K74: =IF(ISNUMBER(H74),H74/AVERAGE(D74:G74)-1,"") -> 0.076138545
C75: ENERO | D75: =+'02_CUADRYGRÁF.COMP.ÚLT.5 CAMP.'!C79+'04_CUADROS ACUMULADOS'!D74 -> 515.21656 | E75: =+'02_CUADRYGRÁF.COMP.ÚLT.5 CAMP.'!D79+'04_CUADROS ACUMULADOS'!E74 -> 395.30392 | F75: =+'02_CUADRYGRÁF.COMP.ÚLT.5 CAMP.'!E79+'04_CUADROS ACUMULADOS'!F74 -> 385.78992 | G75: =+'02_CUADRYGRÁF.COMP.ÚLT.5 CAMP.'!F79+'04_CUADROS ACUMULADOS'!G74 -> 461.74497 | H75: =+IF(ISNUMBER('02_CUADRYGRÁF.COMP.ÚLT.5 CAMP.'!G79),('02_CUADRYGRÁF.COMP.ÚLT.5 CAMP.'!G79+H74),NA()) -> 473.4338 | I75: =IF(ISNUMBER(H75),H75/G75-1,"") -> 0.025314458 | J75: =IF(ISNUMBER(H75),H75/AVERAGE(E75:G75)-1,"") -> 0.14278809 | K75: =IF(ISNUMBER(H75),H75/AVERAGE(D75:G75)-1,"") -> 0.077176077
C76: FEBRERO | D76: =+'02_CUADRYGRÁF.COMP.ÚLT.5 CAMP.'!C80+'04_CUADROS ACUMULADOS'!D75 -> 647.84707 | E76: =+'02_CUADRYGRÁF.COMP.ÚLT.5 CAMP.'!D80+'04_CUADROS ACUMULADOS'!E75 -> 473.61823 | F76: =+'02_CUADRYGRÁF.COMP.ÚLT.5 CAMP.'!E80+'04_CUADROS ACUMULADOS'!F75 -> 481.93527 | G76: =+'02_CUADRYGRÁF.COMP.ÚLT.5 CAMP.'!F80+'04_CUADROS ACUMULADOS'!G75 -> 592.94189 | H76: =+IF(ISNUMBER('02_CUADRYGRÁF.COMP.ÚLT.5 CAMP.'!G80),('02_CUADRYGRÁF.COMP.ÚLT.5 CAMP.'!G80+H75),NA()) -> 608.32571 | I76: =IF(ISNUMBER(H76),H76/G76-1,"") -> 0.025944906 | J76: =IF(ISNUMBER(H76),H76/AVERAGE(E76:G76)-1,"") -> 0.17854864 | K76: =IF(ISNUMBER(H76),H76/AVERAGE(D76:G76)-1,"") -> 0.10788863
C77: MARZO | D77: =+'02_CUADRYGRÁF.COMP.ÚLT.5 CAMP.'!C81+'04_CUADROS ACUMULADOS'!D76 -> 796.8145 | E77: =+'02_CUADRYGRÁF.COMP.ÚLT.5 CAMP.'!D81+'04_CUADROS ACUMULADOS'!E76 -> 568.33805 | F77: =+'02_CUADRYGRÁF.COMP.ÚLT.5 CAMP.'!E81+'04_CUADROS ACUMULADOS'!F76 -> 572.02255 | G77: =+'02_CUADRYGRÁF.COMP.ÚLT.5 CAMP.'!F81+'04_CUADROS ACUMULADOS'!G76 -> 733.5294 | H77: =+IF(ISNUMBER('02_CUADRYGRÁF.COMP.ÚLT.5 CAMP.'!G81),('02_CUADRYGRÁF.COMP.ÚLT.5 CAMP.'!G81+H76),NA()) -> 754.40417 | I77: =IF(ISNUMBER(H77),H77/G77-1,"") -> 0.02845798 | J77: =IF(ISNUMBER(H77),H77/AVERAGE(E77:G77)-1,"") -> 0.20776166 | K77: =IF(ISNUMBER(H77),H77/AVERAGE(D77:G77)-1,"") -> 0.12989538
C78: ABRIL | D78: =+'02_CUADRYGRÁF.COMP.ÚLT.5 CAMP.'!C82+'04_CUADROS ACUMULADOS'!D77 -> 960.35608 | E78: =+'02_CUADRYGRÁF.COMP.ÚLT.5 CAMP.'!D82+'04_CUADROS ACUMULADOS'!E77 -> 641.59056 | F78: =+'02_CUADRYGRÁF.COMP.ÚLT.5 CAMP.'!E82+'04_CUADROS ACUMULADOS'!F77 -> 680.21268 | G78: =+'02_CUADRYGRÁF.COMP.ÚLT.5 CAMP.'!F82+'04_CUADROS ACUMULADOS'!G77 -> 867.98037 | H78: =+IF(ISNUMBER('02_CUADRYGRÁF.COMP.ÚLT.5 CAMP.'!G82),('02_CUADRYGRÁF.COMP.ÚLT.5 CAMP.'!G82+H77),NA()) -> 873.45212 | I78: =IF(ISNUMBER(H78),H78/G78-1,"") -> 0.0063040038 | J78: =IF(ISNUMBER(H78),H78/AVERAGE(E78:G78)-1,"") -> 0.19662799 | K78: =IF(ISNUMBER(H78),H78/AVERAGE(D78:G78)-1,"") -> 0.10909636
C79: MAYO | D79: =+'02_CUADRYGRÁF.COMP.ÚLT.5 CAMP.'!C83+'04_CUADROS ACUMULADOS'!D78 -> 1119.0958 | E79: =+'02_CUADRYGRÁF.COMP.ÚLT.5 CAMP.'!D83+'04_CUADROS ACUMULADOS'!E78 -> 734.15097 | F79: =+'02_CUADRYGRÁF.COMP.ÚLT.5 CAMP.'!E83+'04_CUADROS ACUMULADOS'!F78 -> 786.11838 | G79: =+'02_CUADRYGRÁF.COMP.ÚLT.5 CAMP.'!F83+'04_CUADROS ACUMULADOS'!G78 -> 1004.1901 | H79: =+IF(ISNUMBER('02_CUADRYGRÁF.COMP.ÚLT.5 CAMP.'!G83),('02_CUADRYGRÁF.COMP.ÚLT.5 CAMP.'!G83+H78),NA()) -> 989.32866 | I79: =IF(ISNUMBER(H79),H79/G79-1,"") -> -0.014799462 | J79: =IF(ISNUMBER(H79),H79/AVERAGE(E79:G79)-1,"") -> 0.17569167 | K79: =IF(ISNUMBER(H79),H79/AVERAGE(D79:G79)-1,"") -> 0.086113502
C80: JUNIO | D80: =+'02_CUADRYGRÁF.COMP.ÚLT.5 CAMP.'!C84+'04_CUADROS ACUMULADOS'!D79 -> 1275.9572 | E80: =+'02_CUADRYGRÁF.COMP.ÚLT.5 CAMP.'!D84+'04_CUADROS ACUMULADOS'!E79 -> 825.43633 | F80: =+'02_CUADRYGRÁF.COMP.ÚLT.5 CAMP.'!E84+'04_CUADROS ACUMULADOS'!F79 -> 879.52852 | G80: =+'02_CUADRYGRÁF.COMP.ÚLT.5 CAMP.'!F84+'04_CUADROS ACUMULADOS'!G79 -> 1136.6287 | H80: =+IF(ISNUMBER('02_CUADRYGRÁF.COMP.ÚLT.5 CAMP.'!G84),('02_CUADRYGRÁF.COMP.ÚLT.5 CAMP.'!G84+H79),NA()) -> 1108.1313 | I80: =IF(ISNUMBER(H80),H80/G80-1,"") -> -0.025071902 | J80: =IF(ISNUMBER(H80),H80/AVERAGE(E80:G80)-1,"") -> 0.16990474 | K80: =IF(ISNUMBER(H80),H80/AVERAGE(D80:G80)-1,"") -> 0.076495543
C81: JULIO | D81: =+'02_CUADRYGRÁF.COMP.ÚLT.5 CAMP.'!C85+'04_CUADROS ACUMULADOS'!D80 -> 1399.9388 | E81: =+'02_CUADRYGRÁF.COMP.ÚLT.5 CAMP.'!D85+'04_CUADROS ACUMULADOS'!E80 -> 917.735 | F81: =+'02_CUADRYGRÁF.COMP.ÚLT.5 CAMP.'!E85+'04_CUADROS ACUMULADOS'!F80 -> 973.85693 | G81: =+'02_CUADRYGRÁF.COMP.ÚLT.5 CAMP.'!F85+'04_CUADROS ACUMULADOS'!G80 -> 1285.3619 | H81: =+IF(ISNUMBER('02_CUADRYGRÁF.COMP.ÚLT.5 CAMP.'!G85),('02_CUADRYGRÁF.COMP.ÚLT.5 CAMP.'!G85+H80),NA()) -> 1238.5064 | I81: =IF(ISNUMBER(H81),H81/G81-1,"") -> -0.036453153 | J81: =IF(ISNUMBER(H81),H81/AVERAGE(E81:G81)-1,"") -> 0.16952256 | K81: =IF(ISNUMBER(H81),H81/AVERAGE(D81:G81)-1,"") -> 0.082399327
C82: AGOSTO | D82: =+'02_CUADRYGRÁF.COMP.ÚLT.5 CAMP.'!C86+'04_CUADROS ACUMULADOS'!D81 -> 1536.9448 | E82: =+'02_CUADRYGRÁF.COMP.ÚLT.5 CAMP.'!D86+'04_CUADROS ACUMULADOS'!E81 -> 994.88451 | F82: =+'02_CUADRYGRÁF.COMP.ÚLT.5 CAMP.'!E86+'04_CUADROS ACUMULADOS'!F81 -> 1059.8003 | G82: =+'02_CUADRYGRÁF.COMP.ÚLT.5 CAMP.'!F86+'04_CUADROS ACUMULADOS'!G81 -> 1396.9255 | H82: =+IF(ISNUMBER('02_CUADRYGRÁF.COMP.ÚLT.5 CAMP.'!G86),('02_CUADRYGRÁF.COMP.ÚLT.5 CAMP.'!G86+H81),NA()) -> #N/A | I82: =IF(ISNUMBER(H82),H82/G82-1,"") | J82: =IF(ISNUMBER(H82),H82/AVERAGE(E82:G82)-1,"") | K82: =IF(ISNUMBER(H82),H82/AVERAGE(D82:G82)-1,"")
C83: SEPTIEMBRE | D83: =+'02_CUADRYGRÁF.COMP.ÚLT.5 CAMP.'!C87+'04_CUADROS ACUMULADOS'!D82 -> 1674.8181 | E83: =+'02_CUADRYGRÁF.COMP.ÚLT.5 CAMP.'!D87+'04_CUADROS ACUMULADOS'!E82 -> 1087.5406 | F83: =+'02_CUADRYGRÁF.COMP.ÚLT.5 CAMP.'!E87+'04_CUADROS ACUMULADOS'!F82 -> 1160.1828 | G83: =+'02_CUADRYGRÁF.COMP.ÚLT.5 CAMP.'!F87+'04_CUADROS ACUMULADOS'!G82 -> 1524.35 | H83: =+IF(ISNUMBER('02_CUADRYGRÁF.COMP.ÚLT.5 CAMP.'!G87),('02_CUADRYGRÁF.COMP.ÚLT.5 CAMP.'!G87+H82),NA()) -> #N/A | I83: =IF(ISNUMBER(H83),H83/G83-1,"") | J83: =IF(ISNUMBER(H83),H83/AVERAGE(E83:G83)-1,"") | K83: =IF(ISNUMBER(H83),H83/AVERAGE(D83:G83)-1,"")
C84: Fuente: SIMO

Sheet 05_GRÁF.COMP.MEDIA 4 ÚLT.CAMPAÑ
B2: 05_GRÁFICOS COMPARATIVOS CON LA MEDIA DE LAS ÚLTIMAS CAMPAÑAS
B6: PRODUCCIÓN | I6: IMPORTACIONES
B7: GRÁFICO PRODUCCIÓN | I7: GRÁFICO IMPORTACIONES
C8: Mes | D8: =+'04_CUADROS ACUMULADOS'!$H$7 -> 2025/26 | E8: Media 4 últimas campañas | J8: Mes | K8: =+'04_CUADROS ACUMULADOS'!$H$7 -> 2025/26 | L8: Media 4 últimas campañas
C9: Oct | D9: =+IF('02_CUADRYGRÁF.COMP.ÚLT.5 CAMP.'!G8<>0,'02_CUADRYGRÁF.COMP.ÚLT.5 CAMP.'!G8,NA()) -> 43.145437 | E9: =+AVERAGE('02_CUADRYGRÁF.COMP.ÚLT.5 CAMP.'!C8:F8) -> 39.38911 | J9: Oct | K9: =+IF('02_CUADRYGRÁF.COMP.ÚLT.5 CAMP.'!G25<>0,'02_CUADRYGRÁF.COMP.ÚLT.5 CAMP.'!G25,NA()) -> 9.142 | L9: =+AVERAGE('02_CUADRYGRÁF.COMP.ÚLT.5 CAMP.'!C25:F25) -> 14.082512
C10: Nov | D10: =+IF('02_CUADRYGRÁF.COMP.ÚLT.5 CAMP.'!G9<>0,'02_CUADRYGRÁF.COMP.ÚLT.5 CAMP.'!G9,NA()) -> 260.50073 | E10: =+AVERAGE('02_CUADRYGRÁF.COMP.ÚLT.5 CAMP.'!C9:F9) -> 238.468 | J10: Nov | K10: =+IF('02_CUADRYGRÁF.COMP.ÚLT.5 CAMP.'!G26<>0,'02_CUADRYGRÁF.COMP.ÚLT.5 CAMP.'!G26,NA()) -> 25.176 | L10: =+AVERAGE('02_CUADRYGRÁF.COMP.ÚLT.5 CAMP.'!C26:F26) -> 23.250005
C11: Dic | D11: =+IF('02_CUADRYGRÁF.COMP.ÚLT.5 CAMP.'!G10<>0,'02_CUADRYGRÁF.COMP.ÚLT.5 CAMP.'!G10,NA()) -> 425.2894 | E11: =+AVERAGE('02_CUADRYGRÁF.COMP.ÚLT.5 CAMP.'!C10:F10) -> 426.62127 | J11: Dic | K11: =+IF('02_CUADRYGRÁF.COMP.ÚLT.5 CAMP.'!G27<>0,'02_CUADRYGRÁF.COMP.ÚLT.5 CAMP.'!G27,NA()) -> 27.878 | L11: =+AVERAGE('02_CUADRYGRÁF.COMP.ÚLT.5 CAMP.'!C27:F27) -> 32.089353
C12: Ene | D12: =+IF('02_CUADRYGRÁF.COMP.ÚLT.5 CAMP.'!G11<>0,'02_CUADRYGRÁF.COMP.ÚLT.5 CAMP.'!G11,NA()) -> 329.97485 | E12: =+AVERAGE('02_CUADRYGRÁF.COMP.ÚLT.5 CAMP.'!C11:F11) -> 298.3019 | J12: Ene | K12: =+IF('02_CUADRYGRÁF.COMP.ÚLT.5 CAMP.'!G28<>0,'02_CUADRYGRÁF.COMP.ÚLT.5 CAMP.'!G28,NA()) -> 18.731 | L12: =+AVERAGE('02_CUADRYGRÁF.COMP.ÚLT.5 CAMP.'!C28:F28) -> 15.369204
C13: Feb | D13: =+IF('02_CUADRYGRÁF.COMP.ÚLT.5 CAMP.'!G12<>0,'02_CUADRYGRÁF.COMP.ÚLT.5 CAMP.'!G12,NA()) -> 143.39104 | E13: =+AVERAGE('02_CUADRYGRÁF.COMP.ÚLT.5 CAMP.'!C12:F12) -> 88.024249 | J13: Feb | K13: =+IF('02_CUADRYGRÁF.COMP.ÚLT.5 CAMP.'!G29<>0,'02_CUADRYGRÁF.COMP.ÚLT.5 CAMP.'!G29,NA()) -> 21.02 | L13: =+AVERAGE('02_CUADRYGRÁF.COMP.ÚLT.5 CAMP.'!C29:F29) -> 19.048168
C14: Mar | D14: =+IF('02_CUADRYGRÁF.COMP.ÚLT.5 CAMP.'!G13<>0,'02_CUADRYGRÁF.COMP.ÚLT.5 CAMP.'!G13,NA()) -> 84.993297 | E14: =+AVERAGE('02_CUADRYGRÁF.COMP.ÚLT.5 CAMP.'!C13:F13) -> 13.768943 | J14: Mar | K14: =+IF('02_CUADRYGRÁF.COMP.ÚLT.5 CAMP.'!G30<>0,'02_CUADRYGRÁF.COMP.ÚLT.5 CAMP.'!G30,NA()) -> 27.547 | L14: =+AVERAGE('02_CUADRYGRÁF.COMP.ÚLT.5 CAMP.'!C30:F30) -> 18.231758
C15: Abr | D15: =+IF('02_CUADRYGRÁF.COMP.ÚLT.5 CAMP.'!G14<>0,'02_CUADRYGRÁF.COMP.ÚLT.5 CAMP.'!G14,NA()) -> 12.211432 | E15: =+AVERAGE('02_CUADRYGRÁF.COMP.ÚLT.5 CAMP.'!C14:F14) -> 3.5120265 | J15: Abr | K15: =+IF('02_CUADRYGRÁF.COMP.ÚLT.5 CAMP.'!G31<>0,'02_CUADRYGRÁF.COMP.ÚLT.5 CAMP.'!G31,NA()) -> 23.062 | L15: =+AVERAGE('02_CUADRYGRÁF.COMP.ÚLT.5 CAMP.'!C31:F31) -> 18.130356
C16: May | D16: =+IF('02_CUADRYGRÁF.COMP.ÚLT.5 CAMP.'!G15<>0,'02_CUADRYGRÁF.COMP.ÚLT.5 CAMP.'!G15,NA()) -> 1.4293088 | E16: =+AVERAGE('02_CUADRYGRÁF.COMP.ÚLT.5 CAMP.'!C15:F15) -> 0.84213596 | J16: May | K16: =+IF('02_CUADRYGRÁF.COMP.ÚLT.5 CAMP.'!G32<>0,'02_CUADRYGRÁF.COMP.ÚLT.5 CAMP.'!G32,NA()) -> 24.994 | L16: =+AVERAGE('02_CUADRYGRÁF.COMP.ÚLT.5 CAMP.'!C32:F32) -> 17.58922
C17: Jun | J17: Jun | K17: =+IF('02_CUADRYGRÁF.COMP.ÚLT.5 CAMP.'!G33<>0,'02_CUADRYGRÁF.COMP.ÚLT.5 CAMP.'!G33,NA()) -> 23.636 | L17: =+AVERAGE('02_CUADRYGRÁF.COMP.ÚLT.5 CAMP.'!C33:F33) -> 16.133833
C18: Jul | J18: Jul | K18: =+IF('02_CUADRYGRÁF.COMP.ÚLT.5 CAMP.'!G34<>0,'02_CUADRYGRÁF.COMP.ÚLT.5 CAMP.'!G34,NA()) -> 16 | L18: =+AVERAGE('02_CUADRYGRÁF.COMP.ÚLT.5 CAMP.'!C34:F34) -> 16.659443
C19: Ago | J19: Ago | K19: =+IF('02_CUADRYGRÁF.COMP.ÚLT.5 CAMP.'!G35<>0,'02_CUADRYGRÁF.COMP.ÚLT.5 CAMP.'!G35,NA()) -> #N/A | L19: =+AVERAGE('02_CUADRYGRÁF.COMP.ÚLT.5 CAMP.'!C35:F35) -> 14.318271
C20: Sep | J20: Sep | K20: =+IF('02_CUADRYGRÁF.COMP.ÚLT.5 CAMP.'!G36<>0,'02_CUADRYGRÁF.COMP.ÚLT.5 CAMP.'!G36,NA()) -> #N/A | L20: =+AVERAGE('02_CUADRYGRÁF.COMP.ÚLT.5 CAMP.'!C36:F36) -> 14.410101
C21: Acumulado | D21: =SUMIF(D9:D20, "<>#N/D") -> 1300.9355 | E21: =SUMIF(D9:D20,"<>#N/D",E9:E20) -> 1108.9276 | J21: Acumulado | K21: =SUMIF(K9:K20, "<>#N/D") -> 217.186 | L21: =SUMIF(K9:K20,"<>#N/D",L9:L20) -> 190.58385
C22: % VARIACIÓN: | D22: =+D21/E21-1 -> 0.17314733 | J22: % VARIACIÓN: | K22: =+K21/L21-1 -> 0.13958238
B24: MERCADO INTERIOR APARENTE | I24: EXPORTACIONES
B25: GRÁFICO MERCADO INTERIOR APARENTE | I25: GRÁFICO EXPORTACIONES
C26: Mes | D26: =+'04_CUADROS ACUMULADOS'!$H$7 -> 2025/26 | E26: Media 4 últimas campañas | J26: Mes | K26: =+'04_CUADROS ACUMULADOS'!$H$7 -> 2025/26 | L26: Media 4 últimas campañas
C27: Oct | D27: =+IF('02_CUADRYGRÁF.COMP.ÚLT.5 CAMP.'!G59<>0,'02_CUADRYGRÁF.COMP.ÚLT.5 CAMP.'!G59,NA()) -> 37.725167 | E27: =+AVERAGE('02_CUADRYGRÁF.COMP.ÚLT.5 CAMP.'!C59:F59) -> 36.375521 | J27: Oct | K27: =+IF('02_CUADRYGRÁF.COMP.ÚLT.5 CAMP.'!G42<>0,'02_CUADRYGRÁF.COMP.ÚLT.5 CAMP.'!G42,NA()) -> 77.968 | L27: =+AVERAGE('02_CUADRYGRÁF.COMP.ÚLT.5 CAMP.'!C42:F42) -> 72.014657
C28: Nov | D28: =+IF('02_CUADRYGRÁF.COMP.ÚLT.5 CAMP.'!G60<>0,'02_CUADRYGRÁF.COMP.ÚLT.5 CAMP.'!G60,NA()) -> 46.124202 | E28: =+AVERAGE('02_CUADRYGRÁF.COMP.ÚLT.5 CAMP.'!C60:F60) -> 43.644797 | J28: Nov | K28: =+IF('02_CUADRYGRÁF.COMP.ÚLT.5 CAMP.'!G43<>0,'02_CUADRYGRÁF.COMP.ÚLT.5 CAMP.'!G43,NA()) -> 72.297 | L28: =+AVERAGE('02_CUADRYGRÁF.COMP.ÚLT.5 CAMP.'!C43:F43) -> 65.937662
C29: Dic | D29: =+IF('02_CUADRYGRÁF.COMP.ÚLT.5 CAMP.'!G61<>0,'02_CUADRYGRÁF.COMP.ÚLT.5 CAMP.'!G61,NA()) -> 46.919313 | E29: =+AVERAGE('02_CUADRYGRÁF.COMP.ÚLT.5 CAMP.'!C61:F61) -> 41.624837 | J29: Dic | K29: =+IF('02_CUADRYGRÁF.COMP.ÚLT.5 CAMP.'!G44<>0,'02_CUADRYGRÁF.COMP.ÚLT.5 CAMP.'!G44,NA()) -> 72.192 | L29: =+AVERAGE('02_CUADRYGRÁF.COMP.ÚLT.5 CAMP.'!C44:F44) -> 68.636918
C30: Ene | D30: =+IF('02_CUADRYGRÁF.COMP.ÚLT.5 CAMP.'!G62<>0,'02_CUADRYGRÁF.COMP.ÚLT.5 CAMP.'!G62,NA()) -> 41.017115 | E30: =+AVERAGE('02_CUADRYGRÁF.COMP.ÚLT.5 CAMP.'!C62:F62) -> 39.137916 | J30: Ene | K30: =+IF('02_CUADRYGRÁF.COMP.ÚLT.5 CAMP.'!G45<>0,'02_CUADRYGRÁF.COMP.ÚLT.5 CAMP.'!G45,NA()) -> 79.191 | L30: =+AVERAGE('02_CUADRYGRÁF.COMP.ÚLT.5 CAMP.'!C45:F45) -> 72.141534
C31: Feb | D31: =+IF('02_CUADRYGRÁF.COMP.ÚLT.5 CAMP.'!G63<>0,'02_CUADRYGRÁF.COMP.ÚLT.5 CAMP.'!G63,NA()) -> 45.615915 | E31: =+AVERAGE('02_CUADRYGRÁF.COMP.ÚLT.5 CAMP.'!C63:F63) -> 36.517599 | J31: Feb | K31: =+IF('02_CUADRYGRÁF.COMP.ÚLT.5 CAMP.'!G46<>0,'02_CUADRYGRÁF.COMP.ÚLT.5 CAMP.'!G46,NA()) -> 89.276 | L31: =+AVERAGE('02_CUADRYGRÁF.COMP.ÚLT.5 CAMP.'!C46:F46) -> 73.054174
C32: Mar | D32: =+IF('02_CUADRYGRÁF.COMP.ÚLT.5 CAMP.'!G64<>0,'02_CUADRYGRÁF.COMP.ÚLT.5 CAMP.'!G64,NA()) -> 48.161457 | E32: =+AVERAGE('02_CUADRYGRÁF.COMP.ÚLT.5 CAMP.'!C64:F64) -> 43.56912 | J32: Mar | K32: =+IF('02_CUADRYGRÁF.COMP.ÚLT.5 CAMP.'!G47<>0,'02_CUADRYGRÁF.COMP.ÚLT.5 CAMP.'!G47,NA()) -> 97.917 | L32: =+AVERAGE('02_CUADRYGRÁF.COMP.ÚLT.5 CAMP.'!C47:F47) -> 75.021391
C33: Abr | D33: =+IF('02_CUADRYGRÁF.COMP.ÚLT.5 CAMP.'!G65<>0,'02_CUADRYGRÁF.COMP.ÚLT.5 CAMP.'!G65,NA()) -> 32.422952 | E33: =+AVERAGE('02_CUADRYGRÁF.COMP.ÚLT.5 CAMP.'!C65:F65) -> 36.831208 | J33: Abr | K33: =+IF('02_CUADRYGRÁF.COMP.ÚLT.5 CAMP.'!G48<>0,'02_CUADRYGRÁF.COMP.ÚLT.5 CAMP.'!G48,NA()) -> 86.625 | L33: =+AVERAGE('02_CUADRYGRÁF.COMP.ÚLT.5 CAMP.'!C48:F48) -> 83.02759
C34: May | D34: =+IF('02_CUADRYGRÁF.COMP.ÚLT.5 CAMP.'!G66<>0,'02_CUADRYGRÁF.COMP.ÚLT.5 CAMP.'!G66,NA()) -> 30.781539 | E34: =+AVERAGE('02_CUADRYGRÁF.COMP.ÚLT.5 CAMP.'!C66:F66) -> 33.933956 | J34: May | K34: =+IF('02_CUADRYGRÁF.COMP.ÚLT.5 CAMP.'!G49<>0,'02_CUADRYGRÁF.COMP.ÚLT.5 CAMP.'!G49,NA()) -> 85.095 | L34: =+AVERAGE('02_CUADRYGRÁF.COMP.ÚLT.5 CAMP.'!C49:F49) -> 89.419953
C35: Jun | D35: =+IF('02_CUADRYGRÁF.COMP.ÚLT.5 CAMP.'!G67<>0,'02_CUADRYGRÁF.COMP.ÚLT.5 CAMP.'!G67,NA()) -> 34.92359 | E35: =+AVERAGE('02_CUADRYGRÁF.COMP.ÚLT.5 CAMP.'!C67:F67) -> 36.105815 | J35: Jun | K35: =+IF('02_CUADRYGRÁF.COMP.ÚLT.5 CAMP.'!G50<>0,'02_CUADRYGRÁF.COMP.ÚLT.5 CAMP.'!G50,NA()) -> 83.879 | L35: =+AVERAGE('02_CUADRYGRÁF.COMP.ÚLT.5 CAMP.'!C50:F50) -> 82.393033
C36: Jul | D36: =+IF('02_CUADRYGRÁF.COMP.ÚLT.5 CAMP.'!G68<>0,'02_CUADRYGRÁF.COMP.ÚLT.5 CAMP.'!G68,NA()) -> 41.37513 | E36: =+AVERAGE('02_CUADRYGRÁF.COMP.ÚLT.5 CAMP.'!C68:F68) -> 34.894653 | J36: Jul | K36: =+IF('02_CUADRYGRÁF.COMP.ÚLT.5 CAMP.'!G51<>0,'02_CUADRYGRÁF.COMP.ÚLT.5 CAMP.'!G51,NA()) -> 89 | L36: =+AVERAGE('02_CUADRYGRÁF.COMP.ÚLT.5 CAMP.'!C51:F51) -> 79.940827
C37: Ago | D37: =+IF('02_CUADRYGRÁF.COMP.ÚLT.5 CAMP.'!G69<>0,'02_CUADRYGRÁF.COMP.ÚLT.5 CAMP.'!G69,NA()) -> #N/A | E37: =+AVERAGE('02_CUADRYGRÁF.COMP.ÚLT.5 CAMP.'!C69:F69) -> 37.317361 | J37: Ago | K37: =+IF('02_CUADRYGRÁF.COMP.ÚLT.5 CAMP.'!G52<>0,'02_CUADRYGRÁF.COMP.ÚLT.5 CAMP.'!G52,NA()) -> #N/A | L37: =+AVERAGE('02_CUADRYGRÁF.COMP.ÚLT.5 CAMP.'!C52:F52) -> 65.598268
C38: Sep | D38: =+IF('02_CUADRYGRÁF.COMP.ÚLT.5 CAMP.'!G70<>0,'02_CUADRYGRÁF.COMP.ÚLT.5 CAMP.'!G70,NA()) -> #N/A | E38: =+AVERAGE('02_CUADRYGRÁF.COMP.ÚLT.5 CAMP.'!C70:F70) -> 36.522567 | J38: Sep | K38: =+IF('02_CUADRYGRÁF.COMP.ÚLT.5 CAMP.'!G53<>0,'02_CUADRYGRÁF.COMP.ÚLT.5 CAMP.'!G53,NA()) -> #N/A | L38: =+AVERAGE('02_CUADRYGRÁF.COMP.ÚLT.5 CAMP.'!C53:F53) -> 78.061543
C39: Acumulado | D39: =SUMIF(D27:D38, "<>#N/D") -> 405.06638 | E39: =SUMIF(D27:D38,"<>#N/D",E27:E38) -> 382.63542 | J39: Acumulado | K39: =SUMIF(K27:K38, "<>#N/D") -> 833.44 | L39: =SUMIF(K27:K38,"<>#N/D",L27:L38) -> 761.58774
C40: % VARIACIÓN: | D40: =+D39/E39-1 -> 0.058622272 | I40: % VARIACION : | K40: =+K39/L39-1 -> 0.094345349
B42: EXISTENCIAS ALMAZARAS (INCLUIDO FPCO) | I42: EXISTENCIAS TOTALES
B43: GRÁFICO EXISTENCIAS ALMAZARAS (INCLUIDO FPCO) | I43: GRÁFICO EXISTENCIAS TOTALES
C44: Mes | D44: =+'04_CUADROS ACUMULADOS'!$H$7 -> 2025/26 | E44: Media 4 últimas campañas | J44: Mes | K44: =+'04_CUADROS ACUMULADOS'!$H$7 -> 2025/26 | L44: Media 4 últimas campañas
C45: Oct | D45: =+IF('03_CUADRYGRÁF.COMP.5 ÚLT.CAMP.'!J8<>0,'03_CUADRYGRÁF.COMP.5 ÚLT.CAMP.'!J8,NA()) -> 97.73275 | E45: =+AVERAGE('03_CUADRYGRÁF.COMP.5 ÚLT.CAMP.'!F8:I8) -> 116.15584 | J45: Oct | K45: =+IF('03_CUADRYGRÁF.COMP.5 ÚLT.CAMP.'!J42<>0,'03_CUADRYGRÁF.COMP.5 ÚLT.CAMP.'!J42,NA()) -> 226.26584 | L45: =+AVERAGE('03_CUADRYGRÁF.COMP.5 ÚLT.CAMP.'!F42:I42) -> 273.41052
C46: Nov | D46: =+IF('03_CUADRYGRÁF.COMP.5 ÚLT.CAMP.'!J9<>0,'03_CUADRYGRÁF.COMP.5 ÚLT.CAMP.'!J9,NA()) -> 258.26741 | E46: =+AVERAGE('03_CUADRYGRÁF.COMP.5 ÚLT.CAMP.'!F9:I9) -> 263.21481 | J46: Nov | K46: =+IF('03_CUADRYGRÁF.COMP.5 ÚLT.CAMP.'!J43<>0,'03_CUADRYGRÁF.COMP.5 ÚLT.CAMP.'!J43,NA()) -> 393.52137 | L46: =+AVERAGE('03_CUADRYGRÁF.COMP.5 ÚLT.CAMP.'!F43:I43) -> 425.53283
C47: Dic | D47: =+IF('03_CUADRYGRÁF.COMP.5 ÚLT.CAMP.'!J10<>0,'03_CUADRYGRÁF.COMP.5 ÚLT.CAMP.'!J10,NA()) -> 562.22155 | E47: =+AVERAGE('03_CUADRYGRÁF.COMP.5 ÚLT.CAMP.'!F10:I10) -> 576.65643 | J47: Dic | K47: =+IF('03_CUADRYGRÁF.COMP.5 ÚLT.CAMP.'!J44<>0,'03_CUADRYGRÁF.COMP.5 ÚLT.CAMP.'!J44,NA()) -> 727.57746 | L47: =+AVERAGE('03_CUADRYGRÁF.COMP.5 ÚLT.CAMP.'!F44:I44) -> 773.92161
C48: Ene | D48: =+IF('03_CUADRYGRÁF.COMP.5 ÚLT.CAMP.'!J11<>0,'03_CUADRYGRÁF.COMP.5 ÚLT.CAMP.'!J11,NA()) -> 740.16749 | E48: =+AVERAGE('03_CUADRYGRÁF.COMP.5 ÚLT.CAMP.'!F11:I11) -> 750.30561 | J48: Ene | K48: =+IF('03_CUADRYGRÁF.COMP.5 ÚLT.CAMP.'!J45<>0,'03_CUADRYGRÁF.COMP.5 ÚLT.CAMP.'!J45,NA()) -> 956.07519 | L48: =+AVERAGE('03_CUADRYGRÁF.COMP.5 ÚLT.CAMP.'!F45:I45) -> 976.30769
C49: Feb | D49: =+IF('03_CUADRYGRÁF.COMP.5 ÚLT.CAMP.'!J12<>0,'03_CUADRYGRÁF.COMP.5 ÚLT.CAMP.'!J12,NA()) -> 749.92599 | E49: =+AVERAGE('03_CUADRYGRÁF.COMP.5 ÚLT.CAMP.'!F12:I12) -> 733.15373 | J49: Feb | K49: =+IF('03_CUADRYGRÁF.COMP.5 ÚLT.CAMP.'!J46<>0,'03_CUADRYGRÁF.COMP.5 ÚLT.CAMP.'!J46,NA()) -> 985.59432 | L49: =+AVERAGE('03_CUADRYGRÁF.COMP.5 ÚLT.CAMP.'!F46:I46) -> 973.79581
C50: Mar | D50: =+IF('03_CUADRYGRÁF.COMP.5 ÚLT.CAMP.'!J13<>0,'03_CUADRYGRÁF.COMP.5 ÚLT.CAMP.'!J13,NA()) -> 703.55987 | E50: =+AVERAGE('03_CUADRYGRÁF.COMP.5 ÚLT.CAMP.'!F13:I13) -> 650.80367 | J50: Mar | K50: =+IF('03_CUADRYGRÁF.COMP.5 ÚLT.CAMP.'!J47<>0,'03_CUADRYGRÁF.COMP.5 ÚLT.CAMP.'!J47,NA()) -> 952.05616 | L50: =+AVERAGE('03_CUADRYGRÁF.COMP.5 ÚLT.CAMP.'!F47:I47) -> 887.20447
C51: Abr | D51: =+IF('03_CUADRYGRÁF.COMP.5 ÚLT.CAMP.'!J14<>0,'03_CUADRYGRÁF.COMP.5 ÚLT.CAMP.'!J14,NA()) -> 609.79009 | E51: =+AVERAGE('03_CUADRYGRÁF.COMP.5 ÚLT.CAMP.'!F14:I14) -> 556.01648 | J51: Abr | K51: =+IF('03_CUADRYGRÁF.COMP.5 ÚLT.CAMP.'!J48<>0,'03_CUADRYGRÁF.COMP.5 ÚLT.CAMP.'!J48,NA()) -> 868.28164 | L51: =+AVERAGE('03_CUADRYGRÁF.COMP.5 ÚLT.CAMP.'!F48:I48) -> 788.99621
C52: May | D52: =+IF('03_CUADRYGRÁF.COMP.5 ÚLT.CAMP.'!J15<>0,'03_CUADRYGRÁF.COMP.5 ÚLT.CAMP.'!J15,NA()) -> 513.94209 | E52: =+AVERAGE('03_CUADRYGRÁF.COMP.5 ÚLT.CAMP.'!F15:I15) -> 455.10438 | J52: May | K52: =+IF('03_CUADRYGRÁF.COMP.5 ÚLT.CAMP.'!J49<>0,'03_CUADRYGRÁF.COMP.5 ÚLT.CAMP.'!J49,NA()) -> 778.82841 | L52: =+AVERAGE('03_CUADRYGRÁF.COMP.5 ÚLT.CAMP.'!F49:I49) -> 684.07398
C53: Jun | D53: =+IF('03_CUADRYGRÁF.COMP.5 ÚLT.CAMP.'!J16<>0,'03_CUADRYGRÁF.COMP.5 ÚLT.CAMP.'!J16,NA()) -> 424.58381 | E53: =+AVERAGE('03_CUADRYGRÁF.COMP.5 ÚLT.CAMP.'!F16:I16) -> 361.97299 | J53: Jun | K53: =+IF('03_CUADRYGRÁF.COMP.5 ÚLT.CAMP.'!J50<>0,'03_CUADRYGRÁF.COMP.5 ÚLT.CAMP.'!J50,NA()) -> 683.66182 | L53: =+AVERAGE('03_CUADRYGRÁF.COMP.5 ÚLT.CAMP.'!F50:I50) -> 581.71096
C54: Jul | D54: =+IF('03_CUADRYGRÁF.COMP.5 ÚLT.CAMP.'!J17<>0,'03_CUADRYGRÁF.COMP.5 ÚLT.CAMP.'!J17,NA()) -> 333.51109 | E54: =+AVERAGE('03_CUADRYGRÁF.COMP.5 ÚLT.CAMP.'!F17:I17) -> 273.90985 | J54: Jul | K54: =+IF('03_CUADRYGRÁF.COMP.5 ÚLT.CAMP.'!J51<>0,'03_CUADRYGRÁF.COMP.5 ÚLT.CAMP.'!J51,NA()) -> 569.28669 | L54: =+AVERAGE('03_CUADRYGRÁF.COMP.5 ÚLT.CAMP.'!F51:I51) -> 483.53873
C55: Ago | D55: =+IF('03_CUADRYGRÁF.COMP.5 ÚLT.CAMP.'!J18<>0,'03_CUADRYGRÁF.COMP.5 ÚLT.CAMP.'!J18,NA()) -> #N/A | E55: =+AVERAGE('03_CUADRYGRÁF.COMP.5 ÚLT.CAMP.'!F18:I18) -> 208.97067 | J55: Ago | K55: =+IF('03_CUADRYGRÁF.COMP.5 ÚLT.CAMP.'!J52<>0,'03_CUADRYGRÁF.COMP.5 ÚLT.CAMP.'!J52,NA()) -> #N/A | L55: =+AVERAGE('03_CUADRYGRÁF.COMP.5 ÚLT.CAMP.'!F52:I52) -> 394.91772
C56: Sep | D56: =+IF('03_CUADRYGRÁF.COMP.5 ÚLT.CAMP.'!J19<>0,'03_CUADRYGRÁF.COMP.5 ÚLT.CAMP.'!J19,NA()) -> #N/A | E56: =+AVERAGE('03_CUADRYGRÁF.COMP.5 ÚLT.CAMP.'!F19:I19) -> 132.89266 | J56: Sep | K56: =+IF('03_CUADRYGRÁF.COMP.5 ÚLT.CAMP.'!J53<>0,'03_CUADRYGRÁF.COMP.5 ÚLT.CAMP.'!J53,NA()) -> #N/A | L56: =+AVERAGE('03_CUADRYGRÁF.COMP.5 ÚLT.CAMP.'!F53:I53) -> 294.84696
C57: Último dato | D57: {=_xlfn.XLOOKUP(TRUE,NOT(ISERROR(D45:D56)),D45:D56,,,-1)} -> 333.51109 | E57: =+_xlfn.XLOOKUP(D57,D45:D56,E45:E56) -> 273.90985 | J57: Último dato | K57: {=_xlfn.XLOOKUP(TRUE,NOT(ISERROR(K45:K56)),K45:K56,,,-1)} -> 569.28669 | L57: =+_xlfn.XLOOKUP(K57,K45:K56,L45:L56) -> 483.53873
C58: % VARIACIÓN: | D58: =+D57/E57-1 -> 0.21759435 | I58: % VARIACION : | K58: =+K57/L57-1 -> 0.17733422
B60: MERCADO TOTAL MENSUAL | I60: MERCADO TOTAL ACUMULADO
B61: GRÁFICO MERCADO TOTAL MENSUAL | I61: MERCADO TOTAL ACUMULADO
C62: Mes | D62: =+'04_CUADROS ACUMULADOS'!$H$7 -> 2025/26 | E62: Media 4 últimas campañas | J62: Mes | K62: =+'04_CUADROS ACUMULADOS'!$H$7 -> 2025/26 | L62: Media 4 últimas campañas
C63: Oct | D63: =+IF('02_CUADRYGRÁF.COMP.ÚLT.5 CAMP.'!G76<>0,'02_CUADRYGRÁF.COMP.ÚLT.5 CAMP.'!G76,NA()) -> 115.69317 | E63: =+AVERAGE('02_CUADRYGRÁF.COMP.ÚLT.5 CAMP.'!C76:F76) -> 108.39018 | J63: Oct | K63: =+D63 -> 115.69317 | L63: =+E63 -> 108.39018
C64: Nov | D64: =+IF('02_CUADRYGRÁF.COMP.ÚLT.5 CAMP.'!G77<>0,'02_CUADRYGRÁF.COMP.ÚLT.5 CAMP.'!G77,NA()) -> 118.4212 | E64: =+AVERAGE('02_CUADRYGRÁF.COMP.ÚLT.5 CAMP.'!C77:F77) -> 109.58246 | J64: Nov | K64: =+D64+K63 -> 234.11437 | L64: =+E64+L63 -> 217.97264
C65: Dic | D65: =+IF('02_CUADRYGRÁF.COMP.ÚLT.5 CAMP.'!G78<>0,'02_CUADRYGRÁF.COMP.ÚLT.5 CAMP.'!G78,NA()) -> 119.11131 | E65: =+AVERAGE('02_CUADRYGRÁF.COMP.ÚLT.5 CAMP.'!C78:F78) -> 110.26176 | J65: Dic | K65: =+D65+K64 -> 353.22568 | L65: =+E65+L64 -> 328.23439
C66: Ene | D66: =+IF('02_CUADRYGRÁF.COMP.ÚLT.5 CAMP.'!G79<>0,'02_CUADRYGRÁF.COMP.ÚLT.5 CAMP.'!G79,NA()) -> 120.20812 | E66: =+AVERAGE('02_CUADRYGRÁF.COMP.ÚLT.5 CAMP.'!C79:F79) -> 111.27945 | J66: Ene | K66: =+D66+K65 -> 473.4338 | L66: =+E66+L65 -> 439.51384
C67: Feb | D67: =+IF('02_CUADRYGRÁF.COMP.ÚLT.5 CAMP.'!G80<>0,'02_CUADRYGRÁF.COMP.ÚLT.5 CAMP.'!G80,NA()) -> 134.89191 | E67: =+AVERAGE('02_CUADRYGRÁF.COMP.ÚLT.5 CAMP.'!C80:F80) -> 109.57177 | J67: Feb | K67: =+D67+K66 -> 608.32571 | L67: =+E67+L66 -> 549.08562
C68: Mar | D68: =+IF('02_CUADRYGRÁF.COMP.ÚLT.5 CAMP.'!G81<>0,'02_CUADRYGRÁF.COMP.ÚLT.5 CAMP.'!G81,NA()) -> 146.07846 | E68: =+AVERAGE('02_CUADRYGRÁF.COMP.ÚLT.5 CAMP.'!C81:F81) -> 118.59051 | J68: Mar | K68: =+D68+K67 -> 754.40417 | L68: =+E68+L67 -> 667.67613
C69: Abr | D69: =+IF('02_CUADRYGRÁF.COMP.ÚLT.5 CAMP.'!G82<>0,'02_CUADRYGRÁF.COMP.ÚLT.5 CAMP.'!G82,NA()) -> 119.04795 | E69: =+AVERAGE('02_CUADRYGRÁF.COMP.ÚLT.5 CAMP.'!C82:F82) -> 119.8588 | J69: Abr | K69: =+D69+K68 -> 873.45212 | L69: =+E69+L68 -> 787.53492
C70: May | D70: =+IF('02_CUADRYGRÁF.COMP.ÚLT.5 CAMP.'!G83<>0,'02_CUADRYGRÁF.COMP.ÚLT.5 CAMP.'!G83,NA()) -> 115.87654 | E70: =+AVERAGE('02_CUADRYGRÁF.COMP.ÚLT.5 CAMP.'!C83:F83) -> 123.35391 | J70: May | K70: =+D70+K69 -> 989.32866 | L70: =+E70+L69 -> 910.88883
C71: Jun | D71: =+IF('02_CUADRYGRÁF.COMP.ÚLT.5 CAMP.'!G84<>0,'02_CUADRYGRÁF.COMP.ÚLT.5 CAMP.'!G84,NA()) -> 118.80259 | E71: =+AVERAGE('02_CUADRYGRÁF.COMP.ÚLT.5 CAMP.'!C84:F84) -> 118.49885 | J71: Jun | K71: =+D71+K70 -> 1108.1313 | L71: =+E71+L70 -> 1029.3877
C72: Jul | D72: =+IF('02_CUADRYGRÁF.COMP.ÚLT.5 CAMP.'!G85<>0,'02_CUADRYGRÁF.COMP.ÚLT.5 CAMP.'!G85,NA()) -> 130.37513 | E72: =+AVERAGE('02_CUADRYGRÁF.COMP.ÚLT.5 CAMP.'!C85:F85) -> 114.83548 | J72: Jul | K72: =+D72+K71 -> 1238.5064 | L72: =+E72+L71 -> 1144.2232
C73: Ago | D73: =+IF('02_CUADRYGRÁF.COMP.ÚLT.5 CAMP.'!G86<>0,'02_CUADRYGRÁF.COMP.ÚLT.5 CAMP.'!G86,NA()) -> #N/A | E73: =+AVERAGE('02_CUADRYGRÁF.COMP.ÚLT.5 CAMP.'!C86:F86) -> 102.91563 | J73: Ago | K73: =+D73+K72 -> #N/A | L73: =+E73+L72 -> 1247.1388
C74: Sep | D74: =+IF('02_CUADRYGRÁF.COMP.ÚLT.5 CAMP.'!G87<>0,'02_CUADRYGRÁF.COMP.ÚLT.5 CAMP.'!G87,NA()) -> #N/A | E74: =+AVERAGE('02_CUADRYGRÁF.COMP.ÚLT.5 CAMP.'!C87:F87) -> 114.58411 | J74: Sep | K74: =+D74+K73 -> #N/A | L74: =+E74+L73 -> 1361.7229
C75: Acumulado | D75: =SUMIF(D63:D74, "<>#N/D") -> 1238.5064 | E75: =SUMIF(D63:D74,"<>#N/D",E63:E74) -> 1144.2232 | J75: Acumulado | K75: {=_xlfn.XLOOKUP(TRUE,NOT(ISERROR(K63:K74)),K63:K74,,,-1)} -> 1238.5064 | L75: =+_xlfn.XLOOKUP(K75,K63:K74,L63:L74) -> 1144.2232
B76: MEDIA MENSUAL 25/26: | D76: =AVERAGEIF(D63:D74,"<>#N/D") -> 123.85064 | I76: % VARIACION : | K76: =+K75/L75-1 -> 0.082399327
B78: Fuente: SIMO

Sheet 06_ALMAZARAS.BALANCE DE CAMPAÑA
C1: 06_ALMAZARAS_BALANCE DE CAMPAÑA
C4: COMUNIDAD AUTÓNOMA | D4: PROVINCIA | E4: ALMAZARAS | H4: EXISTENCIAS A 1 DE OCTUBRE | I4: ENTRADAS | K4: SALIDAS TOTALES | L4: EXISTENCIAS FINALES
E6: *Nº TOTAL | F6: **Nº DATOS | G6: **DATOS (-%) | I6: PRODUCCIÓN | J6: OTRAS E.
C7: ANDALUCÍA | D7: ALMERÍA | E7: 30 | F7: 26 | G7: 0.86666667 | H7: 252.8 | I7: 16130 | J7: 0 | K7: 13478.7 | L7: 2904.1
D8: CÁDIZ | E8: 20 | F8: 18 | G8: 0.9 | H8: 262.1 | I8: 15013 | J8: 116.8 | K8: 11852.7 | L8: 3539.2
D9: CÓRDOBA | E9: 183 | F9: 174 | G9: 0.95081967 | H9: 19870.7 | I9: 246735.4 | J9: 17863.4 | K9: 225685.8 | L9: 58783.7
D10: GRANADA | E10: 108 | F10: 100 | G10: 0.92592593 | H10: 16528.6 | I10: 107297.8 | J10: 1388.4 | K10: 93154.8 | L10: 32060
D11: HUELVA | E11: 21 | F11: 20 | G11: 0.95238095 | H11: 1874.8 | I11: 15212.4 | J11: 0 | K11: 13048.9 | L11: 4038.3
D12: JAÉN | E12: 330 | F12: 309 | G12: 0.93636364 | H12: 77650.2 | I12: 389086.1 | J12: 33537.2 | K12: 372356.9 | L12: 127916.6
D13: MÁLAGA | E13: 79 | F13: 76 | G13: 0.96202532 | H13: 1204.4 | I13: 59163.6 | J13: 202 | K13: 54623.7 | L13: 5946.3
D14: SEVILLA | E14: 92 | F14: 88 | G14: 0.95652174 | H14: 3642.4 | I14: 126002.3 | J14: 1465.7 | K14: 104412.1 | L14: 26698.3
D15: TOTAL: | E15: 863 | F15: 811 | G15: 0.93974508 | H15: 121286 | I15: 974640.6 | J15: 54573.5 | K15: 888613.6 | L15: 261886.5
C16: ARAGÓN | D16: HUESCA | E16: 27 | F16: 27 | G16: 1 | H16: 85.8 | I16: 2175.8 | J16: 0 | K16: 2051.4 | L16: 210.2
D17: TERUEL | E17: 26 | F17: 26 | G17: 1 | H17: 226.4 | I17: 9289.1 | J17: 0 | K17: 7549 | L17: 1966.5
D18: ZARAGOZA | E18: 41 | F18: 41 | G18: 1 | H18: 613.3 | I18: 5650.1 | J18: 0 | K18: 4827.1 | L18: 1436.3
D19: TOTAL: | E19: 94 | F19: 94 | G19: 1 | H19: 925.5 | I19: 17115 | J19: 0 | K19: 14427.5 | L19: 3613
C20: BALEARES | D20: BALEARES | E20: 26 | F20: 24 | G20: 0.92307692 | H20: 11 | I20: 989.6 | J20: 0 | K20: 837 | L20: 163.6
D21: TOTAL: | E21: 26 | F21: 24 | G21: 0.92307692 | H21: 11 | I21: 989.6 | J21: 0 | K21: 837 | L21: 163.6
C22: COMUNIDAD VALENCIANA | D22: ALICANTE | E22: 44 | F22: 42 | G22: 0.95454545 | H22: 269.8 | I22: 9735.4 | J22: 12.8 | K22: 8878 | L22: 1140
D23: CASTELLÓN | E23: 46 | F23: 44 | G23: 0.95652174 | H23: 24.3 | I23: 5498.5 | J23: 0 | K23: 5164.7 | L23: 358.1
D24: VALENCIA | E24: 52 | F24: 50 | G24: 0.96153846 | H24: 98.3 | I24: 8142.3 | J24: 12.3 | K24: 7565.9 | L24: 687
D25: TOTAL: | E25: 142 | F25: 136 | G25: 0.95774648 | H25: 392.4 | I25: 23376.2 | J25: 25.1 | K25: 21608.6 | L25: 2185.1
C26: CANARIAS | D26: LAS PALMAS | E26: 9 | F26: 8 | G26: 0.88888889 | H26: 0 | I26: 15.7 | J26: 0 | K26: 15 | L26: 0.7
D27: STA. CRUZ DE TENERIFE | E27: 4 | F27: 4 | G27: 1 | H27: 0 | I27: 18 | J27: 0 | K27: 18.1 | L27: -0.1
D28: TOTAL: | E28: 13 | F28: 12 | G28: 0.92307692 | H28: 0 | I28: 33.7 | J28: 0 | K28: 33.1 | L28: 0.6
C29: CASTILLA-LA MANCHA | D29: ALBACETE | E29: 40 | F29: 38 | G29: 0.95 | H29: 1184.5 | I29: 17777.5 | J29: 0 | K29: 14062.9 | L29: 4899.1
D30: CIUDAD REAL | E30: 81 | F30: 77 | G30: 0.95061728 | H30: 4868.3 | I30: 69079.3 | J30: 2136.5 | K30: 58478.2 | L30: 17605.9
D31: CUENCA | E31: 26 | F31: 24 | G31: 0.92307692 | H31: 815.9 | I31: 6652.1 | J31: 0 | K31: 5871.3 | L31: 1596.7
D32: GUADALAJARA | E32: 7 | F32: 7 | G32: 1 | H32: 505.8 | I32: 1941.4 | J32: 0 | K32: 1581.6 | L32: 865.6
D33: TOLEDO | E33: 113 | F33: 109 | G33: 0.96460177 | H33: 2995.8 | I33: 43223.4 | J33: 515.3 | K33: 32157.3 | L33: 14577.2
D34: TOTAL: | E34: 267 | F34: 255 | G34: 0.95505618 | H34: 10370.3 | I34: 138673.7 | J34: 2651.8 | K34: 112151.3 | L34: 39544.5
C35: CASTILLA Y LEÓN | D35: ÁVILA | E35: 11 | F35: 10 | G35: 0.90909091 | H35: 8.3 | I35: 1609.1 | J35: 0 | K35: 1569.4 | L35: 48
D36: LEÓN | E36: 1 | F36: 0 | G36: 0 | H36: 0 | I36: 0 | J36: 0 | K36: 0 | L36: 0
D37: SALAMANCA | E37: 5 | F37: 4 | G37: 0.8 | H37: 3.5 | I37: 170 | J37: 0 | K37: 161.2 | L37: 12.3
D38: SORIA | E38: 1 | F38: 1 | G38: 1 | H38: 0 | I38: 0.3 | J38: 0 | K38: 0.3 | L38: 0
D39: OTRAS | E39: 4 | F39: 4 | G39: 1 | H39: 138.1 | I39: 270.4 | J39: 0 | K39: 165.1 | L39: 243.4
D40: TOTAL: | E40: 22 | F40: 19 | G40: 0.86363636 | H40: 149.9 | I40: 2049.8 | J40: 0 | K40: 1896 | L40: 303.7
C41: CATALUÑA | D41: BARCELONA | E41: 13 | F41: 11 | G41: 0.84615385 | H41: 12.2 | I41: 854.9 | J41: 0 | K41: 813.3 | L41: 53.8
D42: GIRONA | E42: 13 | F42: 13 | G42: 1 | H42: 19.7 | I42: 924.2 | J42: 20.5 | K42: 855.3 | L42: 109.1
D43: LLEIDA | E43: 57 | F43: 56 | G43: 0.98245614 | H43: 307.5 | I43: 11948.9 | J43: 79.9 | K43: 10425.9 | L43: 1910.4
D44: TARRAGONA | E44: 94 | F44: 83 | G44: 0.88297872 | H44: 531.8 | I44: 25283.1 | J44: 632 | K44: 24383 | L44: 2063.9
D45: TOTAL: | E45: 177 | F45: 163 | G45: 0.92090395 | H45: 871.2 | I45: 39011.1 | J45: 732.4 | K45: 36477.5 | L45: 4137.2
C46: EXTREMADURA | D46: BADAJOZ | E46: 92 | F46: 92 | G46: 1 | H46: 2248.5 | I46: 67507 | J46: 828.7 | K46: 58906.9 | L46: 11677.3
D47: CÁCERES | E47: 45 | F47: 45 | G47: 1 | H47: 354.9 | I47: 10926.9 | J47: 0 | K47: 9719.1 | L47: 1562.7
D48: TOTAL: | E48: 137 | F48: 137 | G48: 1 | H48: 2603.4 | I48: 78433.9 | J48: 828.7 | K48: 68626 | L48: 13240
C49: GALICIA | D49: TODAS | E49: 6 | F49: 5 | G49: 0.83333333 | H49: 3.9 | I49: 12.4 | J49: 0 | K49: 12 | L49: 4.3
D50: TOTAL: | E50: 6 | F50: 5 | G50: 0.83333333 | H50: 3.9 | I50: 12.4 | J50: 0 | K50: 12 | L50: 4.3
C51: LA RIOJA | D51: LA RIOJA | E51: 22 | F51: 20 | G51: 0.90909091 | H51: 245.1 | I51: 2358.6 | J51: 0 | K51: 1975.7 | L51: 628
D52: TOTAL: | E52: 22 | F52: 20 | G52: 0.90909091 | H52: 245.1 | I52: 2358.6 | J52: 0 | K52: 1975.7 | L52: 628
C53: MADRID | D53: MADRID | E53: 21 | F53: 20 | G53: 0.95238095 | H53: 336.5 | I53: 4060.2 | J53: 0 | K53: 3665.9 | L53: 730.8
D54: TOTAL: | E54: 21 | F54: 20 | G54: 0.95238095 | H54: 336.5 | I54: 4060.2 | J54: 0 | K54: 3665.9 | L54: 730.8
C55: MURCIA | D55: MURCIA | E55: 49 | F55: 46 | G55: 0.93877551 | H55: 461.9 | I55: 14266.7 | J55: 49.7 | K55: 12879.3 | L55: 1899
D56: TOTAL: | E56: 49 | F56: 46 | G56: 0.93877551 | H56: 461.9 | I56: 14266.7 | J56: 49.7 | K56: 12879.3 | L56: 1899
C57: NAVARRA | D57: NAVARRA | E57: 19 | F57: 19 | G57: 1 | H57: 360.8 | I57: 5793.2 | J57: 0 | K57: 4916.9 | L57: 1237.1
D58: TOTAL: | E58: 19 | F58: 19 | G58: 1 | H58: 360.8 | I58: 5793.2 | J58: 0 | K58: 4916.9 | L58: 1237.1
C59: PAÍS VASCO | D59: TODAS | E59: 5 | F59: 5 | G59: 1 | H59: 0 | I59: 120.8 | J59: 0 | K59: 120.8 | L59: 0
D60: TOTAL: | E60: 5 | F60: 5 | G60: 1 | H60: 0 | I60: 120.8 | J60: 0 | K60: 120.8 | L60: 0
C61: TOTAL NACIONAL | E61: 1863 | F61: 1766 | G61: 0.94793344 | H61: 138017.9 | I61: 1300935.5 | J61: 58861.2 | K61: 1168241.2 | L61: 329573.4
C63: * Número de Almazaras Existentes en la Campaña
C64: ** Número de Almazaras que han Declarado en la Campaña para el Mes Indicado
C65: Datos Expresados en Toneladas | L65: Fuente: SIMO

Sheet 07_ALMAZARAS.ACEITE PRODUCIDO
E1: 07_ALMAZARAS_ACEITE PRODUCIDO
E4: COMUNIDAD AUTÓNOMA | F4: PROVINCIA | G4: OCTUBRE | H4: NOVIEMBRE | I4: DICIEMBRE | J4: ENERO | K4: FEBRERO | L4: MARZO | M4: ABRIL | N4: MAYO | O4: AJUSTES | P4: TOTAL
E5: ANDALUCÍA | F5: ALMERÍA | G5: 1165.7 | H5: 6188.1 | I5: 5991.3 | J5: 2309.8 | K5: 372 | L5: 83.7 | M5: 1.1 | N5: 0 | O5: 18.3 | P5: 16130
F6: CÁDIZ | G6: 1904.2 | H6: 4946.2 | I6: 4357.7 | J6: 2541.7 | K6: 785.2 | L6: 478 | M6: 0 | N6: 0 | O6: 0 | P6: 15013
F7: CÓRDOBA | G7: 5193.6 | H7: 44016.3 | I7: 72185 | J7: 59909.6 | K7: 31301.6 | L7: 27566.9 | M7: 5416.5 | N7: 636.9 | O7: 509 | P7: 246735.4
F8: GRANADA | G8: 468.2 | H8: 14139.6 | I8: 34947.7 | J8: 30291.8 | K8: 12929.8 | L8: 11103.6 | M8: 2608.6 | N8: 435.7 | O8: 372.8 | P8: 107297.8
F9: HUELVA | G9: 807.8 | H9: 6218.1 | I9: 5783.9 | J9: 1914.5 | K9: 251.8 | L9: 128.3 | M9: 108 | N9: 0 | O9: 0 | P9: 15212.4
F10: JAÉN | G10: 5396.4 | H10: 40573.4 | I10: 122674.9 | J10: 125605 | K10: 64211.2 | L10: 29012.1 | M10: 613.1 | N10: 67 | O10: 933 | P10: 389086.1
F11: MÁLAGA | G11: 2475.7 | H11: 12109 | I11: 13939.5 | J11: 12638.2 | K11: 6995.3 | L11: 7702.7 | M11: 2884.3 | N11: 286 | O11: 132.9 | P11: 59163.6
F12: SEVILLA | G12: 10889.2 | H12: 34992.9 | I12: 39841.6 | J12: 26548.4 | K12: 9537.9 | L12: 3447.4 | M12: 255.8 | N12: 0 | O12: 489.1 | P12: 126002.3
F13: TOTAL : | G13: 28300.8 | H13: 163183.6 | I13: 299721.6 | J13: 261759 | K13: 126384.8 | L13: 79522.7 | M13: 11887.4 | N13: 1425.6 | O13: 2455.1 | P13: 974640.6
E14: ARAGÓN | F14: HUESCA | G14: 134.9 | H14: 1262.2 | I14: 669.1 | J14: 69.1 | K14: 27.8 | L14: 0 | M14: 0 | N14: 0 | O14: 12.7 | P14: 2175.8
F15: TERUEL | G15: 480.8 | H15: 1916.7 | I15: 2968.1 | J15: 1810 | K15: 1107.2 | L15: 856.1 | M15: 99.2 | N15: 0 | O15: 51 | P15: 9289.1
F16: ZARAGOZA | G16: 261.7 | H16: 2049.3 | I16: 1814 | J16: 734.1 | K16: 362.2 | L16: 345.1 | M16: 67 | N16: 0 | O16: 16.7 | P16: 5650.1
F17: TOTAL : | G17: 877.4 | H17: 5228.2 | I17: 5451.2 | J17: 2613.2 | K17: 1497.2 | L17: 1201.2 | M17: 166.2 | N17: 0 | O17: 80.4 | P17: 17115
E18: BALEARES | F18: BALEARES | G18: 433.4 | H18: 430.9 | I18: 123.9 | J18: 0.8 | K18: 0.6 | L18: 0 | M18: 0 | N18: 0 | O18: 0 | P18: 989.6
F19: TOTAL : | G19: 433.4 | H19: 430.9 | I19: 123.9 | J19: 0.8 | K19: 0.6 | L19: 0 | M19: 0 | N19: 0 | O19: 0 | P19: 989.6
E20: COMUNIDAD VALENCIANA | F20: ALICANTE | G20: 559.3 | H20: 3147.4 | I20: 3524.3 | J20: 1979.1 | K20: 357.4 | L20: 133.1 | M20: 0 | N20: 0 | O20: 34.8 | P20: 9735.4
F21: CASTELLÓN | G21: 538.9 | H21: 2565.2 | I21: 985.1 | J21: 771.9 | K21: 531.1 | L21: 75.3 | M21: 3.9 | N21: 0 | O21: 27.1 | P21: 5498.5
F22: VALENCIA | G22: 399.3 | H22: 4131.9 | I22: 2774.8 | J22: 675.2 | K22: 40.1 | L22: 106.8 | M22: 0 | N22: 0 | O22: 14.2 | P22: 8142.3
F23: TOTAL : | G23: 1497.5 | H23: 9844.5 | I23: 7284.2 | J23: 3426.2 | K23: 928.6 | L23: 315.2 | M23: 3.9 | N23: 0 | O23: 76.1 | P23: 23376.2
E24: CANARIAS | F24: LAS PALMAS | G24: 13.3 | H24: 0.6 | I24: 0.9 | J24: 0.8 | K24: 0 | L24: 0 | M24: 0 | N24: 0.1 | O24: 0 | P24: 15.7
F25: STA. CRUZ DE TENERIFE | G25: 15.6 | H25: 2.3 | I25: 0.1 | J25: 0 | K25: 0 | L25: 0 | M25: 0 | N25: 0 | O25: 0 | P25: 18
F26: TOTAL : | G26: 28.9 | H26: 2.9 | I26: 1 | J26: 0.8 | K26: 0 | L26: 0 | M26: 0 | N26: 0.1 | O26: 0 | P26: 33.7
E27: CASTILLA-LA MANCHA | F27: ALBACETE | G27: 115.3 | H27: 4789 | I27: 7942.2 | J27: 4498.5 | K27: 300.1 | L27: 89 | M27: 2.5 | N27: 0 | O27: 40.9 | P27: 17777.5
F28: CIUDAD REAL | G28: 253.5 | H28: 10245.8 | I28: 31546.8 | J28: 21200.7 | K28: 4546.1 | L28: 1023.5 | M28: 29.6 | N28: 0 | O28: 233.3 | P28: 69079.3
F29: CUENCA | G29: 28.5 | H29: 738.1 | I29: 3251.7 | J29: 2034.1 | K29: 424.2 | L29: 130.1 | M29: 0 | N29: 0 | O29: 45.4 | P29: 6652.1
F30: GUADALAJARA | G30: 16.5 | H30: 281.4 | I30: 661.6 | J30: 634 | K30: 233.9 | L30: 114 | M30: 0 | N30: 0 | O30: 0 | P30: 1941.4
F31: TOLEDO | G31: 459.8 | H31: 6219.4 | I31: 17061.7 | J31: 13716.1 | K31: 4260.3 | L31: 1356.2 | M31: 7 | N31: 0 | O31: 142.9 | P31: 43223.4
F32: TOTAL : | G32: 873.6 | H32: 22273.7 | I32: 60464 | J32: 42083.4 | K32: 9764.6 | L32: 2712.8 | M32: 39.1 | N32: 0 | O32: 462.5 | P32: 138673.7
E33: CASTILLA Y LEÓN | F33: ÁVILA | G33: 0.6 | H33: 826.1 | I33: 662.7 | J33: 107.9 | K33: 11.6 | L33: 0 | M33: 0 | N33: 0 | O33: 0.2 | P33: 1609.1
F34: LEÓN | G34: 0 | H34: 0 | I34: 0 | J34: 0 | K34: 0 | L34: 0 | M34: 0 | N34: 0 | O34: 0 | P34: 0
F35: SALAMANCA | G35: 2.1 | H35: 156.4 | I35: 11.3 | J35: 0 | K35: 0 | L35: 0 | M35: 0 | N35: 0 | O35: 0.2 | P35: 170
F36: SORIA | G36: 0 | H36: 0.3 | I36: 0 | J36: 0 | K36: 0 | L36: 0 | M36: 0 | N36: 0 | O36: 0 | P36: 0.3
F37: OTRAS | G37: 0 | H37: 230.3 | I37: 40.1 | J37: 0 | K37: 0 | L37: 0 | M37: 0 | N37: 0 | O37: 0 | P37: 270.4
F38: TOTAL : | G38: 2.7 | H38: 1213.1 | I38: 714.1 | J38: 107.9 | K38: 11.6 | L38: 0 | M38: 0 | N38: 0 | O38: 0.4 | P38: 2049.8
E39: CATALUÑA | F39: BARCELONA | G39: 266 | H39: 460.6 | I39: 124.5 | J39: 3.8 | K39: 0 | L39: 0 | M39: 0 | N39: 0 | O39: 0 | P39: 854.9
F40: GIRONA | G40: 130.1 | H40: 559.6 | I40: 215.2 | J40: 19.3 | K40: 0 | L40: 0 | M40: 0 | N40: 0 | O40: 0 | P40: 924.2
F41: LLEIDA | G41: 944.8 | H41: 6028.1 | I41: 3896.4 | J41: 1010 | K41: 12.7 | L41: 0 | M41: 0 | N41: 0 | O41: 56.9 | P41: 11948.9
F42: TARRAGONA | G42: 2277 | H42: 8841.1 | I42: 6006 | J42: 4673.8 | K42: 2746.3 | L42: 616.5 | M42: 82 | N42: 0 | O42: 40.4 | P42: 25283.1
F43: TOTAL : | G43: 3617.9 | H43: 15889.4 | I43: 10242.1 | J43: 5706.9 | K43: 2759 | L43: 616.5 | M43: 82 | N43: 0 | O43: 97.3 | P43: 39011.1
E44: EXTREMADURA | F44: BADAJOZ | G44: 4929.1 | H44: 24461.9 | I44: 28229.3 | J44: 8956.8 | K44: 767.7 | L44: 60.5 | M44: 0 | N44: 0 | O44: 101.7 | P44: 67507
F45: CÁCERES | G45: 1241.7 | H45: 5384.1 | I45: 3533.8 | J45: 698.1 | K45: 68 | L45: 0 | M45: 0 | N45: 0 | O45: 1.2 | P45: 10926.9
F46: TOTAL : | G46: 6170.8 | H46: 29846 | I46: 31763.1 | J46: 9654.9 | K46: 835.7 | L46: 60.5 | M46: 0 | N46: 0 | O46: 102.9 | P46: 78433.9
E47: GALICIA | F47: TODAS | G47: 1.2 | H47: 4 | I47: 7.2 | J47: 0 | K47: 0 | L47: 0 | M47: 0 | N47: 0 | O47: 0 | P47: 12.4
F48: TOTAL : | G48: 1.2 | H48: 4 | I48: 7.2 | J48: 0 | K48: 0 | L48: 0 | M48: 0 | N48: 0 | O48: 0 | P48: 12.4
E49: LA RIOJA | F49: LA RIOJA | G49: 63.1 | H49: 1506 | I49: 773.6 | J49: 15.9 | K49: 0 | L49: 0 | M49: 0 | N49: 0 | O49: 0 | P49: 2358.6
F50: TOTAL : | G50: 63.1 | H50: 1506 | I50: 773.6 | J50: 15.9 | K50: 0 | L50: 0 | M50: 0 | N50: 0 | O50: 0 | P50: 2358.6
E51: MADRID | F51: MADRID | G51: 10.5 | H51: 301.4 | I51: 1525.7 | J51: 1222.3 | K51: 683.2 | L51: 309 | M51: 0 | N51: 0 | O51: 8.1 | P51: 4060.2
F52: TOTAL : | G52: 10.5 | H52: 301.4 | I52: 1525.7 | J52: 1222.3 | K52: 683.2 | L52: 309 | M52: 0 | N52: 0 | O52: 8.1 | P52: 4060.2
E53: MURCIA | F53: MURCIA | G53: 762.5 | H53: 5937.9 | I53: 4848.7 | J53: 2510.9 | K53: 163.7 | L53: 40.8 | M53: 2 | N53: 0 | O53: 0.2 | P53: 14266.7
F54: TOTAL : | G54: 762.5 | H54: 5937.9 | I54: 4848.7 | J54: 2510.9 | K54: 163.7 | L54: 40.8 | M54: 2 | N54: 0 | O54: 0.2 | P54: 14266.7
E55: NAVARRA | F55: NAVARRA | G55: 396.2 | H55: 4128.9 | I55: 1266.4 | J55: 0 | K55: 0 | L55: 0 | M55: 0 | N55: 0 | O55: 1.7 | P55: 5793.2
F56: TOTAL : | G56: 396.2 | H56: 4128.9 | I56: 1266.4 | J56: 0 | K56: 0 | L56: 0 | M56: 0 | N56: 0 | O56: 1.7 | P56: 5793.2
E57: PAÍS VASCO | F57: TODAS | G57: 0 | H57: 52.5 | I57: 28.8 | J57: 39.5 | K57: 0 | L57: 0 | M57: 0 | N57: 0 | O57: 0 | P57: 120.8
F58: TOTAL : | G58: 0 | H58: 52.5 | I58: 28.8 | J58: 39.5 | K58: 0 | L58: 0 | M58: 0 | N58: 0 | O58: 0 | P58: 120.8
E59: TOTAL NACIONAL | G59: 43036.5 | H59: 259843 | I59: 424215.6 | J59: 329141.7 | K59: 143029 | L59: 84778.7 | M59: 12180.6 | N59: 1425.7 | O59: 3284.7 | P59: 1300935.5
E61: Datos expresados en Toneladas
E62: Fuente: SIMO

Sheet 08_ALMAZ POR TIPO.PRODUCCIÓN
E2: 08_ALMAZARAS_ALMAZARAS POR TIPO_PRODUCCIÓN
G6: ALMAZARAS Nº | L6: PRODUCCIÓN
G7: TOTALES | H7: COOPERATIVAS | J7: INDUSTRIALES | L7: TOTALES | M7: COOPERATIVAS | O7: INDUSTRIALES
E8: COMUNIDAD AUTÓNOMA | F8: PROVINCIA | G8: Nº | H8: Nº | I8: % | J8: Nº | K8: % | L8: Toneladas | M8: Toneladas | N8: % | O8: Toneladas | P8: %
E9: ANDALUCÍA | F9: ALMERÍA | G9: 28 | H9: 5 | I9: 0.17857143 | J9: 23 | K9: 0.82142857 | L9: 16130 | M9: 2666 | N9: 0.16528208 | O9: 13464 | P9: 0.83471792
F10: CÁDIZ | G10: 20 | H10: 4 | I10: 0.2 | J10: 16 | K10: 0.8 | L10: 15013 | M10: 11948.9 | N10: 0.79590355 | O10: 3064.1 | P10: 0.20409645
F11: CÓRDOBA | G11: 179 | H11: 70 | I11: 0.39106145 | J11: 109 | K11: 0.60893855 | L11: 246735.4 | M11: 134527.2 | N11: 0.54522861 | O11: 112208.2 | P11: 0.45477139
F12: GRANADA | G12: 104 | H12: 47 | I12: 0.45192308 | J12: 57 | K12: 0.54807692 | L12: 107297.8 | M12: 72882.7 | N12: 0.67925624 | O12: 34415.1 | P12: 0.32074376
F13: HUELVA | G13: 20 | H13: 14 | I13: 0.7 | J13: 6 | K13: 0.3 | L13: 15212.4 | M13: 5826.4 | N13: 0.38300334 | O13: 9386 | P13: 0.61699666
F14: JAÉN | G14: 323 | H14: 179 | I14: 0.55417957 | J14: 144 | K14: 0.44582043 | L14: 389086.1 | M14: 269642.8 | N14: 0.69301576 | O14: 119443.3 | P14: 0.30698424
F15: MÁLAGA | G15: 79 | H15: 41 | I15: 0.51898734 | J15: 38 | K15: 0.48101266 | L15: 59163.6 | M15: 50969.5 | N15: 0.86150099 | O15: 8194.1 | P15: 0.13849901
F16: SEVILLA | G16: 89 | H16: 49 | I16: 0.5505618 | J16: 40 | K16: 0.4494382 | L16: 126002.3 | M16: 83299.2 | N16: 0.66109269 | O16: 42703.1 | P16: 0.33890731
F17: TOTAL CCAA: | G17: 842 | H17: 409 | I17: 0.48574822 | J17: 433 | K17: 0.51425178 | L17: 974640.6 | M17: 631762.7 | N17: 0.64820068 | O17: 342877.9 | P17: 0.35179932
E18: ARAGÓN | F18: HUESCA | G18: 27 | H18: 10 | I18: 0.37037037 | J18: 17 | K18: 0.62962963 | L18: 2175.8 | M18: 654.8 | N18: 0.30094678 | O18: 1521 | P18: 0.69905322
F19: TERUEL | G19: 28 | H19: 14 | I19: 0.5 | J19: 14 | K19: 0.5 | L19: 9289.1 | M19: 4473.7 | N19: 0.48160748 | O19: 4815.4 | P19: 0.51839252
F20: ZARAGOZA | G20: 41 | H20: 24 | I20: 0.58536585 | J20: 17 | K20: 0.41463415 | L20: 5650.1 | M20: 2627.1 | N20: 0.46496522 | O20: 3023 | P20: 0.53503478
F21: TOTAL CCAA: | G21: 96 | H21: 48 | I21: 0.5 | J21: 48 | K21: 0.5 | L21: 17115 | M21: 7755.6 | N21: 0.45314636 | O21: 9359.4 | P21: 0.54685364
E22: BALEARES | F22: BALEARES | G22: 25 | H22: 5 | I22: 0.2 | J22: 20 | K22: 0.8 | L22: 989.6 | M22: 400.8 | N22: 0.40501213 | O22: 588.8 | P22: 0.59498787
F23: TOTAL CCAA: | G23: 25 | H23: 5 | I23: 0.2 | J23: 20 | K23: 0.8 | L23: 989.6 | M23: 400.8 | N23: 0.40501213 | O23: 588.8 | P23: 0.59498787
E24: CANARIAS | F24: LAS PALMAS | G24: 8 | H24: 0 | I24: 0 | J24: 8 | K24: 1 | L24: 15.7 | M24: 0 | N24: 0 | O24: 15.7 | P24: 1
F25: STA. CRUZ DE TENERIFE | G25: 4 | H25: 1 | I25: 0.25 | J25: 3 | K25: 0.75 | L25: 18 | M25: 16.2 | N25: 0.9 | O25: 1.8 | P25: 0.1
F26: TOTAL CCAA: | G26: 12 | H26: 1 | I26: 0.083333333 | J26: 11 | K26: 0.91666667 | L26: 33.7 | M26: 16.2 | N26: 0.48071217 | O26: 17.5 | P26: 0.51928783
E27: CASTILLA-LA MANCHA | F27: ALBACETE | G27: 39 | H27: 14 | I27: 0.35897436 | J27: 25 | K27: 0.64102564 | L27: 17777.5 | M27: 7674.6 | N27: 0.431703 | O27: 10102.9 | P27: 0.568297
F28: CIUDAD REAL | G28: 78 | H28: 43 | I28: 0.55128205 | J28: 35 | K28: 0.44871795 | L28: 69079.3 | M28: 38091.1 | N28: 0.5514112 | O28: 30988.2 | P28: 0.4485888
F29: CUENCA | G29: 26 | H29: 12 | I29: 0.46153846 | J29: 14 | K29: 0.53846154 | L29: 6652.1 | M29: 2908.2 | N29: 0.43718525 | O29: 3743.9 | P29: 0.56281475
F30: GUADALAJARA | G30: 7 | H30: 1 | I30: 0.14285714 | J30: 6 | K30: 0.85714286 | L30: 1941.4 | M30: 31.6 | N30: 0.016276914 | O30: 1909.8 | P30: 0.98372309
F31: TOLEDO | G31: 112 | H31: 57 | I31: 0.50892857 | J31: 55 | K31: 0.49107143 | L31: 43223.4 | M31: 28306.7 | N31: 0.65489295 | O31: 14916.7 | P31: 0.34510705
F32: TOTAL CCAA: | G32: 262 | H32: 127 | I32: 0.48473282 | J32: 135 | K32: 0.51526718 | L32: 138673.7 | M32: 77012.2 | N32: 0.55534827 | O32: 61661.5 | P32: 0.44465173
E33: CASTILLA Y LEÓN | F33: ÁVILA | G33: 11 | H33: 8 | I33: 0.72727273 | J33: 3 | K33: 0.27272727 | L33: 1609.1 | M33: 612.4 | N33: 0.38058542 | O33: 996.7 | P33: 0.61941458
F34: LEÓN | G34: 1 | H34: 0 | I34: 0 | J34: 1 | K34: 1 | L34: 0 | M34: 0 | N34: 0 | O34: 0 | P34: 0
F35: SALAMANCA | G35: 5 | H35: 3 | I35: 0.6 | J35: 2 | K35: 0.4 | L35: 170 | M35: 75 | N35: 0.44117647 | O35: 95 | P35: 0.55882353
F36: SORIA | G36: 1 | H36: 0 | I36: 0 | J36: 1 | K36: 1 | L36: 0.3 | M36: 0 | N36: 0 | O36: 0.3 | P36: 1
F37: OTRAS | G37: 4 | H37: 1 | I37: 0.25 | J37: 3 | K37: 0.75 | L37: 270.4 | M37: 10 | N37: 0.036982249 | O37: 260.4 | P37: 0.96301775
F38: TOTAL CCAA: | G38: 22 | H38: 12 | I38: 0.54545455 | J38: 10 | K38: 0.45454545 | L38: 2049.8 | M38: 697.4 | N38: 0.34022831 | O38: 1352.4 | P38: 0.65977169
E39: CATALUÑA | F39: BARCELONA | G39: 13 | H39: 2 | I39: 0.15384615 | J39: 11 | K39: 0.84615385 | L39: 854.9 | M39: 60 | N39: 0.070183647 | O39: 794.9 | P39: 0.92981635
F40: GIRONA | G40: 13 | H40: 3 | I40: 0.23076923 | J40: 10 | K40: 0.76923077 | L40: 924.2 | M40: 540.5 | N40: 0.58483012 | O40: 383.7 | P40: 0.41516988
F41: LLEIDA | G41: 57 | H41: 26 | I41: 0.45614035 | J41: 31 | K41: 0.54385965 | L41: 11948.9 | M41: 8125 | N41: 0.67997891 | O41: 3823.9 | P41: 0.32002109
F42: TARRAGONA | G42: 88 | H42: 51 | I42: 0.57954545 | J42: 37 | K42: 0.42045455 | L42: 25283.1 | M42: 16414.2 | N42: 0.64921627 | O42: 8868.9 | P42: 0.35078373
F43: TOTAL CCAA: | G43: 171 | H43: 82 | I43: 0.47953216 | J43: 89 | K43: 0.52046784 | L43: 39011.1 | M43: 25139.7 | N43: 0.64442428 | O43: 13871.4 | P43: 0.35557572
E44: EXTREMADURA | F44: BADAJOZ | G44: 92 | H44: 42 | I44: 0.45652174 | J44: 50 | K44: 0.54347826 | L44: 67507 | M44: 45211.3 | N44: 0.66972758 | O44: 22295.7 | P44: 0.33027242
F45: CÁCERES | G45: 46 | H45: 21 | I45: 0.45652174 | J45: 25 | K45: 0.54347826 | L45: 10926.9 | M45: 3480 | N45: 0.31848008 | O45: 7446.9 | P45: 0.68151992
F46: TOTAL CCAA: | G46: 138 | H46: 63 | I46: 0.45652174 | J46: 75 | K46: 0.54347826 | L46: 78433.9 | M46: 48691.3 | N46: 0.62079407 | O46: 29742.6 | P46: 0.37920593
E47: GALICIA | F47: TODAS | G47: 5 | H47: 0 | I47: 0 | J47: 5 | K47: 1 | L47: 12.4 | M47: 0 | N47: 0 | O47: 12.4 | P47: 1
F48: TOTAL CCAA: | G48: 5 | H48: 0 | I48: 0 | J48: 5 | K48: 1 | L48: 12.4 | M48: 0 | N48: 0 | O48: 12.4 | P48: 1
E49: MADRID | F49: MADRID | G49: 21 | H49: 13 | I49: 0.61904762 | J49: 8 | K49: 0.38095238 | L49: 4060.2 | M49: 3066.3 | N49: 0.7552091 | O49: 993.9 | P49: 0.2447909
F50: TOTAL CCAA: | G50: 21 | H50: 13 | I50: 0.61904762 | J50: 8 | K50: 0.38095238 | L50: 4060.2 | M50: 3066.3 | N50: 0.7552091 | O50: 993.9 | P50: 0.2447909
E51: MURCIA | F51: MURCIA | G51: 46 | H51: 10 | I51: 0.2173913 | J51: 36 | K51: 0.7826087 | L51: 14266.7 | M51: 2802.7 | N51: 0.19645048 | O51: 11464 | P51: 0.80354952
F52: TOTAL CCAA: | G52: 46 | H52: 10 | I52: 0.2173913 | J52: 36 | K52: 0.7826087 | L52: 14266.7 | M52: 2802.7 | N52: 0.19645048 | O52: 11464 | P52: 0.80354952
E53: NAVARRA | F53: NAVARRA | G53: 19 | H53: 8 | I53: 0.42105263 | J53: 11 | K53: 0.57894737 | L53: 5793.2 | M53: 2993 | N53: 0.5166402 | O53: 2800.2 | P53: 0.4833598
F54: TOTAL CCAA: | G54: 19 | H54: 8 | I54: 0.42105263 | J54: 11 | K54: 0.57894737 | L54: 5793.2 | M54: 2993 | N54: 0.5166402 | O54: 2800.2 | P54: 0.4833598
E55: PAÍS VASCO | F55: TODAS | G55: 5 | H55: 1 | I55: 0.2 | J55: 4 | K55: 0.8 | L55: 120.8 | M55: 39.5 | N55: 0.32698675 | O55: 81.3 | P55: 0.67301325
F56: TOTAL CCAA: | G56: 5 | H56: 1 | I56: 0.2 | J56: 4 | K56: 0.8 | L56: 120.8 | M56: 39.5 | N56: 0.32698675 | O56: 81.3 | P56: 0.67301325
E57: LA RIOJA | F57: LA RIOJA | G57: 23 | H57: 11 | I57: 0.47826087 | J57: 12 | K57: 0.52173913 | L57: 2358.6 | M57: 758.6 | N57: 0.32163148 | O57: 1600 | P57: 0.67836852
F58: TOTAL CCAA: | G58: 23 | H58: 11 | I58: 0.47826087 | J58: 12 | K58: 0.52173913 | L58: 2358.6 | M58: 758.6 | N58: 0.32163148 | O58: 1600 | P58: 0.67836852
E59: COMUNIDAD VALENCIANA | F59: ALICANTE | G59: 45 | H59: 23 | I59: 0.51111111 | J59: 22 | K59: 0.48888889 | L59: 9735.4 | M59: 5926.4 | N59: 0.60874746 | O59: 3809 | P59: 0.39125254
F60: CASTELLÓN | G60: 45 | H60: 31 | I60: 0.68888889 | J60: 14 | K60: 0.31111111 | L60: 5498.5 | M60: 4013.8 | N60: 0.7299809 | O60: 1484.7 | P60: 0.2700191
F61: VALENCIA | G61: 52 | H61: 40 | I61: 0.76923077 | J61: 12 | K61: 0.23076923 | L61: 8142.3 | M61: 7059.4 | N61: 0.86700318 | O61: 1082.9 | P61: 0.13299682
F62: TOTAL CCAA: | G62: 142 | H62: 94 | I62: 0.66197183 | J62: 48 | K62: 0.33802817 | L62: 23376.2 | M62: 16999.6 | N62: 0.72721828 | O62: 6376.6 | P62: 0.27278172
E63: TOTAL NACIONAL | G63: 1829 | H63: 884 | I63: 0.48332422 | J63: 945 | K63: 0.51667578 | L63: 1300935.5 | M63: 818135.6 | N63: 0.62888252 | O63: 482799.9 | P63: 0.37111748
E65: * Almazaras que han notificado su producción al menos una vez en la campaña.
E66: Datos expresados en Toneladas
E67: Fuente: SIMO

Sheet 09_ALMAZ.PROD. POR CAMYTIPO 
B4: 09_ALMAZARAS_PRODUCCIÓN POR CAMPAÑAS Y TIPO
B8: ALMAZARAS COOPERATIVAS
B21: Campaña | C21: 21/22 | D21: 22/23 | E21: 23/24 | F21: 24/25 | G21: 25/26
B22: % Nº Empresas | C22: 49.755302 | D22: 49.89083 | E22: 49.400871 | F22: 49.125683 | G22: 48.332422
B23: % Producción | C23: 64.693101 | D23: 59.039253 | E23: 58.851403 | F23: 63.551506 | G23: 62.888265
B26: ALMAZARAS INDUSTRIALES
B39: Campaña | C39: 21/22 | D39: 22/23 | E39: 23/24 | F39: 24/25 | G39: 25/26
B40: % Nº Empresas | C40: 50.244698 | D40: 50.10917 | E40: 50.599129 | F40: 50.874317 | G40: 51.667578
B41: % Producción | C41: 35.306899 | D41: 40.960747 | E41: 41.148597 | F41: 36.448494 | G41: 37.111735
B43: Fuente: SIMO

Sheet 10_ALMAZ.RES.ANUAL SAL.NET.ACEI
D2: 10_ALMAZARAS_RESUMEN ANUAL DE SALIDAS NETAS DE ACEITE
D6: COMUNIDAD AUTÓNOMA | E6: PROVINCIA | F6: OCTUBRE | G6: NOVIEMBRE | H6: DICIEMBRE | I6: ENERO | J6: FEBRERO | K6: MARZO | L6: ABRIL | M6: MAYO | N6: JUNIO | O6: JULIO | P6: AGOSTO | Q6: SEPTIEMBRE | R6: TOTAL
D7: ANDALUCÍA | E7: ALMERÍA | F7: 459.8 | G7: 2627 | H7: 3414.7 | I7: 1918.7 | J7: 1826.9 | K7: 922.7 | L7: 706.7 | M7: 351.3 | N7: 695 | O7: 555.9 | R7: 13478.7
E8: CÁDIZ | F8: 670.6 | G8: 1481 | H8: 1739.1 | I8: 2158.7 | J8: 739.8 | K8: 1099.6 | L8: 658.7 | M8: 272.7 | N8: 1338.2 | O8: 1694.3 | R8: 11852.7
E9: CÓRDOBA | F9: 10599.9 | G9: 13128.1 | H9: 24487.7 | I9: 33273.8 | J9: 27527.7 | K9: 28193.9 | L9: 22200.6 | M9: 24892.5 | N9: 20416.5 | O9: 20965.1 | R9: 225685.8
E10: GRANADA | F10: 7984.6 | G10: 6354.1 | H10: 10195.1 | I10: 13991.1 | J10: 12699.1 | K10: 11981.5 | L10: 9385.4 | M10: 7105.3 | N10: 7011.9 | O10: 6446.7 | R10: 93154.8
E11: HUELVA | F11: 719.4 | G11: 1336.7 | H11: 1576.7 | I11: 1317.8 | J11: 1601.8 | K11: 962.7 | L11: 847.6 | M11: 838.6 | N11: 1080.7 | O11: 2766.9 | R11: 13048.9
E12: JAÉN | F12: 46914.5 | G12: 26610 | H12: 28077.8 | I12: 44777.6 | J12: 45432.1 | K12: 45481 | L12: 37056.4 | M12: 34305.7 | N12: 32296.1 | O12: 31405.7 | R12: 372356.9
E13: MÁLAGA | F13: 1802.1 | G13: 4816 | H13: 6359.4 | I13: 9708.3 | J13: 5271.7 | K13: 5847.2 | L13: 5783.2 | M13: 4911.9 | N13: 6355.8 | O13: 3768.1 | R13: 54623.7
E14: SEVILLA | F14: 7013.4 | G14: 13697 | H14: 12302.2 | I14: 12541.5 | J14: 9981.5 | K14: 11292.9 | L14: 9366.2 | M14: 9675.9 | N14: 9483.9 | O14: 9057.6 | R14: 104412.1
E15: TOTAL: | F15: 76164.3 | G15: 70049.9 | H15: 88152.7 | I15: 119687.5 | J15: 105080.6 | K15: 105781.5 | L15: 86004.8 | M15: 82353.9 | N15: 78678.1 | O15: 76660.3 | R15: 888613.6
D16: ARAGÓN | E16: HUESCA | F16: 91.5 | G16: 851.7 | H16: 547.6 | I16: 152.8 | J16: 125.1 | K16: 84.4 | L16: 31.6 | M16: 40.8 | N16: 29.9 | O16: 96 | R16: 2051.4
E17: TERUEL | F17: 168.7 | G17: 300.7 | H17: 1460.6 | I17: 1473 | J17: 953.8 | K17: 628.6 | L17: 945 | M17: 740.5 | N17: 398.5 | O17: 479.6 | R17: 7549
E18: ZARAGOZA | F18: 187.8 | G18: 449.3 | H18: 606.2 | I18: 969.7 | J18: 881.6 | K18: 790.8 | L18: 410.3 | M18: 181.9 | N18: 244.3 | O18: 105.2 | R18: 4827.1
E19: TOTAL: | F19: 448 | G19: 1601.7 | H19: 2614.4 | I19: 2595.5 | J19: 1960.5 | K19: 1503.8 | L19: 1386.9 | M19: 963.2 | N19: 672.7 | O19: 680.8 | R19: 14427.5
D20: BALEARES | E20: BALEARES | F20: 221.1 | G20: 297.2 | H20: 100.6 | I20: 36.8 | J20: 25 | K20: 37.1 | L20: 23.9 | M20: 28.7 | N20: 36.9 | O20: 29.7 | R20: 837
E21: TOTAL: | F21: 221.1 | G21: 297.2 | H21: 100.6 | I21: 36.8 | J21: 25 | K21: 37.1 | L21: 23.9 | M21: 28.7 | N21: 36.9 | O21: 29.7 | R21: 837
D22: COMUNIDAD VALENCIANA | E22: ALICANTE | F22: 266.1 | G22: 1278.3 | H22: 2082.2 | I22: 1471.5 | J22: 539.5 | K22: 829.6 | L22: 989.1 | M22: 717 | N22: 461 | O22: 243.7 | R22: 8878
E23: CASTELLÓN | F23: 212.2 | G23: 998.5 | H23: 1064.2 | I23: 995.4 | J23: 670.8 | K23: 397.1 | L23: 367.3 | M23: 222.7 | N23: 151.2 | O23: 85.3 | R23: 5164.7
E24: VALENCIA | F24: 71.7 | G24: 1151.5 | H24: 1511.6 | I24: 1051.6 | J24: 1517.9 | K24: 1003.8 | L24: 474.3 | M24: 220.2 | N24: 189.1 | O24: 374.2 | R24: 7565.9
E25: TOTAL: | F25: 550 | G25: 3428.3 | H25: 4658 | I25: 3518.5 | J25: 2728.2 | K25: 2230.5 | L25: 1830.7 | M25: 1159.9 | N25: 801.3 | O25: 703.2 | R25: 21608.6
D26: CANARIAS | E26: LAS PALMAS | F26: 8.9 | G26: 0.1 | H26: 0.8 | I26: 0.9 | J26: 1 | K26: 1.1 | L26: 1.1 | M26: 0.5 | N26: 0.3 | O26: 0.3 | R26: 15
E27: STA. CRUZ DE TENERIFE | F27: 15.7 | G27: 2.3 | H27: 0.1 | I27: 0 | J27: 0 | K27: 0 | L27: 0 | M27: 0 | N27: 0 | O27: 0 | R27: 18.1
E28: TOTAL: | F28: 24.6 | G28: 2.4 | H28: 0.9 | I28: 0.9 | J28: 1 | K28: 1.1 | L28: 1.1 | M28: 0.5 | N28: 0.3 | O28: 0.3 | R28: 33.1
D29: CASTILLA-LA MANCHA | E29: ALBACETE | F29: 284.2 | G29: 1106 | H29: 2109 | I29: 2602.5 | J29: 2169.2 | K29: 1872.4 | L29: 1422 | M29: 1007.7 | N29: 836.3 | O29: 653.6 | R29: 14062.9
E30: CIUDAD REAL | F30: 2800.9 | G30: 1692.7 | H30: 6605.8 | I30: 13076.2 | J30: 5829.8 | K30: 8325.5 | L30: 6095.7 | M30: 4104.4 | N30: 3701.8 | O30: 6245.4 | R30: 58478.2
E31: CUENCA | F31: 362.1 | G31: 229.6 | H31: 436.1 | I31: 433.7 | J31: 1079 | K31: 1062.2 | L31: 885 | M31: 571.7 | N31: 495.9 | O31: 316 | R31: 5871.3
E32: GUADALAJARA | F32: 270.3 | G32: 112 | H32: 220.8 | I32: 204.4 | J32: 155.7 | K32: 231.8 | L32: 31.1 | M32: 57.9 | N32: 198.1 | O32: 99.5 | R32: 1581.6
E33: TOLEDO | F33: 1907 | G33: 2238.3 | H33: 2875.2 | I33: 4748.9 | J33: 5164.6 | K33: 3860 | L33: 2323.4 | M33: 2588.5 | N33: 2019.7 | O33: 4431.7 | R33: 32157.3
E34: TOTAL: | F34: 5624.5 | G34: 5378.6 | H34: 12246.9 | I34: 21065.7 | J34: 14398.3 | K34: 15351.9 | L34: 10757.2 | M34: 8330.2 | N34: 7251.8 | O34: 11746.2 | R34: 112151.3
D35: CASTILLA Y LEÓN | E35: ÁVILA | F35: 7.5 | G35: 93.6 | H35: 159.7 | I35: 500.1 | J35: 393.7 | K35: 58.7 | L35: 34.4 | M35: 4.5 | N35: 0 | O35: 317.2 | R35: 1569.4
E36: LEÓN | F36: 0 | G36: 0 | H36: 0 | I36: 0 | J36: 0 | K36: 0 | L36: 0 | M36: 0 | N36: 0 | O36: 0 | R36: 0
E37: SALAMANCA | F37: 0.7 | G37: 0.9 | H37: 52 | I37: 38.9 | J37: 13.6 | K37: 50.7 | L37: 1.4 | M37: 0.9 | N37: 1.5 | O37: 0.6 | R37: 161.2
E38: SORIA | F38: 0 | G38: 0.1 | H38: 0 | I38: 0 | J38: 0.1 | K38: 0.1 | L38: 0 | M38: 0 | N38: 0 | O38: 0 | R38: 0.3
E39: OTRAS | F39: 37 | G39: 7.9 | H39: 37.4 | I39: 13.8 | J39: 5.9 | K39: 24.3 | L39: 9.9 | M39: 18.2 | N39: 8.5 | O39: 2.2 | R39: 165.1
E40: TOTAL: | F40: 45.2 | G40: 102.5 | H40: 249.1 | I40: 552.8 | J40: 413.3 | K40: 133.8 | L40: 45.7 | M40: 23.6 | N40: 10 | O40: 320 | R40: 1896
D41: CATALUÑA | E41: BARCELONA | F41: 242.5 | G41: 392.6 | H41: 107.1 | I41: 5.2 | J41: 3.7 | K41: 18.1 | L41: 6.6 | M41: 7.6 | N41: 8.9 | O41: 21 | R41: 813.3
E42: GIRONA | F42: 64.8 | G42: 327.2 | H42: 253 | I42: 65 | J42: 25.6 | K42: 24.4 | L42: 43.7 | M42: 10 | N42: 22.3 | O42: 19.3 | R42: 855.3
E43: LLEIDA | F43: 464.9 | G43: 2131.8 | H43: 2483.8 | I43: 1557.3 | J43: 896 | K43: 820.2 | L43: 475.2 | M43: 685 | N43: 496.2 | O43: 415.5 | R43: 10425.9
E44: TARRAGONA | F44: 1065.7 | G44: 5179.1 | H44: 5936.5 | I44: 3932.1 | J44: 2873.8 | K44: 1193.4 | L44: 1800.1 | M44: 1051.5 | N44: 537 | O44: 813.8 | R44: 24383
E45: TOTAL: | F45: 1837.9 | G45: 8030.7 | H45: 8780.4 | I45: 5559.6 | J45: 3799.1 | K45: 2056.1 | L45: 2325.6 | M45: 1754.1 | N45: 1064.4 | O45: 1269.6 | R45: 36477.5
D46: EXTREMADURA | E46: BADAJOZ | F46: 2255.2 | G46: 7202.5 | H46: 8201.2 | I46: 8188.2 | J46: 7664.5 | K46: 9226.2 | L46: 5158.9 | M46: 4614.5 | N46: 3069.5 | O46: 3326.2 | R46: 58906.9
E47: CÁCERES | F47: 470 | G47: 1931.3 | H47: 1908.3 | I47: 1122.1 | J47: 928.3 | K47: 917.5 | L47: 901.1 | M47: 885.1 | N47: 368.1 | O47: 287.3 | R47: 9719.1
E48: TOTAL: | F48: 2725.2 | G48: 9133.8 | H48: 10109.5 | I48: 9310.3 | J48: 8592.8 | K48: 10143.7 | L48: 6060 | M48: 5499.6 | N48: 3437.6 | O48: 3613.5 | R48: 68626
D49: GALICIA | E49: TODAS | F49: 0 | G49: 0.6 | H49: 0.4 | I49: 7.4 | J49: 0.6 | K49: 0.4 | L49: 0.3 | M49: 1.2 | N49: 0.8 | O49: 0.3 | R49: 12
E50: TOTAL: | F50: 0 | G50: 0.6 | H50: 0.4 | I50: 7.4 | J50: 0.6 | K50: 0.4 | L50: 0.3 | M50: 1.2 | N50: 0.8 | O50: 0.3 | R50: 12
D51: LA RIOJA | E51: LA RIOJA | F51: 116.1 | G51: 53.1 | H51: 318.3 | I51: 91.8 | J51: 336.2 | K51: 297.7 | L51: 295.5 | M51: 184.5 | N51: 148.2 | O51: 134.3 | R51: 1975.7
E52: TOTAL: | F52: 116.1 | G52: 53.1 | H52: 318.3 | I52: 91.8 | J52: 336.2 | K52: 297.7 | L52: 295.5 | M52: 184.5 | N52: 148.2 | O52: 134.3 | R52: 1975.7
D53: MADRID | E53: MADRID | F53: 82.1 | G53: 73.7 | H53: 132.2 | I53: 498 | J53: 406.2 | K53: 1038.3 | L53: 812.5 | M53: 187.5 | N53: 235.3 | O53: 200.1 | R53: 3665.9
E54: TOTAL: | F54: 82.1 | G54: 73.7 | H54: 132.2 | I54: 498 | J54: 406.2 | K54: 1038.3 | L54: 812.5 | M54: 187.5 | N54: 235.3 | O54: 200.1 | R54: 3665.9
D55: MURCIA | E55: MURCIA | F55: 374.9 | G55: 2808 | H55: 3359.6 | I55: 1986.4 | J55: 1309.1 | K55: 953.9 | L55: 746.8 | M55: 442.1 | N55: 477.7 | O55: 420.8 | R55: 12879.3
E56: TOTAL: | F56: 374.9 | G56: 2808 | H56: 3359.6 | I56: 1986.4 | J56: 1309.1 | K56: 953.9 | L56: 746.8 | M56: 442.1 | N56: 477.7 | O56: 420.8 | R56: 12879.3
D57: NAVARRA | E57: NAVARRA | F57: 118.9 | G57: 916.3 | H57: 929.7 | I57: 456 | J57: 1030.6 | K57: 734.1 | L57: 239.9 | M57: 292.2 | N57: 112.4 | O57: 86.8 | R57: 4916.9
E58: TOTAL: | F58: 118.9 | G58: 916.3 | H58: 929.7 | I58: 456 | J58: 1030.6 | K58: 734.1 | L58: 239.9 | M58: 292.2 | N58: 112.4 | O58: 86.8 | R58: 4916.9
D59: PAÍS VASCO | E59: TODAS | F59: 0 | G59: 52 | H59: 28.8 | I59: 39.5 | J59: 0 | K59: 0.4 | L59: 0 | M59: 0 | N59: 0 | O59: 0.1 | R59: 120.8
E60: TOTAL: | F60: 0 | G60: 52 | H60: 28.8 | I60: 39.5 | J60: 0 | K60: 0.4 | L60: 0 | M60: 0 | N60: 0 | O60: 0.1 | R60: 120.8
D61: TOTAL | F61: 88332.8 | G61: 101928.8 | H61: 131681.5 | I61: 165406.7 | J61: 140081.5 | K61: 140264.3 | L61: 110530.9 | M61: 101221.2 | N61: 92927.5 | O61: 95866 | R61: 1168241.2
D62: ** Nº de empresas que envían datos | F62: 1829 | G62: 1820 | H62: 1814 | I62: 1813 | J62: 1806 | K62: 1803 | L62: 1802 | M62: 1797 | N62: 1788 | O62: 1766 | R62: *1.829
D64: * Almazaras que han Notificado su Producción al Menos una Vez en la Campaña.
D65: ** Almazaras que han notificado su producción en la Campaña para el mes Indicado.
D66: Salidas Netas de Aceite = Salidas Totales de Aceite - Salidas de Aceite a otras Almazaras
D67: Datos Expresados en Toneladas
D68: Fuente: SIMO

Sheet 11_ALMAZARAS.ACEITUNA MOLTURADA
B5: 11_ALMAZARAS_ACEITUNA MOLTURADA
B9: COMUNIDAD AUTÓNOMA | C9: PROVINCIA | D9: OCTUBRE | E9: NOVIEMBRE | F9: DICIEMBRE | G9: ENERO | H9: FEBRERO | I9: MARZO | J9: ABRIL | K9: MAYO | L9: TOTAL
B10: ANDALUCÍA | C10: ALMERÍA | D10: 7475.4 | E10: 34748.2 | F10: 30987.8 | G10: 11026.1 | H10: 1572.7 | I10: 370.6 | J10: 5.5 | K10: 0 | L10: 86186.3
C11: CÁDIZ | D11: 11686 | E11: 30096.2 | F11: 25795.9 | G11: 13751.4 | H11: 4517.9 | I11: 2143.2 | J11: 0 | K11: 0 | L11: 87990.6
C12: CÓRDOBA | D12: 34249 | E12: 295031.7 | F12: 447694.4 | G12: 328868.7 | H12: 171687.9 | I12: 133274.3 | J12: 24350.4 | K12: 2212.7 | L12: 1437369.1
C13: GRANADA | D13: 3097.6 | E13: 76503.4 | F13: 168682.9 | G13: 136080.7 | H13: 60338.2 | I13: 49951.2 | J13: 11782.2 | K13: 1375.4 | L13: 507811.6
C14: HUELVA | D14: 4550.3 | E14: 38848 | F14: 33062.3 | G14: 9971.7 | H14: 1222.2 | I14: 632.6 | J14: 531.8 | K14: 0 | L14: 88818.9
C15: JAÉN | D15: 39237.6 | E15: 237545.1 | F15: 638144.6 | G15: 593812 | H15: 307414.6 | I15: 121811.2 | J15: 2221.6 | K15: 211.1 | L15: 1940397.8
C16: MÁLAGA | D16: 15389.4 | E16: 70074.2 | F16: 81648.7 | G16: 64468 | H16: 38159.1 | I16: 41463.7 | J16: 13306.4 | K16: 1113.9 | L16: 325623.4
C17: SEVILLA | D17: 69630.4 | E17: 237836.6 | F17: 264854.3 | G17: 154211.6 | H17: 54921.3 | I17: 17093.3 | J17: 1172.2 | K17: 0 | L17: 799719.7
C18: TOTAL: | D18: 185315.7 | E18: 1020683.4 | F18: 1690870.9 | G18: 1312190.2 | H18: 639833.9 | I18: 366740.1 | J18: 53370.1 | K18: 4913.1 | L18: 5273917.4
B19: ARAGÓN | C19: HUESCA | D19: 895.7 | E19: 6927.6 | F19: 3045 | G19: 343.2 | H19: 142.7 | I19: 0 | J19: 0 | K19: 0 | L19: 11354.2
C20: TERUEL | D20: 3182.4 | E20: 10688.5 | F20: 14168.9 | G20: 8382.1 | H20: 4127.2 | I20: 2788.1 | J20: 375.8 | K20: 0 | L20: 43713
C21: ZARAGOZA | D21: 1576.6 | E21: 10906.1 | F21: 8731.9 | G21: 3030.5 | H21: 1737.3 | I21: 1256.4 | J21: 229.8 | K21: 0 | L21: 27468.6
C22: TOTAL: | D22: 5654.7 | E22: 28522.2 | F22: 25945.8 | G22: 11755.8 | H22: 6007.2 | I22: 4044.5 | J22: 605.6 | K22: 0 | L22: 82535.8
B23: BALEARES | C23: BALEARES | D23: 3479 | E23: 3286.6 | F23: 873 | G23: 3.8 | H23: 2.4 | I23: 0 | J23: 0 | K23: 0 | L23: 7644.8
C24: TOTAL: | D24: 3479 | E24: 3286.6 | F24: 873 | G24: 3.8 | H24: 2.4 | I24: 0 | J24: 0 | K24: 0 | L24: 7644.8
B25: CANARIAS | C25: LAS PALMAS | D25: 125.7 | E25: 5.1 | F25: 5.6 | G25: 4.7 | H25: 0 | I25: 0 | J25: 0 | K25: 1.7 | L25: 142.8
C26: STA. CRUZ DE TENERIFE | D26: 142.9 | E26: 17.6 | F26: 0.5 | G26: 0 | H26: 0 | I26: 0 | J26: 0 | K26: 0 | L26: 161
C27: TOTAL: | D27: 268.6 | E27: 22.7 | F27: 6.1 | G27: 4.7 | H27: 0 | I27: 0 | J27: 0 | K27: 1.7 | L27: 303.8
B28: CASTILLA-LA MANCHA | C28: ALBACETE | D28: 806.4 | E28: 25658.2 | F28: 38828.9 | G28: 21232.7 | H28: 1561.8 | I28: 420.2 | J28: 12.1 | K28: 0 | L28: 88520.3
C29: CIUDAD REAL | D29: 1813.3 | E29: 56316.3 | F29: 154686 | G29: 96372.2 | H29: 20931.3 | I29: 4517.4 | J29: 96.5 | K29: 0 | L29: 334733
C30: CUENCA | D30: 218.6 | E30: 4257.5 | F30: 16738.8 | G30: 9343.3 | H30: 2011.2 | I30: 547.3 | J30: 0 | K30: 0 | L30: 33116.7
C31: GUADALAJARA | D31: 130.8 | E31: 1484 | F31: 3342.2 | G31: 2875.2 | H31: 1026.4 | I31: 471.4 | J31: 0 | K31: 0 | L31: 9330
C32: TOLEDO | D32: 3003.5 | E32: 37097.6 | F32: 85140.4 | G32: 62847.5 | H32: 20150.3 | I32: 6774.9 | J32: 31.6 | K32: 0 | L32: 215045.8
C33: TOTAL: | D33: 5972.6 | E33: 124813.6 | F33: 298736.3 | G33: 192670.9 | H33: 45681 | I33: 12731.2 | J33: 140.2 | K33: 0 | L33: 680745.8
B34: CASTILLA Y LEÓN | C34: ÁVILA | D34: 4.8 | E34: 5303.6 | F34: 4384.7 | G34: 802.7 | H34: 89.1 | I34: 0 | J34: 0 | K34: 0 | L34: 10584.9
C35: LEÓN | D35: 0 | E35: 0 | F35: 0 | G35: 0 | H35: 0 | I35: 0 | J35: 0 | K35: 0 | L35: 0
C36: SALAMANCA | D36: 26.9 | E36: 1499.7 | F36: 111.3 | G36: 0 | H36: 0 | I36: 0 | J36: 0 | K36: 0 | L36: 1637.9
C37: SORIA | D37: 0 | E37: 1.1 | F37: 0 | G37: 0 | H37: 0 | I37: 0 | J37: 0 | K37: 0 | L37: 1.1
C38: OTRAS | D38: 0 | E38: 1378.3 | F38: 264.8 | G38: 0 | H38: 0 | I38: 0 | J38: 0 | K38: 0 | L38: 1643.1
C39: TOTAL: | D39: 31.7 | E39: 8182.7 | F39: 4760.8 | G39: 802.7 | H39: 89.1 | I39: 0 | J39: 0 | K39: 0 | L39: 13867
B40: CATALUÑA | C40: BARCELONA | D40: 1661.6 | E40: 2910 | F40: 599.7 | G40: 20.1 | H40: 0 | I40: 0 | J40: 0 | K40: 0 | L40: 5191.4
C41: GIRONA | D41: 880.4 | E41: 3476.4 | F41: 1140.1 | G41: 99.9 | H41: 0 | I41: 0 | J41: 0 | K41: 0 | L41: 5596.8
C42: LLEIDA | D42: 6089.1 | E42: 33791.3 | F42: 18753.7 | G42: 4745.1 | H42: 56.4 | I42: 0 | J42: 0 | K42: 0 | L42: 63435.6
C43: TARRAGONA | D43: 16098.1 | E43: 51062.2 | F43: 28824.2 | G43: 19188.9 | H43: 9558.8 | I43: 2121.2 | J43: 252.8 | K43: 0 | L43: 127106.2
C44: TOTAL: | D44: 24729.2 | E44: 91239.9 | F44: 49317.7 | G44: 24054 | H44: 9615.2 | I44: 2121.2 | J44: 252.8 | K44: 0 | L44: 201330
B45: EXTREMADURA | C45: BADAJOZ | D45: 33131.1 | E45: 146462.6 | F45: 150077.1 | G45: 42573.1 | H45: 3497 | I45: 285.3 | J45: 0 | K45: 0 | L45: 376026.2
C46: CÁCERES | D46: 11216.6 | E46: 46839.9 | F46: 25014.5 | G46: 4161.2 | H46: 394.7 | I46: 0 | J46: 0 | K46: 0 | L46: 87626.9
C47: TOTAL: | D47: 44347.7 | E47: 193302.5 | F47: 175091.6 | G47: 46734.3 | H47: 3891.7 | I47: 285.3 | J47: 0 | K47: 0 | L47: 463653.1
B48: GALICIA | C48: TODAS | D48: 11.4 | E48: 34 | F48: 58.3 | G48: 0 | H48: 0 | I48: 0 | J48: 0 | K48: 0 | L48: 103.7
C49: TOTAL: | D49: 11.4 | E49: 34 | F49: 58.3 | G49: 0 | H49: 0 | I49: 0 | J49: 0 | K49: 0 | L49: 103.7
B50: MADRID | C50: MADRID | D50: 89.1 | E50: 1924.8 | F50: 7248.9 | G50: 5526.1 | H50: 3179.6 | I50: 1238.8 | J50: 0 | K50: 0 | L50: 19207.3
C51: TOTAL: | D51: 89.1 | E51: 1924.8 | F51: 7248.9 | G51: 5526.1 | H51: 3179.6 | I51: 1238.8 | J51: 0 | K51: 0 | L51: 19207.3
B52: MURCIA | C52: MURCIA | D52: 5679.3 | E52: 36381 | F52: 26979.5 | G52: 12254.8 | H52: 769 | I52: 162.3 | J52: 6.3 | K52: 0 | L52: 82232.2
C53: TOTAL: | D53: 5679.3 | E53: 36381 | F53: 26979.5 | G53: 12254.8 | H53: 769 | I53: 162.3 | J53: 6.3 | K53: 0 | L53: 82232.2
B54: NAVARRA | C54: NAVARRA | D54: 2320.7 | E54: 21814.9 | F54: 5895.5 | G54: 0 | H54: 0 | I54: 0 | J54: 0 | K54: 0 | L54: 30031.1
C55: TOTAL: | D55: 2320.7 | E55: 21814.9 | F55: 5895.5 | G55: 0 | H55: 0 | I55: 0 | J55: 0 | K55: 0 | L55: 30031.1
B56: PAÍS VASCO | C56: TODAS | D56: 0 | E56: 303.7 | F56: 166.7 | G56: 196.1 | H56: 0 | I56: 0 | J56: 0 | K56: 0 | L56: 666.5
C57: TOTAL: | D57: 0 | E57: 303.7 | F57: 166.7 | G57: 196.1 | H57: 0 | I57: 0 | J57: 0 | K57: 0 | L57: 666.5
B58: LA RIOJA | C58: LA RIOJA | D58: 376.1 | E58: 7678.4 | F58: 3645.5 | G58: 87.5 | H58: 0 | I58: 0 | J58: 0 | K58: 0 | L58: 11787.5
C59: TOTAL: | D59: 376.1 | E59: 7678.4 | F59: 3645.5 | G59: 87.5 | H59: 0 | I59: 0 | J59: 0 | K59: 0 | L59: 11787.5
B60: COMUNIDAD VALENCIANA | C60: ALICANTE | D60: 4353.7 | E60: 20017.8 | F60: 17916.2 | G60: 8830.3 | H60: 1478.7 | I60: 440.1 | J60: 0 | K60: 0 | L60: 53036.8
C61: CASTELLÓN | D61: 4145.2 | E61: 16546.4 | F61: 4858.7 | G61: 3175.5 | H61: 1800.5 | I61: 247 | J61: 11.9 | K61: 0 | L61: 30785.2
C62: VALENCIA | D62: 2924.5 | E62: 26576.5 | F62: 14819.2 | G62: 3221.4 | H62: 149.3 | I62: 747.6 | J62: 0 | K62: 0 | L62: 48438.5
C63: TOTAL: | D63: 11423.4 | E63: 63140.7 | F63: 37594.1 | G63: 15227.2 | H63: 3428.5 | I63: 1434.7 | J63: 11.9 | K63: 0 | L63: 132260.5
B64: TOTAL NACIONAL | D64: 289699.2 | E64: 1601331.1 | F64: 2327190.7 | G64: 1621508.1 | H64: 712497.6 | I64: 388758.1 | J64: 54386.9 | K64: 4914.8 | L64: 7000286.5
B66: Datos expresados en Toneladas
B67: Fuente: SIMO

Sheet 12_ENV,REF Y OPE.EXIST.TOTAL
B1: 12_ENVASADORAS, REFINERÍAS Y OPERADORES_EXISTENCIAS TOTAL
B5: ACEITES DE OLIVA
B6: COMUNIDAD AUTÓNOMA | C6: PROVINCIA | D6: ENVASADORAS
D7: CON ALMAZARA | E7: SIN ALMAZARA | F7: AOVE | G7: AOV | H7: AO | I7: AOR | J7: TOTAL
B8: ANDALUCÍA | C8: ALMERÍA | D8: 128.3 | E8: 11.5 | F8: 121.7 | G8: 18 | H8: 0 | I8: 0 | J8: 139.8
C9: CÁDIZ | D9: 127.1 | E9: 43.8 | F9: 162.8 | G9: 6.8 | H9: 0.6 | I9: 0.6 | J9: 170.9
C10: CÓRDOBA | D10: 5880.6 | E10: 7971.6 | F10: 9795.4 | G10: 3137.4 | H10: 728.2 | I10: 191.2 | J10: 13852.2
C11: GRANADA | D11: 3441.9 | E11: 1083.7 | F11: 4107.5 | G11: 336.7 | H11: 28.2 | I11: 53.3 | J11: 4525.6
C12: HUELVA | D12: 528.6 | E12: 0 | F12: 528.1 | G12: 0.5 | H12: 0 | I12: 0 | J12: 528.6
C13: JAÉN | D13: 7160.4 | E13: 6438.7 | F13: 10680.3 | G13: 2837.8 | H13: 49.6 | I13: 31.5 | J13: 13599.1
C14: MÁLAGA | D14: 1661.7 | E14: 658.9 | F14: 910.4 | G14: 1206.5 | H14: 176 | I14: 27.6 | J14: 2320.6
C15: SEVILLA | D15: 3862.8 | E15: 2361.1 | F15: 5797.1 | G15: 48.9 | H15: 313.6 | I15: 64.3 | J15: 6223.9
C16: TOTAL: | D16: 22791.4 | E16: 18569.3 | F16: 32103.3 | G16: 7592.6 | H16: 1296.2 | I16: 368.5 | J16: 41360.7
B17: ARAGÓN | C17: HUESCA | D17: 233.5 | E17: 30.9 | F17: 230.9 | G17: 25.6 | H17: 7.9 | I17: 0 | J17: 264.4
C18: TERUEL | D18: 163.3 | E18: 0 | F18: 147.6 | G18: 15.7 | H18: 0 | I18: 0 | J18: 163.3
C19: ZARAGOZA | D19: 202.3 | E19: 82.7 | F19: 274.8 | G19: 6.9 | H19: 3.3 | I19: 0 | J19: 285
C20: TOTAL: | D20: 599.1 | E20: 113.6 | F20: 653.3 | G20: 48.2 | H20: 11.2 | I20: 0 | J20: 712.7
B21: BALEARES | C21: BALEARES | D21: 62.4 | E21: 177.6 | F21: 129 | G21: 54.9 | H21: 56.2 | I21: 0 | J21: 240
C22: TOTAL: | D22: 62.4 | E22: 177.6 | F22: 129 | G22: 54.9 | H22: 56.2 | I22: 0 | J22: 240
B23: CANARIAS | C23: LAS PALMAS | D23: 0 | E23: 0.9 | F23: 0.9 | G23: 0.1 | H23: 0 | I23: 0 | J23: 0.9
C24: STA. CRUZ DE TENERIFE | D24: 1 | E24: 0 | F24: 0.7 | G24: 0.3 | H24: 0 | I24: 0 | J24: 1
C25: TOTAL: | D25: 1 | E25: 0.9 | F25: 1.6 | G25: 0.4 | H25: 0 | I25: 0 | J25: 1.9
B26: CASTILLA-LA MANCHA | C26: ALBACETE | D26: 211.8 | E26: 259 | F26: 399.7 | G26: 65.8 | H26: 5.3 | I26: 0 | J26: 470.8
C27: CIUDAD REAL | D27: 718.4 | E27: 3726.6 | F27: 3375 | G27: 1059.7 | H27: 0 | I27: 10.2 | J27: 4445
C28: CUENCA | D28: 110.4 | E28: 0.2 | F28: 52 | G28: 58.6 | H28: 0 | I28: 0 | J28: 110.6
C29: GUADALAJARA | D29: 61.7 | E29: 0 | F29: 42.4 | G29: 19.3 | H29: 0 | I29: 0 | J29: 61.7
C30: TOLEDO | D30: 1392 | E30: 223.4 | F30: 1329.3 | G30: 154.8 | H30: 70.7 | I30: 60.7 | J30: 1615.4
C31: TOTAL: | D31: 2494.3 | E31: 4209.2 | F31: 5198.4 | G31: 1358.2 | H31: 76 | I31: 70.9 | J31: 6703.5
B32: CASTILLA Y LEÓN | C32: ÁVILA | D32: 162.2 | E32: 0 | F32: 162.2 | G32: 0 | H32: 0 | I32: 0 | J32: 162.2
C33: BURGOS | D33: 0 | E33: 0.2 | F33: 0.2 | G33: 0 | H33: 0 | I33: 0 | J33: 0.2
C34: LEÓN | D34: 0 | E34: 0 | F34: 0 | G34: 0 | H34: 0 | I34: 0 | J34: 0
C35: SALAMANCA | D35: 1.2 | E35: 3.9 | F35: 5.1 | G35: 0 | H35: 0 | I35: 0 | J35: 5.1
C36: SORIA | D36: 0 | E36: 0 | F36: 0 | G36: 0 | H36: 0 | I36: 0 | J36: 0
C37: OTRAS | D37: 37.3 | E37: 66.2 | F37: 100.2 | G37: 0.3 | H37: 3.1 | I37: 0 | J37: 103.5
C38: TOTAL: | D38: 200.7 | E38: 70.3 | F38: 267.7 | G38: 0.3 | H38: 3.1 | I38: 0 | J38: 271
B39: CATALUÑA | C39: BARCELONA | D39: 116.8 | E39: 253.7 | F39: 255.7 | G39: 12.1 | H39: 93.9 | I39: 8.8 | J39: 370.5
C40: GIRONA | D40: 102.3 | E40: 10.7 | F40: 47 | G40: 66 | H40: 0 | I40: 0 | J40: 113
C41: LLEIDA | D41: 461.6 | E41: 743.5 | F41: 1165.1 | G41: 0.8 | H41: 39.2 | I41: 0 | J41: 1205.1
C42: TARRAGONA | D42: 1613.2 | E42: 1606.2 | F42: 2776.3 | G42: 386.1 | H42: 18.8 | I42: 38.3 | J42: 3219.4
C43: TOTAL: | D43: 2293.9 | E43: 2614.1 | F43: 4244.1 | G43: 465 | H43: 151.9 | I43: 47.1 | J43: 4908
B44: EXTREMADURA | C44: BADAJOZ | D44: 943 | E44: 55.3 | F44: 749.7 | G44: 246.7 | H44: 1.8 | I44: 0 | J44: 998.3
C45: CÁCERES | D45: 380.1 | E45: 304.9 | F45: 671.6 | G45: 12.3 | H45: 1.2 | I45: 0 | J45: 685
C46: TOTAL: | D46: 1323.1 | E46: 360.2 | F46: 1421.3 | G46: 259 | H46: 3 | I46: 0 | J46: 1683.3
B47: GALICIA | C47: TODAS | D47: 2.6 | E47: 3.1 | F47: 5.6 | G47: 0 | H47: 0 | I47: 0 | J47: 5.7
C48: TOTAL: | D48: 2.6 | E48: 3.1 | F48: 5.6 | G48: 0 | H48: 0 | I48: 0 | J48: 5.7
B49: MADRID | C49: MADRID | D49: 150.4 | E49: 129.8 | F49: 205.7 | G49: 28.7 | H49: 45.9 | I49: 0 | J49: 280.2
C50: TOTAL: | D50: 150.4 | E50: 129.8 | F50: 205.7 | G50: 28.7 | H50: 45.9 | I50: 0 | J50: 280.2
B51: MURCIA | C51: MURCIA | D51: 351.3 | E51: 116.5 | F51: 264.1 | G51: 134.7 | H51: 68.9 | I51: 0 | J51: 467.8
C52: TOTAL: | D52: 351.3 | E52: 116.5 | F52: 264.1 | G52: 134.7 | H52: 68.9 | I52: 0 | J52: 467.8
B53: NAVARRA | C53: NAVARRA | D53: 380.1 | E53: 405.6 | F53: 648.4 | G53: 30.7 | H53: 106.5 | I53: 0 | J53: 785.7
C54: TOTAL: | D54: 380.1 | E54: 405.6 | F54: 648.4 | G54: 30.7 | H54: 106.5 | I54: 0 | J54: 785.7
B55: PAÍS VASCO | C55: TODAS | D55: 49.3 | E55: 179 | F55: 49.3 | G55: 0 | H55: 179 | I55: 0 | J55: 228.3
C56: TOTAL: | D56: 49.3 | E56: 179 | F56: 49.3 | G56: 0 | H56: 179 | I56: 0 | J56: 228.3
B57: LA RIOJA | C57: LA RIOJA | D57: 175 | E57: 82.6 | F57: 200.2 | G57: 54.4 | H57: 0 | I57: 3 | J57: 257.6
C58: TOTAL: | D58: 175 | E58: 82.6 | F58: 200.2 | G58: 54.4 | H58: 0 | I58: 3 | J58: 257.6
B59: COMUNIDAD VALENCIANA | C59: ALICANTE | D59: 404.4 | E59: 161.4 | F59: 433.5 | G59: 99.7 | H59: 32.6 | I59: 0 | J59: 565.8
C60: CASTELLÓN | D60: 165 | E60: 12.3 | F60: 118.4 | G60: 58.9 | H60: 0 | I60: 0 | J60: 177.3
C61: VALENCIA | D61: 614.5 | E61: 656.1 | F61: 945.1 | G61: 149.8 | H61: 147 | I61: 28.7 | J61: 1270.6
C62: TOTAL: | D62: 1183.9 | E62: 829.8 | F62: 1497 | G62: 308.4 | H62: 179.6 | I62: 28.7 | J62: 2013.7
B63: TOTAL | D63: 32058.5 | E63: 27861.6 | F63: 46889 | G63: 10335.5 | H63: 2177.5 | I63: 518.2 | J63: 59920.1
B64: GRANDES ENVASADORAS* | F64: 87367.4 | G64: 39840.5 | H64: 18786.7 | I64: 18053.8 | J64: 164048.4
B65: OPERADORES | F65: 7609.8 | G65: 3743.4 | H65: 235.3 | I65: 218.6 | J65: 11807.1
B66: TOTAL NACIONAL | F66: 141866.2 | G66: 53919.4 | H66: 21199.5 | I66: 18790.6 | J66: 235775.6
B68: *Las existencias finales corresponden a las existencias fisicas situadas en las envasadoras junto con las de sus refinerías correspondientes.
B69: Datos expresados en Toneladas
B70: Fuente: SIMO

Sheet 13_ENV,REF Y OPE-TOTAL AC.OLIVA
E1: 13_ENVASADORAS, REFINERÍAS Y OPERADORES
E3: RESUMEN ANUAL DE EXISTENCIAS_TOTAL_ACEITES DE OLIVA
E5: Descripción: ACEITES DE OLIVA
E6: COMUNIDAD AUTÓNOMA | F6: PROVINCIA | G6: OCTUBRE | H6: NOVIEMBRE | I6: DICIEMBRE | J6: ENERO | K6: FEBRERO | L6: MARZO | M6: ABRIL | N6: MAYO | O6: JUNIO | P6: JULIO | Q6: AGOSTO | R6: SEPTIEMBRE
E7: ANDALUCÍA | F7: ALMERÍA | G7: 112 | H7: 190 | I7: 247.7 | J7: 212.9 | K7: 210.8 | L7: 207.8 | M7: 163.7 | N7: 173.4 | O7: 137.4 | P7: 139.8
F8: CÁDIZ | G8: 212.3 | H8: 380.8 | I8: 501 | J8: 475.8 | K8: 435.7 | L8: 396 | M8: 412.3 | N8: 377.1 | O8: 360.9 | P8: 170.9
F9: CÓRDOBA | G9: 8194.9 | H9: 6679.3 | I9: 7389.3 | J9: 9689.6 | K9: 12496.8 | L9: 14166.1 | M9: 13903.1 | N9: 14037.9 | O9: 14351.2 | P9: 13852.2
F10: GRANADA | G10: 1643.8 | H10: 2665.8 | I10: 4376.2 | J10: 7156.5 | K10: 7054.6 | L10: 6505 | M10: 6035 | N10: 5421.9 | O10: 5085 | P10: 4525.6
F11: HUELVA | G11: 113.6 | H11: 150.8 | I11: 181 | J11: 257.4 | K11: 254.7 | L11: 194.5 | M11: 333.8 | N11: 467.6 | O11: 515.7 | P11: 528.6
F12: JAÉN | G12: 9468.5 | H12: 9661.8 | I12: 9292.8 | J12: 11764.1 | K12: 13243.4 | L12: 13825.3 | M12: 14462.4 | N12: 14752.7 | O12: 15224 | P12: 13599.1
F13: MÁLAGA | G13: 1179.2 | H13: 1196.1 | I13: 1323.6 | J13: 1922.5 | K13: 1643.7 | L13: 2078 | M13: 2075.7 | N13: 2469.6 | O13: 2872 | P13: 2320.6
F14: SEVILLA | G14: 1670.8 | H14: 1867.2 | I14: 2193.7 | J14: 3350.5 | K14: 4463.6 | L14: 5274 | M14: 5773.2 | N14: 6021.1 | O14: 5709.3 | P14: 6223.9
F15: TOTAL: | G15: 22595.1 | H15: 22791.8 | I15: 25505.3 | J15: 34829.3 | K15: 39803.3 | L15: 42646.7 | M15: 43159.2 | N15: 43721.3 | O15: 44255.5 | P15: 41360.7
E16: ARAGÓN | F16: HUESCA | G16: 212.8 | H16: 357.2 | I16: 397.7 | J16: 402.9 | K16: 373.8 | L16: 335.8 | M16: 301.1 | N16: 304.7 | O16: 308.2 | P16: 264.4
F17: TERUEL | G17: 67.8 | H17: 80.2 | I17: 171.3 | J17: 195.7 | K17: 186.4 | L17: 190.8 | M17: 177.6 | N17: 179.1 | O17: 166.8 | P17: 163.3
F18: ZARAGOZA | G18: 249.3 | H18: 464.1 | I18: 505.9 | J18: 652.6 | K18: 528.8 | L18: 431 | M18: 428 | N18: 368.6 | O18: 367 | P18: 285
F19: TOTAL: | G19: 529.9 | H19: 901.5 | I19: 1074.9 | J19: 1251.2 | K19: 1089 | L19: 957.6 | M19: 906.7 | N19: 852.4 | O19: 842 | P19: 712.7
E20: BALEARES | F20: BALEARES | G20: 184.3 | H20: 206.6 | I20: 208.8 | J20: 232.7 | K20: 279.5 | L20: 282.6 | M20: 232 | N20: 239.2 | O20: 252.3 | P20: 240
F21: TOTAL: | G21: 184.3 | H21: 206.6 | I21: 208.8 | J21: 232.7 | K21: 279.5 | L21: 282.6 | M21: 232 | N21: 239.2 | O21: 252.3 | P21: 240
E22: CANARIAS | F22: LAS PALMAS | G22: 2.4 | H22: 2 | I22: 1.8 | J22: 1.6 | K22: 1.6 | L22: 1.5 | M22: 1.4 | N22: 1.3 | O22: 1.2 | P22: 0.9
F23: STA. CRUZ DE TENERIFE | G23: 7.9 | H23: 5.2 | I23: 3.4 | J23: 2.1 | K23: 1.8 | L23: 1.6 | M23: 1.5 | N23: 1.2 | O23: 1.2 | P23: 1
F24: TOTAL: | G24: 10.3 | H24: 7.2 | I24: 5.2 | J24: 3.7 | K24: 3.4 | L24: 3.1 | M24: 2.9 | N24: 2.5 | O24: 2.4 | P24: 1.9
E25: CASTILLA-LA MANCHA | F25: ALBACETE | G25: 314 | H25: 360.8 | I25: 457.5 | J25: 755.8 | K25: 713 | L25: 603 | M25: 592.9 | N25: 604.3 | O25: 559.8 | P25: 470.8
F26: CIUDAD REAL | G26: 2994.7 | H26: 2935.5 | I26: 3580.2 | J26: 5890.8 | K26: 5374.3 | L26: 5480.9 | M26: 5359.5 | N26: 5893.5 | O26: 5254.9 | P26: 4445
F27: CUENCA | G27: 96.5 | H27: 106.6 | I27: 143.8 | J27: 200.8 | K27: 276.4 | L27: 298.3 | M27: 258.9 | N27: 180.8 | O27: 135.2 | P27: 110.6
F28: GUADALAJARA | G28: 32.4 | H28: 40.2 | I28: 49.5 | J28: 55.3 | K28: 82.4 | L28: 93.1 | M28: 53 | N28: 55.4 | O28: 51.9 | P28: 61.7
F29: TOLEDO | G29: 1289.3 | H29: 1764.3 | I29: 2427.5 | J29: 2410.4 | K29: 3071.2 | L29: 3090.8 | M29: 2561 | N29: 3283.9 | O29: 2929.3 | P29: 1615.4
F30: TOTAL: | G30: 4726.9 | H30: 5207.4 | I30: 6658.5 | J30: 9313.1 | K30: 9517.3 | L30: 9566.1 | M30: 8825.3 | N30: 10017.9 | O30: 8931.1 | P30: 6703.5
E31: CASTILLA Y LEÓN | F31: ÁVILA | G31: 2 | H31: 94.3 | I31: 196.3 | J31: 242.4 | K31: 187.4 | L31: 195.4 | M31: 168.8 | N31: 167 | O31: 164.4 | P31: 162.2
F32: BURGOS | G32: 0.7 | H32: 0.6 | I32: 0.4 | J32: 0.4 | K32: 0.3 | L32: 0.2 | M32: 0.1 | N32: 0.2 | O32: 0.1 | P32: 0.2
F33: LEÓN | G33: 0 | H33: 0 | I33: 0 | J33: 0 | K33: 0 | L33: 0 | M33: 0 | N33: 0 | O33: 0 | P33: 0
F34: SALAMANCA | G34: 0.8 | H34: 6 | I34: 56.2 | J34: 64.9 | K34: 21.2 | L34: 63.9 | M34: 21.1 | N34: 21.9 | O34: 21.7 | P34: 5.1
F35: SORIA | G35: 0 | H35: 0.1 | I35: 0.1 | J35: 0.1 | K35: 0.2 | L35: 0.2 | M35: 0.2 | N35: 0 | O35: 0 | P35: 0
F36: OTRAS | G36: 82.6 | H36: 78.5 | I36: 100.4 | J36: 99.2 | K36: 114 | L36: 128 | M36: 130.2 | N36: 114.5 | O36: 110.6 | P36: 103.5
F37: TOTAL: | G37: 86.1 | H37: 179.5 | I37: 353.4 | J37: 407 | K37: 323.1 | L37: 387.7 | M37: 320.4 | N37: 303.6 | O37: 296.8 | P37: 271
E38: CATALUÑA | F38: BARCELONA | G38: 318.2 | H38: 377.5 | I38: 355.2 | J38: 373.5 | K38: 320.4 | L38: 317.9 | M38: 337.1 | N38: 378.9 | O38: 446.8 | P38: 370.5
F39: GIRONA | G39: 59.4 | H39: 165.8 | I39: 209.9 | J39: 180.3 | K39: 191.8 | L39: 179.3 | M39: 166.2 | N39: 141.6 | O39: 129.9 | P39: 113
F40: LLEIDA | G40: 780.7 | H40: 1292.4 | I40: 1505.5 | J40: 1663.6 | K40: 1658.2 | L40: 1662 | M40: 1609.5 | N40: 1555.6 | O40: 1330.3 | P40: 1205.1
F41: TARRAGONA | G41: 1419.8 | H41: 2735.2 | I41: 4643.8 | J41: 5387.9 | K41: 5152.8 | L41: 4981.2 | M41: 4737 | N41: 4472.5 | O41: 3594.1 | P41: 3219.4
F42: TOTAL: | G42: 2578.1 | H42: 4570.9 | I42: 6714.4 | J42: 7605.3 | K42: 7323.2 | L42: 7140.4 | M42: 6849.8 | N42: 6548.6 | O42: 5501.1 | P42: 4908
E43: EXTREMADURA | F43: BADAJOZ | G43: 587 | H43: 561.3 | I43: 1097.6 | J43: 1641.2 | K43: 1570.7 | L43: 1323 | M43: 1144.9 | N43: 1085.5 | O43: 1045.2 | P43: 998.3
F44: CÁCERES | G44: 471.7 | H44: 606.3 | I44: 985.4 | J44: 986.7 | K44: 1034.8 | L44: 934.8 | M44: 966.9 | N44: 861 | O44: 842.6 | P44: 685
F45: TOTAL: | G45: 1058.7 | H45: 1167.6 | I45: 2083 | J45: 2627.9 | K45: 2605.5 | L45: 2257.8 | M45: 2111.8 | N45: 1946.5 | O45: 1887.8 | P45: 1683.3
E46: GALICIA | F46: TODAS | G46: 1.3 | H46: 5.6 | I46: 5.7 | J46: 5.5 | K46: 5.2 | L46: 5.3 | M46: 5.2 | N46: 6.1 | O46: 5.8 | P46: 5.7
F47: TOTAL: | G47: 1.3 | H47: 5.6 | I47: 5.7 | J47: 5.5 | K47: 5.2 | L47: 5.3 | M47: 5.2 | N47: 6.1 | O47: 5.8 | P47: 5.7
E48: MADRID | F48: MADRID | G48: 197.9 | H48: 247.3 | I48: 263.8 | J48: 270.9 | K48: 316.5 | L48: 356.5 | M48: 326.1 | N48: 309.4 | O48: 338.8 | P48: 280.2
F49: TOTAL: | G49: 197.9 | H49: 247.3 | I49: 263.8 | J49: 270.9 | K49: 316.5 | L49: 356.5 | M49: 326.1 | N49: 309.4 | O49: 338.8 | P49: 280.2
E50: MURCIA | F50: MURCIA | G50: 306.3 | H50: 368.4 | I50: 402.6 | J50: 510.5 | K50: 548.8 | L50: 564.3 | M50: 585.7 | N50: 537.5 | O50: 509.7 | P50: 467.8
F51: TOTAL: | G51: 306.3 | H51: 368.4 | I51: 402.6 | J51: 510.5 | K51: 548.8 | L51: 564.3 | M51: 585.7 | N51: 537.5 | O51: 509.7 | P51: 467.8
E52: NAVARRA | F52: NAVARRA | G52: 551.7 | H52: 528.9 | I52: 570 | J52: 724.8 | K52: 678.5 | L52: 736.4 | M52: 773.5 | N52: 747.9 | O52: 737.6 | P52: 785.7
F53: TOTAL: | G53: 551.7 | H53: 528.9 | I53: 570 | J53: 724.8 | K53: 678.5 | L53: 736.4 | M53: 773.5 | N53: 747.9 | O53: 737.6 | P53: 785.7
E54: PAÍS VASCO | F54: TODAS | G54: 119.6 | H54: 180 | I54: 224.9 | J54: 337.8 | K54: 311.2 | L54: 302.6 | M54: 261.8 | N54: 292.4 | O54: 232.8 | P54: 228.3
F55: TOTAL: | G55: 119.6 | H55: 180 | I55: 224.9 | J55: 337.8 | K55: 311.2 | L55: 302.6 | M55: 261.8 | N55: 292.4 | O55: 232.8 | P55: 228.3
E56: LA RIOJA | F56: LA RIOJA | G56: 185.9 | H56: 160.8 | I56: 183 | J56: 270.2 | K56: 208.3 | L56: 315.5 | M56: 248 | N56: 275.8 | O56: 227.1 | P56: 257.6
F57: TOTAL: | G57: 185.9 | H57: 160.8 | I57: 183 | J57: 270.2 | K57: 208.3 | L57: 315.5 | M57: 248 | N57: 275.8 | O57: 227.1 | P57: 257.6
E58: COMUNIDAD VALENCIANA | F58: ALICANTE | G58: 277.8 | H58: 439.9 | I58: 899.1 | J58: 945.5 | K58: 897.2 | L58: 929.8 | M58: 731 | N58: 681.2 | O58: 648.9 | P58: 565.8
F59: CASTELLÓN | G59: 162.3 | H59: 276.6 | I59: 278.3 | J59: 221.5 | K59: 198.6 | L59: 220.3 | M59: 194.5 | N59: 213.7 | O59: 203.2 | P59: 177.3
F60: VALENCIA | G60: 637.6 | H60: 898.2 | I60: 1241.4 | J60: 1258.7 | K60: 1587.4 | L60: 1635.2 | M60: 1515 | N60: 1516 | O60: 1351.9 | P60: 1270.6
F61: TOTAL: | G61: 1077.7 | H61: 1614.7 | I61: 2418.8 | J61: 2425.7 | K61: 2683.2 | L61: 2785.3 | M61: 2440.5 | N61: 2410.9 | O61: 2204 | P61: 2013.7
E62: TOTAL | G62: 34209.8 | H62: 38138.2 | I62: 46672.3 | J62: 60815.6 | K62: 65696 | L62: 68307.9 | M62: 67048.9 | N62: 68212 | O62: 66224.8 | P62: 59920.1
E63: GRANDES ENVASADORAS* | G63: 86987.5 | H63: 89723 | I63: 103960.8 | J63: 134433.3 | K63: 146816.1 | L63: 156955.3 | M63: 169204.4 | N63: 176223.3 | O63: 176039 | P63: 164048.4
E64: OPERADORES | G64: 7336.1 | H64: 7392.9 | I64: 14722.9 | J64: 20659.2 | K64: 23156.5 | L64: 23233.5 | M64: 22238.6 | N64: 20451.3 | O64: 16132.3 | P64: 11807.1
E65: TOTAL NACIONAL | G65: 128533.4 | H65: 135254.1 | I65: 165356 | J65: 215908.1 | K65: 235668.6 | L65: 248496.7 | M65: 258491.9 | N65: 264886.6 | O65: 258396.1 | P65: 235775.6
E66: NÚMERO DE EMPRESAS QUE ENVÍAN DATOS** | G66: 1911 | H66: 1904 | I66: 1896 | J66: 1895 | K66: 1890 | L66: 1885 | M66: 1883 | N66: 1877 | O66: 1869 | P66: 1846
E68: * Las existencias finales corresponden a las existencias fisicas situadas en las envasadoras junto con las de sus refinerías correspondientes.
E69: ** El número de empresas consideradas como grandes envasadoras corresponde al número de instalaciones de estas más sus refinerías correspondientes.
E70: Datos expresados en Toneladas | R70: Fuente: SIMO

Sheet 14_ENV.REF Y OPE-TOTAL AC.ORUJO
E1: 14_ENVASADORAS, REFINERÍAS Y OPERADORES
E3: RESUMEN ANUAL DE EXISTENCIAS_TOTAL_ACEITES DE ORUJO
E5: Descripción: ACEITES DE ORUJO
E6: COMUNIDAD AUTÓNOMA | F6: PROVINCIA | G6: OCTUBRE | H6: NOVIEMBRE | I6: DICIEMBRE | J6: ENERO | K6: FEBRERO | L6: MARZO | M6: ABRIL | N6: MAYO | O6: JUNIO | P6: JULIO | Q6: AGOSTO | R6: SEPTIEMBRE
E7: ANDALUCÍA | F7: ALMERÍA | G7: 0 | H7: 0 | I7: 0 | J7: 0 | K7: 0 | L7: 0 | M7: 0 | N7: 0 | O7: 0 | P7: 0
F8: CÁDIZ | G8: 1.2 | H8: 1.2 | I8: 0.5 | J8: 0.4 | K8: 0.4 | L8: 0.4 | M8: 0.4 | N8: 0.3 | O8: 0.2 | P8: 0.2
F9: CÓRDOBA | G9: 569 | H9: 382.6 | I9: 449.3 | J9: 498.4 | K9: 336.1 | L9: 430.1 | M9: 453.5 | N9: 456.3 | O9: 448.4 | P9: 485.5
F10: GRANADA | G10: 68.3 | H10: 64 | I10: 46.5 | J10: 26.8 | K10: 42.3 | L10: 79.6 | M10: 77.5 | N10: 54.8 | O10: 65.9 | P10: 42.2
F11: HUELVA | G11: 0 | H11: 0 | I11: 0 | J11: 0 | K11: 0 | L11: 0 | M11: 0 | N11: 0 | O11: 0 | P11: 0
F12: JAÉN | G12: 377.8 | H12: 459.9 | I12: 895.8 | J12: 961.1 | K12: 1258.1 | L12: 613.3 | M12: 455.5 | N12: 822.4 | O12: 701.1 | P12: 626.5
F13: MÁLAGA | G13: 347 | H13: 413.7 | I13: 325.6 | J13: 408 | K13: 351.9 | L13: 414 | M13: 411.6 | N13: 348.7 | O13: 356.4 | P13: 306
F14: SEVILLA | G14: 509.3 | H14: 237.2 | I14: 384 | J14: 357.2 | K14: 382.6 | L14: 274.2 | M14: 279.7 | N14: 360.7 | O14: 404.5 | P14: 259.4
F15: TOTAL: | G15: 1872.6 | H15: 1558.6 | I15: 2101.7 | J15: 2251.9 | K15: 2371.4 | L15: 1811.6 | M15: 1678.2 | N15: 2043.2 | O15: 1976.5 | P15: 1719.8
E16: ARAGÓN | F16: HUESCA | G16: 0 | H16: 0 | I16: 0 | J16: 0 | K16: 0 | L16: 0 | M16: 0 | N16: 0 | O16: 0 | P16: 0
F17: TERUEL | G17: 0.6 | H17: 0.5 | I17: 0.4 | J17: 1 | K17: 0.9 | L17: 0.6 | M17: 0.5 | N17: 0.4 | O17: 0.2 | P17: 0.8
F18: ZARAGOZA | G18: 14.4 | H18: 6.8 | I18: 22.6 | J18: 15.1 | K18: 8.5 | L18: 7.1 | M18: 13.7 | N18: 4.5 | O18: 7.1 | P18: 3.2
F19: TOTAL: | G19: 15 | H19: 7.3 | I19: 23 | J19: 16.1 | K19: 9.4 | L19: 7.7 | M19: 14.2 | N19: 4.9 | O19: 7.3 | P19: 4
E20: BALEARES | F20: BALEARES | G20: 49.6 | H20: 45.2 | I20: 40 | J20: 32.1 | K20: 38.8 | L20: 46.2 | M20: 33.8 | N20: 64.4 | O20: 35.8 | P20: 58
F21: TOTAL: | G21: 49.6 | H21: 45.2 | I21: 40 | J21: 32.1 | K21: 38.8 | L21: 46.2 | M21: 33.8 | N21: 64.4 | O21: 35.8 | P21: 58
E22: CANARIAS | F22: LAS PALMAS | G22: 0 | H22: 0 | I22: 0 | J22: 0 | K22: 0 | L22: 0 | M22: 0 | N22: 0 | O22: 0 | P22: 0
F23: STA. CRUZ DE TENERIFE | G23: 0 | H23: 0 | I23: 0 | J23: 0 | K23: 0 | L23: 0 | M23: 0 | N23: 0 | O23: 0 | P23: 0
F24: TOTAL: | G24: 0 | H24: 0 | I24: 0 | J24: 0 | K24: 0 | L24: 0 | M24: 0 | N24: 0 | O24: 0 | P24: 0
E25: CASTILLA-LA MANCHA | F25: ALBACETE | G25: 17.1 | H25: 14.6 | I25: 11 | J25: 8.4 | K25: 29.9 | L25: 27.8 | M25: 23.8 | N25: 20.7 | O25: 17 | P25: 14.4
F26: CIUDAD REAL | G26: 434.6 | H26: 452.2 | I26: 469.7 | J26: 424.3 | K26: 370.7 | L26: 251 | M26: 221.6 | N26: 257 | O26: 244.9 | P26: 276.5
F27: CUENCA | G27: 0 | H27: 0 | I27: 0 | J27: 0 | K27: 0 | L27: 0 | M27: 0 | N27: 0 | O27: 0 | P27: 0
F28: GUADALAJARA | G28: 0 | H28: 0 | I28: 0 | J28: 0 | K28: 0 | L28: 0 | M28: 0 | N28: 0 | O28: 0 | P28: 0
F29: TOLEDO | G29: 262.9 | H29: 193.9 | I29: 225.8 | J29: 212.6 | K29: 224.4 | L29: 221.3 | M29: 187.5 | N29: 233.7 | O29: 182 | P29: 183.5
F30: TOTAL: | G30: 714.6 | H30: 660.7 | I30: 706.5 | J30: 645.3 | K30: 625 | L30: 500.1 | M30: 432.9 | N30: 511.4 | O30: 443.9 | P30: 474.4
E31: CASTILLA Y LEÓN | F31: ÁVILA | G31: 0 | H31: 0 | I31: 0 | J31: 0 | K31: 0 | L31: 0 | M31: 0 | N31: 0 | O31: 0 | P31: 0
F32: BURGOS | G32: 0 | H32: 0 | I32: 0 | J32: 0 | K32: 0 | L32: 0 | M32: 0 | N32: 0 | O32: 0 | P32: 0
F33: LEÓN | G33: 0 | H33: 0 | I33: 0 | J33: 0 | K33: 0 | L33: 0 | M33: 0 | N33: 0 | O33: 0 | P33: 0
F34: SALAMANCA | G34: 0 | H34: 0 | I34: 0 | J34: 0 | K34: 0 | L34: 0 | M34: 0 | N34: 0 | O34: 0 | P34: 0
F35: SORIA | G35: 0 | H35: 0 | I35: 0 | J35: 0 | K35: 0 | L35: 0 | M35: 0 | N35: 0 | O35: 0 | P35: 0
F36: OTRAS | G36: 16.2 | H36: 7.6 | I36: 28 | J36: 22.6 | K36: 6.7 | L36: 2.7 | M36: 21.4 | N36: 15.3 | O36: 8.6 | P36: 17.5
F37: TOTAL: | G37: 16.2 | H37: 7.6 | I37: 28 | J37: 22.6 | K37: 6.7 | L37: 2.7 | M37: 21.4 | N37: 15.3 | O37: 8.6 | P37: 17.5
E38: CATALUÑA | F38: BARCELONA | G38: 221.9 | H38: 193.4 | I38: 172.6 | J38: 207.6 | K38: 222 | L38: 230.3 | M38: 188.9 | N38: 225.9 | O38: 213.1 | P38: 197.6
F39: GIRONA | G39: 0 | H39: 0 | I39: 0 | J39: 0 | K39: 0 | L39: 0 | M39: 0 | N39: 0 | O39: 0 | P39: 0
F40: LLEIDA | G40: 35.2 | H40: 31 | I40: 29.4 | J40: 28.5 | K40: 28.4 | L40: 26.1 | M40: 18.3 | N40: 36.9 | O40: 30.7 | P40: 33.5
F41: TARRAGONA | G41: 118 | H41: 116 | I41: 162.2 | J41: 155.6 | K41: 149 | L41: 155.1 | M41: 153.9 | N41: 144 | O41: 141.3 | P41: 138.1
F42: TOTAL: | G42: 375.1 | H42: 340.4 | I42: 364.2 | J42: 391.7 | K42: 399.4 | L42: 411.5 | M42: 361.1 | N42: 406.8 | O42: 385.1 | P42: 369.2
E43: EXTREMADURA | F43: BADAJOZ | G43: 136.3 | H43: 260.5 | I43: 90.7 | J43: 199.4 | K43: 92 | L43: 15.4 | M43: 12.5 | N43: 158.5 | O43: 156.8 | P43: 109.2
F44: CÁCERES | G44: 9.3 | H44: 28.8 | I44: 25.2 | J44: 21.4 | K44: 17.9 | L44: 9.8 | M44: 7.6 | N44: 5.1 | O44: 22 | P44: 23.4
F45: TOTAL: | G45: 145.6 | H45: 289.3 | I45: 115.9 | J45: 220.8 | K45: 109.9 | L45: 25.2 | M45: 20.1 | N45: 163.6 | O45: 178.8 | P45: 132.6
E46: GALICIA | F46: TODAS | G46: 0 | H46: 0 | I46: 0 | J46: 0 | K46: 0 | L46: 0 | M46: 0 | N46: 0 | O46: 0 | P46: 0
F47: TOTAL: | G47: 0 | H47: 0 | I47: 0 | J47: 0 | K47: 0 | L47: 0 | M47: 0 | N47: 0 | O47: 0 | P47: 0
E48: MADRID | F48: MADRID | G48: 49.2 | H48: 51.9 | I48: 18.4 | J48: 55.9 | K48: 48.6 | L48: 35.9 | M48: 24.9 | N48: 35.7 | O48: 39.9 | P48: 37.4
F49: TOTAL: | G49: 49.2 | H49: 51.9 | I49: 18.4 | J49: 55.9 | K49: 48.6 | L49: 35.9 | M49: 24.9 | N49: 35.7 | O49: 39.9 | P49: 37.4
E50: MURCIA | F50: MURCIA | G50: 48.6 | H50: 50.2 | I50: 46.5 | J50: 31.4 | K50: 65.3 | L50: 47.4 | M50: 63 | N50: 47.8 | O50: 35.9 | P50: 31.2
F51: TOTAL: | G51: 48.6 | H51: 50.2 | I51: 46.5 | J51: 31.4 | K51: 65.3 | L51: 47.4 | M51: 63 | N51: 47.8 | O51: 35.9 | P51: 31.2
E52: NAVARRA | F52: NAVARRA | G52: 93.1 | H52: 41.1 | I52: 44.1 | J52: 34.3 | K52: 28.4 | L52: 27.9 | M52: 59 | N52: 84.3 | O52: 48 | P52: 89.6
F53: TOTAL: | G53: 93.1 | H53: 41.1 | I53: 44.1 | J53: 34.3 | K53: 28.4 | L53: 27.9 | M53: 59 | N53: 84.3 | O53: 48 | P53: 89.6
E54: PAÍS VASCO | F54: TODAS | G54: 0 | H54: 0 | I54: 0 | J54: 0 | K54: 0 | L54: 0 | M54: 0 | N54: 0 | O54: 0 | P54: 0
F55: TOTAL: | G55: 0 | H55: 0 | I55: 0 | J55: 0 | K55: 0 | L55: 0 | M55: 0 | N55: 0 | O55: 0 | P55: 0
E56: LA RIOJA | F56: LA RIOJA | G56: 15.3 | H56: 14.6 | I56: 14.3 | J56: 14.3 | K56: 14.3 | L56: 13.5 | M56: 12.8 | N56: 26.7 | O56: 26.7 | P56: 26.7
F57: TOTAL: | G57: 15.3 | H57: 14.6 | I57: 14.3 | J57: 14.3 | K57: 14.3 | L57: 13.5 | M57: 12.8 | N57: 26.7 | O57: 26.7 | P57: 26.7
E58: COMUNIDAD VALENCIANA | F58: ALICANTE | G58: 45.7 | H58: 48 | I58: 43.1 | J58: 34.7 | K58: 22.9 | L58: 66.4 | M58: 36.6 | N58: 49.5 | O58: 56.1 | P58: 47.5
F59: CASTELLÓN | G59: 0 | H59: 0 | I59: 0 | J59: 0 | K59: 0 | L59: 0 | M59: 0 | N59: 0 | O59: 0 | P59: 0
F60: VALENCIA | G60: 238.9 | H60: 281.2 | I60: 248.9 | J60: 286.5 | K60: 311.7 | L60: 249.3 | M60: 258.8 | N60: 360.5 | O60: 391.8 | P60: 314
F61: TOTAL: | G61: 284.6 | H61: 329.2 | I61: 292 | J61: 321.2 | K61: 334.6 | L61: 315.7 | M61: 295.4 | N61: 410 | O61: 447.9 | P61: 361.5
E62: TOTAL | G62: 3679.5 | H62: 3396.1 | I62: 3794.6 | J62: 4037.6 | K62: 4051.8 | L62: 3245.4 | M62: 3016.8 | N62: 3814.1 | O62: 3634.4 | P62: 3321.9
E63: GRANDES ENVASADORAS* | G63: 26328.1 | H63: 27807.6 | I63: 31297.4 | J63: 35749.2 | K63: 38872.1 | L63: 41499 | M63: 40923.5 | N63: 41329.4 | O63: 41116.7 | P63: 44827.7
E64: OPERADORES | G64: 3108 | H64: 3554.3 | I64: 4342.4 | J64: 4204.9 | K64: 4254.5 | L64: 4980.8 | M64: 5391.7 | N64: 5185.5 | O64: 3927.6 | P64: 3183.7
E65: TOTAL NACIONAL | G65: 33115.6 | H65: 34758 | I65: 39434.4 | J65: 43991.7 | K65: 47178.4 | L65: 49725.2 | M65: 49332 | N65: 50329 | O65: 48678.7 | P65: 51333.3
E66: NÚMERO DE EMPRESAS QUE ENVÍAN DATOS** | G66: 1922 | H66: 1915 | I66: 1907 | J66: 1906 | K66: 1901 | L66: 1896 | M66: 1894 | N66: 1888 | O66: 1880 | P66: 1857
E68: * Las existencias finales corresponden a las existencias fisicas situadas en las envasadoras junto con las de sus refinerías correspondientes.
E69: ** El número de empresas consideradas como grandes envasadoras corresponde al número de instalaciones de estas más sus refinerías correspondientes
E70: Datos expresados en Toneladas | R70: Fuente: SIMO

Sheet 15_ENV,REF Y OPE. NºEMP.ENV.DAT
B1: 15_ENVASADORAS, REFINERÍAS Y OPERADORES
B2: Nº DE EMPRESAS QUE ENVÍAN DATOS
C5: COMUNIDAD AUTÓNOMA | D5: PROVINCIA | E5: ENVASADORAS
E6: CON ALMAZARA | F6: SIN ALMAZARA | G6: TOTAL
C7: ANDALUCÍA | D7: ALMERÍA | E7: 26 | F7: 2 | G7: 28
D8: CÁDIZ | E8: 18 | F8: 5 | G8: 23
D9: CÓRDOBA | E9: 128 | F9: 23 | G9: 151
D10: GRANADA | E10: 76 | F10: 5 | G10: 81
D11: HUELVA | E11: 19 | F11: 1 | G11: 20
D12: JAÉN | E12: 218 | F12: 36 | G12: 254
D13: MÁLAGA | E13: 59 | F13: 17 | G13: 76
D14: SEVILLA | E14: 56 | F14: 21 | G14: 77
D15: TOTAL: | E15: 600 | F15: 110 | G15: 710
C16: ARAGÓN | D16: HUESCA | E16: 27 | F16: 2 | G16: 29
D17: TERUEL | E17: 26 | G17: 26
D18: ZARAGOZA | E18: 39 | F18: 6 | G18: 45
D19: TOTAL: | E19: 92 | F19: 8 | G19: 100
C20: BALEARES | D20: BALEARES | E20: 24 | F20: 11 | G20: 35
D21: TOTAL: | E21: 24 | F21: 11 | G21: 35
C22: CANARIAS | D22: LAS PALMAS | E22: 7 | F22: 5 | G22: 12
D23: STA. CRUZ DE TENERIFE | E23: 4 | G23: 4
D24: TOTAL: | E24: 11 | F24: 5 | G24: 16
C25: CASTILLA-LA MANCHA | D25: ALBACETE | E25: 36 | F25: 6 | G25: 42
D26: CIUDAD REAL | E26: 69 | F26: 10 | G26: 79
D27: CUENCA | E27: 24 | F27: 2 | G27: 26
D28: GUADALAJARA | E28: 7 | G28: 7
D29: TOLEDO | E29: 99 | F29: 7 | G29: 106
D30: TOTAL: | E30: 235 | F30: 25 | G30: 260
C31: CASTILLA Y LEÓN | D31: ÁVILA | E31: 9 | G31: 9
D32: BURGOS | F32: 1 | G32: 1
D33: LEÓN
D34: SALAMANCA | E34: 4 | F34: 2 | G34: 6
D35: SORIA | E35: 1 | G35: 1
D36: OTRAS | E36: 4 | F36: 5 | G36: 9
D37: TOTAL: | E37: 18 | F37: 8 | G37: 26
C38: CATALUÑA | D38: BARCELONA | E38: 9 | F38: 5 | G38: 14
D39: GIRONA | E39: 12 | F39: 2 | G39: 14
D40: LLEIDA | E40: 54 | F40: 7 | G40: 61
D41: TARRAGONA | E41: 77 | F41: 14 | G41: 91
D42: TOTAL: | E42: 152 | F42: 28 | G42: 180
C43: EXTREMADURA | D43: BADAJOZ | E43: 77 | F43: 6 | G43: 83
D44: CÁCERES | E44: 45 | F44: 2 | G44: 47
D45: TOTAL: | E45: 122 | F45: 8 | G45: 130
C46: GALICIA | D46: TODAS | E46: 4 | F46: 4 | G46: 8
D47: TOTAL: | E47: 4 | F47: 4 | G47: 8
C48: MADRID | D48: MADRID | E48: 20 | F48: 3 | G48: 23
D49: TOTAL: | E49: 20 | F49: 3 | G49: 23
C50: MURCIA | D50: MURCIA | E50: 42 | F50: 4 | G50: 46
D51: TOTAL: | E51: 42 | F51: 4 | G51: 46
C52: NAVARRA | D52: NAVARRA | E52: 18 | F52: 2 | G52: 20
D53: TOTAL: | E53: 18 | F53: 2 | G53: 20
C54: PAÍS VASCO | D54: TODAS | E54: 5 | F54: 1 | G54: 6
D55: TOTAL: | E55: 5 | F55: 1 | G55: 6
C56: LA RIOJA | D56: LA RIOJA | E56: 20 | F56: 3 | G56: 23
D57: TOTAL: | E57: 20 | F57: 3 | G57: 23
C58: COMUNIDAD VALENCIANA | D58: ALICANTE | E58: 39 | F58: 5 | G58: 44
D59: CASTELLÓN | E59: 39 | F59: 1 | G59: 40
D60: VALENCIA | E60: 44 | F60: 11 | G60: 55
D61: TOTAL: | E61: 122 | F61: 17 | G61: 139
C62: TOTAL | E62: 1485 | F62: 237 | G62: 1722
C63: GRANDES ENVASADORAS* | G63: 52
C64: OPERADORES | G64: 72
C65: TOTAL NACIONAL | G65: 1846
C67: El número de empresas consideradas como grandes envasadoras corresponde al número de instalaciones de estas más sus refinerías correspondientes.
C68: Fuente: SIMO

Sheet 16_EXTRAC.EXIST.AC.ORU.CRU.GRÁF
B3: 16_EXTRACTORAS_EXISTENCIAS DE ACEITE DE ORUJO CRUDO_GRÁFICO
E8: EXISTENCIAS INICIALES | G8: AOOC PRODUCIDO | I8: SALIDA DE AOOC | K8: AJUSTES (*) | M8: EXISTENCIAS FINALES
B9: COMUNIDAD AUTÓNOMA | C9: EXTRACTORAS | D9: DATOS | E9: FÍSICO | F9: QUÍMICO | G9: FÍSICO | H9: QUÍMICO | I9: FÍSICO | J9: QUÍMICO | K9: FÍSICO | L9: QUÍMICO | M9: FÍSICO | N9: QUÍMICO
B10: ANDALUCÍA | C10: 44 | D10: 42 | E10: 296.24 | F10: 9811.02 | G10: 13248.02 | H10: 69228.74 | I10: 12022.09 | J10: 62878.72 | K10: 2.74 | L10: -1762.48 | M10: 1524.91 | N10: 14398.56
B11: RESTO DE AUTONOMÍAS | C11: 24 | D11: 23 | E11: 481.43 | F11: 5815.04 | G11: 14632.72 | H11: 18977.57 | I11: 12538.49 | J11: 17545.76 | K11: -114.26 | L11: 58.88 | M11: 2461.4 | N11: 7305.73
B12: TOTAL NACIONAL | C12: 68 | D12: 65 | E12: 777.67 | F12: 15626.06 | G12: 27880.74 | H12: 88206.31 | I12: 24560.58 | J12: 80424.48 | K12: -111.52 | L12: -1703.6 | M12: 3986.31 | N12: 21704.29
B15: GRÁFICO ACEITE DE ORUJO DE OLIVA PRODUCIDO MES A MES
B39: Datos expresados en Toneladas.
B40: AJUSTES (*): Producidos por movimientos no declarados entre extractoras o entre instalaciones de una misma extractora (traspasos).
B41: Fuente: SIMO

Sheet 17_EXTRAC.EXIST.ORUJ.GRASO.GRÁF
B3: 17_EXTRACTORAS_EXISTENCIAS DE ORUJO GRASO_GRÁFICO
E8: EXISTENCIAS INICIALES | G8: ENTRADA ORUJO | I8: SALIDA ORUJO | K8: AJUSTES (*) | M8: EXISTENCIAS FINALES
B9: COMUNIDAD AUTÓNOMA | C9: EXTRACTORAS | D9: DATOS | E9: HÚMEDO + H.DESHUES. | F9: SECO | G9: HÚMEDO + H.DESHUES. | H9: SECO | I9: HÚMEDO + H.DESHUES. | J9: SECO | K9: HÚMEDO + H.DESHUES. | L9: SECO | M9: HÚMEDO + H.DESHUES. | N9: SECO
B10: ANDALUCÍA | C10: 44 | D10: 42 | E10: 1590814 | F10: 24491.17 | G10: 4646858.3 | H10: 883006.3 | I10: 3502136.7 | J10: 927668.33 | K10: -208.41 | L10: 46159.67 | M10: 2735327.2 | N10: 25988.81
B11: RESTO DE AUTONOMÍAS | C11: 24 | D11: 23 | E11: 249879.21 | F11: 14558.17 | G11: 1343842.3 | H11: 313636.12 | I11: 1292426.9 | J11: 319640.82 | K11: -57.32 | L11: 1715.52 | M11: 301237.27 | N11: 10268.99
B12: TOTAL NACIONAL | C12: 68 | D12: 65 | E12: 1840693.2 | F12: 39049.34 | G12: 5990700.6 | H12: 1196642.4 | I12: 4794563.6 | J12: 1247309.1 | K12: -265.73 | L12: 47875.19 | M12: 3036564.5 | N12: 36257.8
B15: GRÁFICO ORUJO GRASO ENTRADO MES A MES
B39: Datos expresados en Toneladas.
B40: AJUSTES (*): Producidos por movimientos no declarados entre extractoras o entre instalaciones de una misma extractora (traspasos).
B41: (1) : Incluye entradas de Orujo Húmedo + Húmedo Deshuesado | N41: Fuente: SIMO

Sheet 18_ORI.YDEST.REC.MER.ACEITUMES 
B4: 18_ORIGEN Y DESTINO DE LOS RECURSOS DEL MERCADO DE ACEITUNA DE MESA
B8: a 31 de julio de 2026
B9: VARIEDAD: TODAS
C10: 2025/2026 | G10: 2024/2025 | K10: Diferencia (%)
B11: ORIGEN
C12: Verde | D12: Negra | E12: TOTAL | G12: Verde | H12: Negra | I12: TOTAL | K12: Verde | L12: Negra | M12: TOTAL
B13: Existencias Inicio Campaña | C13: 217.67 | D13: 100.66 | E13: 318.33 | G13: 171.3 | H13: 98.82 | I13: 270.12 | K13: 0.27069469 | L13: 0.018619713 | M13: 0.17847623
B14: Entamadoras | C14: 185.66 | D14: 88.96 | E14: 274.62 | G14: 139.72 | H14: 86.81 | I14: 226.53 | K14: 0.32880046 | L14: 0.024766732 | M14: 0.21228976
B15: Envasadoras | C15: 32.01 | D15: 11.7 | E15: 43.71 | G15: 31.58 | H15: 12.01 | I15: 43.59 | K15: 0.013616213 | L15: -0.025811823 | M15: 0.002752925
B16: Producción (*) | C16: 312.98 | D16: 190.12 | E16: 503.1 | G16: 338.74 | H16: 194.46 | I16: 533.2 | K16: -0.076046525 | L16: -0.022318215 | M16: -0.056451613
B17: Importaciones | C17: 30.2 | D17: 9.39 | E17: 39.59 | G17: 15.21 | H17: 9.01 | I17: 24.22 | K17: 0.98553583 | L17: 0.042175361 | M17: 0.6345995
B18: Entamadoras | C18: 26.94 | D18: 9.25 | E18: 36.19 | G18: 13.23 | H18: 8.92 | I18: 22.15 | K18: 1.0362812 | L18: 0.036995516 | M18: 0.63386005
B19: Envasadoras | C19: 3.26 | D19: 0.14 | E19: 3.4 | G19: 1.98 | H19: 0.09 | I19: 2.07 | K19: 0.64646465 | L19: 0.55555556 | M19: 0.64251208
B20: TOTAL RECURSOS DEL MERCADO | C20: 560.85 | D20: 300.17 | E20: 861.02 | G20: 525.25 | H20: 302.29 | I20: 827.54 | K20: 0.067777249 | L20: -0.0070131331 | M20: 0.040457259
B23: DESTINO
C24: Verde | D24: Negra | E24: TOTAL | G24: Verde | H24: Negra | I24: TOTAL | K24: Verde | L24: Negra | M24: TOTAL
B25: Aceituna transf. comercializada | C25: 258.32 | D25: 155.15 | E25: 413.47 | G25: 261.07 | H25: 170.75 | I25: 431.82 | K25: -0.010533573 | L25: -0.09136164 | M25: -0.042494558
B26: Exportación | C26: 143.62 | D26: 125.71 | E26: 269.33 | G26: 151.59 | H26: 141.42 | I26: 293.01 | K26: -0.052576027 | L26: -0.11108754 | M26: -0.080816354
B27: Mercado Interior | C27: 114.7 | D27: 29.44 | E27: 144.14 | G27: 109.48 | H27: 29.33 | I27: 138.81 | K27: 0.047679942 | L27: 0.0037504262 | M27: 0.03839781
B28: Mermas y destríos | C28: 25.12 | D28: 14.76 | E28: 39.88 | G28: 20.02 | H28: 17.75 | I28: 37.77 | K28: 0.25474525 | L28: -0.1684507 | M28: 0.055864443
B29: Ajustes | C29: -3.24 | D29: 0 | E29: -3.24 | G29: -6.8 | H29: -1.04 | I29: -7.84 | K29: - | L29: - | M29: -
B30: EXISTENCIAS | C30: 274.16 | D30: 130.26 | E30: 404.42 | G30: 237.36 | H30: 112.75 | I30: 350.11 | K30: 0.15503876 | L30: 0.15529933 | M30: 0.15512268
B31: Entamadoras | C31: 238.83 | D31: 116.6 | E31: 355.43 | G31: 203.84 | H31: 99.72 | I31: 303.56 | K31: 0.17165424 | L31: 0.16927397 | M31: 0.17087232
B32: Envasadoras | C32: 35.33 | D32: 13.66 | E32: 48.99 | G32: 33.52 | H32: 13.03 | I32: 46.55 | K32: 0.053997613 | L32: 0.048349962 | M32: 0.052416756
B34: Datos expresados en miles de Toneladas. Datos expresados en peso de entamado sin más transformación.
B35: (*) Entrada de aceituna cruda neta (Importada + No importada).
B36: "-" El divisor presenta valores negativos, al calcular Diferencia (%).
B37: Fuente: SIMO

Sheet 19_BALANCE CAMP.DET.VARIEDADES
B4: 19_BALANCE DE CAMPAÑA DETALLADO POR VARIEDADES Y TIPO
B8: a 31 de julio de 2026
C10: EXISTENCIAS INICIALES | E10: PRODUCCIÓN | F10: IMPORTACIONES | H10: ACEITUNA COMERCIALIZADA | J10: MERMAS Y DESTRÍOS | K10: AJUSTES | L10: EXISTENCIAS FINALES
C11: ENTAMADORA | D11: ENVASADORA | F11: ENTAMADORA | G11: ENVASADORA | H11: A EXPORTACIÓN | I11: MERCADO INTERIOR | L11: ENTAMADORA | M11: ENVASADORA
B12: MANZANILLA | C12: 90.597 | D12: 16.575 | E12: 140.565 | F12: 14.67 | G12: 1.924 | H12: 59.133 | I12: 66.807 | J12: 11.501 | K12: 5.298 | L12: 114.431 | M12: 17.757
B13: Cocida (para verde) | C13: 88.429 | D13: 16.404 | E13: 136.297 | F13: 14.283 | G13: 1.924 | H13: 57.509 | I13: 66.588 | J13: 11.124 | K13: 5.831 | L13: 110.49 | M13: 17.456
B14: Salmuera y/o Acético(negra para negra) | C14: 2.168 | D14: 0.171 | E14: 4.268 | F14: 0.387 | G14: 0 | H14: 1.624 | I14: 0.219 | J14: 0.376 | K14: -0.533 | L14: 3.941 | M14: 0.301
B15: GORDAL | C15: 11.858 | D15: 2.723 | E15: 23.372 | F15: 4.506 | G15: 0.678 | H15: 12.418 | I15: 7.022 | J15: 1.929 | K15: -1.226 | L15: 17.454 | M15: 3.086
B16: Cocida (para verde) | C16: 11.049 | D16: 2.677 | E16: 23.181 | F16: 4.501 | G16: 0.678 | H16: 12.401 | I16: 6.823 | J16: 1.893 | K16: -1.165 | L16: 16.756 | M16: 3.049
B17: Salmuera y/o Acético(negra para negra) | C17: 0.809 | D17: 0.046 | E17: 0.191 | F17: 0.004 | G17: 0 | H17: 0.018 | I17: 0.2 | J17: 0.037 | K17: -0.061 | L17: 0.698 | M17: 0.037
B18: HOJIBLANCA | C18: 141.027 | D18: 17.153 | E18: 251.682 | F18: 13.455 | G18: 0.014 | H18: 176.397 | I18: 36.03 | J18: 18.628 | K18: -2.229 | L18: 170.076 | M18: 19.971
B19: Cocida (para verde) | C19: 69.63 | D19: 8.285 | E19: 111.665 | F19: 5.704 | G19: 0 | H19: 68.894 | I19: 19.868 | J19: 8.874 | K19: -3.752 | L19: 84.906 | M19: 8.988
B20: Salmuera y/o Acético(negra para negra) | C20: 71.397 | D20: 8.868 | E20: 140.017 | F20: 7.751 | G20: 0.014 | H20: 107.502 | I20: 16.162 | J20: 9.752 | K20: 1.522 | L20: 85.17 | M20: 10.982
B21: CACEREÑA | C21: 13.995 | D21: 2.118 | E21: 47.119 | F21: 0.32 | G21: 0 | H21: 17.373 | I21: 12.708 | J21: 5.299 | K21: -2.774 | L21: 23.298 | M21: 2.101
B22: Cocida (para verde) | C22: 2.854 | D22: 0.32 | E22: 10.612 | F22: 0 | G22: 0 | H22: 2.065 | I22: 3.467 | J22: 1.123 | K22: -0.783 | L22: 5.734 | M22: 0.613
B23: Salmuera y/o Acético(negra para negra) | C23: 11.141 | D23: 1.798 | E23: 36.507 | F23: 0.32 | G23: 0 | H23: 15.308 | I23: 9.24 | J23: 4.175 | K23: -1.992 | L23: 17.564 | M23: 1.488
... B32: Salmuera y/o Acético(negra para negra) | C32: 88.961 | D32: 11.704 | E32: 190.118 | F32: 9.253 | G32: 0.135 | H32: 125.709 | I32: 29.441 | J32: 14.76 | K32: -0.003 | L32: 116.6 | M32: 13.659
B34: (*) Entrada de aceituna cruda neta (Importada + No importada).
B35: GORDAL: Las existencias iniciales y finales incluyen cantidades procedentes de la campaña pasada y anteriores.
B36: Datos expresados en miles de toneladas. Datos expresados en peso de entamado sin más transformación.
B37: Fuente: SIMO

Sheet 20_ENTAMAD.BALANCE DET.CAMPAÑA
B5: 20_ENTAMADORAS_BALANCE DETALLADO DE CAMPAÑA
B9: a 31 de julio de 2026
B11: COMUNIDAD AUTÓNOMA | C11: PROVINCIA | D11: INDUSTRIAS | G11: EXISTENCIAS INICIALES CAMPAÑA | H11: ENTRADAS | L11: SALIDAS | U11: EXISTENCIAS FIN DE MES
D12: TOTAL* | E12: DATOS** | F12: % | H12: Aceituna cruda | I12: TRANSFORMADAS | K12: TOTAL ENTRADAS | L12: Aceituna cruda | M12: TRANSFORMADAS | T12: TOTAL SALIDAS
I13: Otras industrias | J13: Importación | M13: Transf.env.prop. | N13: Transf.otras.env. | O13: Trans. Ind/Ope. | P13: Exportación | Q13: Transf. Obt. Acte. | R13: M. Interior | S13: Mermas
B14: ANDALUCÍA | C14: ALMERIA | D14: 2 | E14: 2 | F14: 1 | G14: 534.1 | H14: 1263.4 | I14: 104.2 | J14: 0 | K14: 1367.6 | L14: 0 | M14: 49.7 | N14: 26 | O14: 139.6 | P14: 129.1 | Q14: 75 | R14: 0 | S14: 0 | T14: 419.3 | U14: 1482.4
C15: CÁDIZ | D15: 1 | E15: 1 | F15: 1 | G15: 107 | H15: 59.3 | I15: 98.7 | J15: 0 | K15: 158 | L15: 0 | M15: 138 | N15: 0 | O15: 0 | P15: 0 | Q15: 10.7 | R15: 0 | S15: 0 | T15: 148.7 | U15: 116.3
C16: CÓRDOBA | D16: 35 | E16: 35 | F16: 1 | G16: 35374.1 | H16: 63703.4 | I16: 32971.2 | J16: 6379.8 | K16: 103054.4 | L16: 7849.4 | M16: 30044.3 | N16: 29492.8 | O16: 17170.6 | P16: 7056.1 | Q16: 2844.3 | R16: 582.8 | S16: -1.1 | T16: 95039.1 | U16: 43389.4
C17: GRANADA | D17: 1 | E17: 1 | F17: 1 | G17: 67 | H17: 98.9 | I17: 26 | J17: 0 | K17: 124.9 | L17: 0 | M17: 109.5 | N17: 0 | O17: 0 | P17: 0 | Q17: 0 | R17: 0 | S17: 0 | T17: 109.5 | U17: 82.4
C18: HUELVA | D18: 3 | E18: 3 | F18: 1 | G18: 802.3 | H18: 7063.8 | I18: 46.8 | J18: 0 | K18: 7110.6 | L18: 1270.5 | M18: 69.1 | N18: 1122.3 | O18: 3377.8 | P18: 0 | Q18: 163.3 | R18: 0 | S18: 32.2 | T18: 6035.2 | U18: 1877.7
C19: JAÉN | D19: 7 | E19: 7 | F19: 1 | G19: 136.4 | H19: 447.1 | I19: 596.3 | J19: 1.2 | K19: 1044.6 | L19: 0 | M19: 873.2 | N19: 1.7 | O19: 0 | P19: 0 | Q19: 0 | R19: 0 | S19: 7.5 | T19: 882.4 | U19: 298.6
C20: MÁLAGA | D20: 29 | E20: 28 | F20: 0.96551724 | G20: 18467.4 | H20: 49203 | I20: 4003.6 | J20: 255.1 | K20: 53461.8 | L20: 1917.7 | M20: 12575.5 | N20: 19885.3 | O20: 15489.1 | P20: 940.1 | Q20: 2409.8 | R20: 163.4 | S20: 800 | T20: 54180.8 | U20: 17748.4
C21: SEVILLA | D21: 136 | E21: 131 | F21: 0.96323529 | G21: 171331.2 | H21: 305208 | I21: 286816.7 | J21: 23717.5 | K21: 615742.3 | L21: 18515.7 | M21: 209436.9 | N21: 141002.7 | O21: 163658.9 | P21: 12250.5 | Q21: 17824 | R21: 1406.5 | S21: 3394 | T21: 567489.2 | U21: 219584.3
C22: TOTAL: | D22: 214 | E22: 208 | F22: 0.97196262 | G22: 226819.5 | H22: 427046.9 | I22: 324663.5 | J22: 30353.6 | K22: 782064.2 | L22: 29553.3 | M22: 253296.2 | N22: 191530.8 | O22: 199836 | P22: 20375.8 | Q22: 23327.1 | R22: 2152.7 | S22: 4232.6 | T22: 724304.2 | U22: 284579.5
B23: ARAGÓN | C23: TERUEL | D23: 21 | E23: 21 | F23: 1 | G23: 922 | H23: 5778.1 | I23: 483.7 | J23: 215 | K23: 6476.8 | L23: 908.9 | M23: 884.3 | N23: 301.9 | O23: 1358.9 | P23: 0.3 | Q23: 62.4 | R23: 54.9 | S23: 35.4 | T23: 3607 | U23: 3791.8
C24: ZARAGOZA | D24: 11 | E24: 11 | F24: 1 | G24: 503.3 | H24: 810 | I24: 1708 | J24: 0 | K24: 2518 | L24: 0.3 | M24: 1745.6 | N24: 416 | O24: 180.7 | P24: 0 | Q24: 0 | R24: 0 | S24: 0.9 | T24: 2343.5 | U24: 677.8
C25: TOTAL: | D25: 32 | E25: 32 | F25: 1 | G25: 1425.3 | H25: 6588.1 | I25: 2191.7 | J25: 215 | K25: 8994.8 | L25: 909.2 | M25: 2629.9 | N25: 717.9 | O25: 1539.6 | P25: 0.3 | Q25: 62.4 | R25: 54.9 | S25: 36.3 | T25: 5950.5 | U25: 4469.6
B26: BALEARES | C26: BALEARES | D26: 6 | E26: 6 | F26: 1 | G26: 74.1 | H26: 25.2 | I26: 111.3 | J26: 0 | K26: 136.5 | L26: 0.1 | M26: 156.3 | N26: 0 | O26: 0 | P26: 0 | Q26: 0 | R26: 0 | S26: 2.2 | T26: 158.6 | U26: 52
C27: TOTAL: | D27: 6 | E27: 6 | F27: 1 | G27: 74.1 | H27: 25.2 | I27: 111.3 | J27: 0 | K27: 136.5 | L27: 0.1 | M27: 156.3 | N27: 0 | O27: 0 | P27: 0 | Q27: 0 | R27: 0 | S27: 2.2 | T27: 158.6 | U27: 52
B28: CANARIAS | C28: LAS PALMAS | D28: 4 | E28: 3 | F28: 0.75 | G28: 0 | H28: 0.9 | I28: 0 | J28: 0 | K28: 0.9 | L28: 0 | M28: 0.2 | N28: 0 | O28: 0 | P28: 0 | Q28: 0 | R28: 0.1 | S28: 0 | T28: 0.3 | U28: 0.6
C29: TOTAL: | D29: 4 | E29: 3 | F29: 0.75 | G29: 0 | H29: 0.9 | I29: 0 | J29: 0 | K29: 0.9 | L29: 0 | M29: 0.2 | N29: 0 | O29: 0 | P29: 0 | Q29: 0 | R29: 0.1 | S29: 0 | T29: 0.3 | U29: 0.6
B30: CASTILLA-LA MANCHA | C30: ALBACETE | D30: 3 | E30: 3 | F30: 1 | G30: 377.7 | H30: 79.4 | I30: 181.8 | J30: 460 | K30: 721.2 | L30: 0 | M30: 242.3 | N30: 427.8 | O30: 0 | P30: 0 | Q30: 0 | R30: 0 | S30: 0 | T30: 670.1 | U30: 428.8
C31: CIUDAD REAL | D31: 4 | E31: 4 | F31: 1 | G31: 183.4 | H31: 19.1 | I31: 496.5 | J31: 62.4 | K31: 578 | L31: 0 | M31: 404.9 | N31: 0 | O31: 46.9 | P31: 0 | Q31: 14.3 | R31: 12.2 | S31: 0 | T31: 478.3 | U31: 283.1
C32: TOLEDO | D32: 2 | E32: 2 | F32: 1 | G32: 167.8 | H32: 664.3 | I32: 2638.4 | J32: 230.4 | K32: 3533.1 | L32: 0 | M32: 2342.5 | N32: 0 | O32: 126.5 | P32: 114 | Q32: 289.9 | R32: 137.1 | S32: 1.6 | T32: 3011.6 | U32: 689.3
C33: OTRAS | D33: 1 | E33: 1 | F33: 1 | G33: 190.7 | H33: 80.6 | I33: 229.6 | J33: 0 | K33: 310.2 | L33: 0 | M33: 0 | N33: 216.9 | O33: 0 | P33: 0 | Q33: 0 | R33: 0 | S33: 0 | T33: 216.9 | U33: 284
C34: TOTAL: | D34: 10 | E34: 10 | F34: 1 | G34: 919.6 | H34: 843.4 | I34: 3546.3 | J34: 752.8 | K34: 5142.5 | L34: 0 | M34: 2989.7 | N34: 644.7 | O34: 173.4 | P34: 114 | Q34: 304.2 | R34: 149.3 | S34: 1.6 | T34: 4376.9 | U34: 1685.2
B35: CASTILLA Y LEÓN | C35: BURGOS | D35: 1 | E35: 1 | F35: 1 | G35: 0.2 | H35: 0.1 | I35: 0 | J35: 0 | K35: 0.1 | L35: 0 | M35: 0 | N35: 0 | O35: 0 | P35: 0 | Q35: 0 | R35: 0 | S35: 0.2 | T35: 0.2 | U35: 0.1
C36: SALAMANCA | D36: 3 | E36: 3 | F36: 1 | G36: 347 | H36: 158.7 | I36: 375.3 | J36: 34.9 | K36: 568.9 | L36: 0 | M36: 295.1 | N36: 16.2 | O36: 32.5 | P36: 275.3 | Q36: 6.8 | R36: 10 | S36: 9 | T36: 644.9 | U36: 271
C37: SEGOVIA | D37: 0 | E37: 0 | F37: 0 | G37: 0 | H37: 0 | I37: 0 | J37: 0 | K37: 0 | L37: 0 | M37: 0 | N37: 0 | O37: 0 | P37: 0 | Q37: 0 | R37: 0 | S37: 0 | T37: 0 | U37: 0
C38: OTRAS | D38: 0 | E38: 0 | F38: 0 | G38: 0 | H38: 0 | I38: 0 | J38: 0 | K38: 0 | L38: 0 | M38: 0 | N38: 0 | O38: 0 | P38: 0 | Q38: 0 | R38: 0 | S38: 0 | T38: 0 | U38: 0
C39: TOTAL: | D39: 4 | E39: 4 | F39: 1 | G39: 347.2 | H39: 158.8 | I39: 375.3 | J39: 34.9 | K39: 569 | L39: 0 | M39: 295.1 | N39: 16.2 | O39: 32.5 | P39: 275.3 | Q39: 6.8 | R39: 10 | S39: 9.2 | T39: 645.1 | U39: 271.1
B40: CATALUÑA | C40: TARRAGONA | D40: 11 | E40: 9 | F40: 0.81818182 | G40: 362.9 | H40: 1005.5 | I40: 655.7 | J40: 4.1 | K40: 1665.3 | L40: 0 | M40: 873 | N40: 68.2 | O40: 2.4 | P40: 0.1 | Q40: 0 | R40: 0 | S40: 74.1 | T40: 1017.8 | U40: 1010.4
C41: OTRAS | D41: 2 | E41: 2 | F41: 1 | G41: 7.5 | H41: 69.9 | I41: 14.5 | J41: 0 | K41: 84.4 | L41: 0 | M41: 40 | N41: 1.3 | O41: 0 | P41: 0 | Q41: 0 | R41: 17.1 | S41: 5.6 | T41: 64 | U41: 27.9
C42: TOTAL: | D42: 13 | E42: 11 | F42: 0.84615385 | G42: 370.4 | H42: 1075.4 | I42: 670.2 | J42: 4.1 | K42: 1749.7 | L42: 0 | M42: 913 | N42: 69.5 | O42: 2.4 | P42: 0.1 | Q42: 0 | R42: 17.1 | S42: 79.7 | T42: 1081.8 | U42: 1038.3
B43: EXTREMADURA | C43: BADAJOZ | D43: 58 | E43: 58 | F43: 1 | G43: 20354.8 | H43: 54404.4 | I43: 22596.4 | J43: 248.5 | K43: 77249.3 | L43: 1825.9 | M43: 16862.6 | N43: 17287.1 | O43: 26736.5 | P43: 1750.7 | Q43: 2891.8 | R43: 285.9 | S43: 1665.2 | T43: 69305.7 | U43: 28298.4
C44: CÁCERES | D44: 34 | E44: 33 | F44: 0.97058824 | G44: 18966.2 | H44: 60194.4 | I44: 40003.3 | J44: 421.9 | K44: 100619.6 | L44: 18696.2 | M44: 38904.4 | N44: 3128.4 | O44: 22477.9 | P44: 2724.2 | Q44: 2087.2 | R44: 2528.7 | S44: 2094.2 | T44: 92641.2 | U44: 26944.6
C45: TOTAL: | D45: 92 | E45: 91 | F45: 0.98913043 | G45: 39321 | H45: 114598.8 | I45: 62599.7 | J45: 670.4 | K45: 177868.9 | L45: 20522.1 | M45: 55767 | N45: 20415.5 | O45: 49214.4 | P45: 4474.9 | Q45: 4979 | R45: 2814.6 | S45: 3759.4 | T45: 161946.9 | U45: 55243
B46: MADRID | C46: MADRID | D46: 3 | E46: 3 | F46: 1 | G46: 457 | H46: 657.9 | I46: 1419.1 | J46: 1388.4 | K46: 3465.4 | L46: 0 | M46: 1575.5 | N46: 70.8 | O46: 215.5 | P46: 0 | Q46: 43.4 | R46: 0 | S46: 50.6 | T46: 1955.8 | U46: 1966.6
C47: TOTAL: | D47: 3 | E47: 3 | F47: 1 | G47: 457 | H47: 657.9 | I47: 1419.1 | J47: 1388.4 | K47: 3465.4 | L47: 0 | M47: 1575.5 | N47: 70.8 | O47: 215.5 | P47: 0 | Q47: 43.4 | R47: 0 | S47: 50.6 | T47: 1955.8 | U47: 1966.6
B48: MURCIA | C48: MURCIA | D48: 13 | E48: 13 | F48: 1 | G48: 3089.7 | H48: 1700.8 | I48: 8478.4 | J48: 1672.6 | K48: 11851.8 | L48: 0 | M48: 9073.5 | N48: 1133.2 | O48: 79.7 | P48: 462.9 | Q48: 34.5 | R48: 252.1 | S48: 114.4 | T48: 11150.3 | U48: 3791.2
C49: TOTAL: | D49: 13 | E49: 13 | F49: 1 | G49: 3089.7 | H49: 1700.8 | I49: 8478.4 | J49: 1672.6 | K49: 11851.8 | L49: 0 | M49: 9073.5 | N49: 1133.2 | O49: 79.7 | P49: 462.9 | Q49: 34.5 | R49: 252.1 | S49: 114.4 | T49: 11150.3 | U49: 3791.2
B50: NAVARRA | C50: NAVARRA | D50: 1 | E50: 1 | F50: 1 | G50: 161.9 | H50: 0 | I50: 2366.3 | J50: 174.7 | K50: 2541 | L50: 0 | M50: 1949.3 | N50: 1.8 | O50: 515.8 | P50: 0 | Q50: 0 | R50: 8.7 | S50: 0 | T50: 2475.6 | U50: 227.3
C51: TOTAL: | D51: 1 | E51: 1 | F51: 1 | G51: 161.9 | H51: 0 | I51: 2366.3 | J51: 174.7 | K51: 2541 | L51: 0 | M51: 1949.3 | N51: 1.8 | O51: 515.8 | P51: 0 | Q51: 0 | R51: 8.7 | S51: 0 | T51: 2475.6 | U51: 227.3
B52: PAIS VASCO | C52: ÁLAVA | D52: 0 | E52: 0 | F52: 0 | G52: 0 | H52: 0 | I52: 0 | J52: 0 | K52: 0 | L52: 0 | M52: 0 | N52: 0 | O52: 0 | P52: 0 | Q52: 0 | R52: 0 | S52: 0 | T52: 0 | U52: 0
C53: TOTAL: | D53: 0 | E53: 0 | F53: 0 | G53: 0 | H53: 0 | I53: 0 | J53: 0 | K53: 0 | L53: 0 | M53: 0 | N53: 0 | O53: 0 | P53: 0 | Q53: 0 | R53: 0 | S53: 0 | T53: 0 | U53: 0
B54: LA RIOJA | C54: LA RIOJA | D54: 0 | E54: 0 | F54: 0 | G54: 0 | H54: 0 | I54: 0 | J54: 0 | K54: 0 | L54: 0 | M54: 0 | N54: 0 | O54: 0 | P54: 0 | Q54: 0 | R54: 0 | S54: 0 | T54: 0 | U54: 0
C55: TOTAL: | D55: 0 | E55: 0 | F55: 0 | G55: 0 | H55: 0 | I55: 0 | J55: 0 | K55: 0 | L55: 0 | M55: 0 | N55: 0 | O55: 0 | P55: 0 | Q55: 0 | R55: 0 | S55: 0 | T55: 0 | U55: 0
B56: COMUNIDAD VALENCIANA | C56: ALICANTE | D56: 3 | E56: 3 | F56: 1 | G56: 721.8 | H56: 509.4 | I56: 8819.2 | J56: 898.4 | K56: 10227 | L56: 0 | M56: 9984.6 | N56: 94.2 | O56: 97.9 | P56: 0 | Q56: 8.7 | R56: 0 | S56: 61.8 | T56: 10247.2 | U56: 701.6
C57: OTRAS | D57: 5 | E57: 5 | F57: 1 | G57: 908.5 | H57: 879.4 | I57: 2088.6 | J57: 31.6 | K57: 2999.6 | L57: 0 | M57: 2036 | N57: 148.6 | O57: 232 | P57: 0.2 | Q57: 15.6 | R57: 0 | S57: 67.3 | T57: 2499.7 | U57: 1408.4
C58: TOTAL: | D58: 8 | E58: 8 | F58: 1 | G58: 1630.3 | H58: 1388.8 | I58: 10907.8 | J58: 930 | K58: 13226.6 | L58: 0 | M58: 12020.6 | N58: 242.8 | O58: 329.9 | P58: 0.2 | Q58: 24.3 | R58: 0 | S58: 129.1 | T58: 12746.9 | U58: 2110
B59: TOTAL NACIONAL | D59: 400 | E59: 390 | F59: 0.975 | G59: 274616 | H59: 554085 | I59: 417329.6 | J59: 36196.5 | K59: 1007611.3 | L59: 50984.7 | M59: 340666.3 | N59: 214843.2 | O59: 251939.2 | P59: 25703.5 | Q59: 28781.7 | R59: 5459.5 | S59: 8415.1 | T59: 926792.9 | U59: 355434.4
B61: Aceituna Cruda = Importada + No importada.
B62: *Número de Entamadoras Existentes en la Campaña.
B63: **Número de Entamadoras que han Declarado para la Campaña en el Mes Indicado.
B64: Datos expresados en Toneladas. Datos expresados en peso de entamado sin más transformación.
B65: Fuente: SIMO

Sheet 21_ENTR.MENS.ACEITUN.NET.CR.MES
D2: 21_ENTRADA MENSUAL DE ACEITUNA NETA CRUDA (POR MESES)
D6: VARIEDAD TOTALIZADAS
D8: COMUNIDAD AUTÓNOMA | E8: PROVINCIA | F8: SEPTIEMBRE | G8: OCTUBRE | H8: NOVIEMBRE | I8: DICIEMBRE | J8: ENERO | K8: FEBRERO | L8: MARZO | M8: ABRIL | N8: MAYO | O8: TOTAL
D9: ANDALUCÍA | E9: ALMERIA | F9: 0 | G9: 8.1 | H9: 0 | I9: 0 | J9: 528.2 | K9: 524 | L9: 203.2 | M9: 0 | N9: 0 | O9: 1263.4
E10: CADIZ | F10: 9.5 | G10: 34.9 | H10: 14.9 | I10: 0 | J10: 0 | K10: 0 | L10: 0 | M10: 0 | N10: 0 | O10: 59.3
E11: CÓRDOBA | F11: 6220.4 | G11: 44468 | H11: 4985.9 | I11: 179.8 | J11: 0 | K11: 0 | L11: 0 | M11: 0 | N11: 0 | O11: 55854.1
E12: GRANADA | F12: 0 | G12: 0 | H12: 0 | I12: 98.9 | J12: 0 | K12: 0 | L12: 0 | M12: 0 | N12: 0 | O12: 98.9
E13: HUELVA | F13: 1135.8 | G13: 3777.2 | H13: 880.2 | I13: 0 | J13: 0 | K13: 0 | L13: 0 | M13: 0 | N13: 0 | O13: 5793.2
E14: JAÉN | F14: 98.1 | G14: 311.8 | H14: 33.8 | I14: 3.5 | J14: 0 | K14: 0 | L14: 0 | M14: 0 | N14: 0 | O14: 447.1
E15: MÁLAGA | F15: 4828.3 | G15: 36752.7 | H15: 5590.6 | I15: 113.7 | J15: 0 | K15: 0 | L15: 0 | M15: 0 | N15: 0 | O15: 47285.3
E16: SEVILLA | F16: 82319.7 | G16: 180188.2 | H16: 23958.5 | I16: 212.2 | J16: 9.3 | K16: 0 | L16: 4.4 | M16: 0 | N16: 0 | O16: 286692.3
E17: TOTAL: | F17: 94611.8 | G17: 265540.9 | H17: 35463.9 | I17: 608.1 | J17: 537.5 | K17: 524 | L17: 207.6 | M17: 0 | N17: 0 | O17: 397493.6
D18: ARAGÓN | E18: TERUEL | F18: 54 | G18: 78.7 | H18: 320.1 | I18: 2380.6 | J18: 1462.5 | K18: 304.3 | L18: 220.4 | M18: 48.5 | N18: 0 | O18: 4869.3
E19: ZARAGOZA | F19: 178.4 | G19: 239 | H19: 55.6 | I19: 287.7 | J19: 41.2 | K19: 7.8 | L19: 0 | M19: 0 | N19: 0 | O19: 809.7
E20: TOTAL: | F20: 232.4 | G20: 317.7 | H20: 375.7 | I20: 2668.3 | J20: 1503.7 | K20: 312.1 | L20: 220.4 | M20: 48.5 | N20: 0 | O20: 5679
D21: BALEARES | E21: BALEARES | F21: 4.6 | G21: 13.7 | H21: 0 | I21: 0.2 | J21: 4.6 | K21: 2 | L21: 0 | M21: 0 | N21: 0 | O21: 25.1
E22: TOTAL: | F22: 4.6 | G22: 13.7 | H22: 0 | I22: 0.2 | J22: 4.6 | K22: 2 | L22: 0 | M22: 0 | N22: 0 | O22: 25.1
D23: CANARIAS | E23: LAS PALMAS | F23: 0.9 | G23: 0 | H23: 0 | I23: 0 | J23: 0 | K23: 0 | L23: 0 | M23: 0 | N23: 0 | O23: 0.9
E24: TOTAL: | F24: 0.9 | G24: 0 | H24: 0 | I24: 0 | J24: 0 | K24: 0 | L24: 0 | M24: 0 | N24: 0 | O24: 0.9
D25: CASTILLA-LA MANCHA | E25: ALBACETE | F25: 0 | G25: 0 | H25: 59.5 | I25: 19.9 | J25: 0 | K25: 0 | L25: 0 | M25: 0 | N25: 0 | O25: 79.4
E26: CIUDAD REAL | F26: 0 | G26: 19.1 | H26: 0 | I26: 0 | J26: 0 | K26: 0 | L26: 0 | M26: 0 | N26: 0 | O26: 19.1
E27: TOLEDO | F27: 0 | G27: 664.3 | H27: 0 | I27: 0 | J27: 0 | K27: 0 | L27: 0 | M27: 0 | N27: 0 | O27: 664.3
E28: OTRAS | F28: 0 | G28: 25.2 | H28: 28.4 | I28: 27 | J28: 0 | K28: 0 | L28: 0 | M28: 0 | N28: 0 | O28: 80.6
E29: TOTAL: | F29: 0 | G29: 708.6 | H29: 87.9 | I29: 46.9 | J29: 0 | K29: 0 | L29: 0 | M29: 0 | N29: 0 | O29: 843.4
D30: CASTILLA Y LEÓN | E30: BURGOS | F30: 0 | G30: 0.1 | H30: 0 | I30: 0 | J30: 0 | K30: 0 | L30: 0 | M30: 0 | N30: 0 | O30: 0.1
E31: SALAMANCA | F31: 28.4 | G31: 130.3 | H31: 0 | I31: 0 | J31: 0 | K31: 0 | L31: 0 | M31: 0 | N31: 0 | O31: 158.7
E32: TOTAL: | F32: 28.4 | G32: 130.4 | H32: 0 | I32: 0 | J32: 0 | K32: 0 | L32: 0 | M32: 0 | N32: 0 | O32: 158.8
D33: CATALUÑA | E33: TARRAGONA | F33: 91.5 | G33: 568 | H33: 102.1 | I33: 121.2 | J33: 120 | K33: 2.8 | L33: 0 | M33: 0 | N33: 0 | O33: 1005.5
E34: OTRAS | F34: 0 | G34: 9 | H34: 33.5 | I34: 15.4 | J34: 8.8 | K34: 3.2 | L34: 0 | M34: 0 | N34: 0 | O34: 69.9
E35: TOTAL: | F35: 91.5 | G35: 577 | H35: 135.6 | I35: 136.6 | J35: 128.8 | K35: 6 | L35: 0 | M35: 0 | N35: 0 | O35: 1075.4
D36: EXTREMADURA | E36: BADAJOZ | F36: 11857.5 | G36: 38183.7 | H36: 2369.2 | I36: 168 | J36: 0 | K36: 0 | L36: 0 | M36: 0 | N36: 0 | O36: 52578.5
E37: CÁCERES | F37: 1192.5 | G37: 23660.5 | H37: 16522.9 | I37: 122.3 | J37: 0 | K37: 0 | L37: 0 | M37: 0 | N37: 0 | O37: 41498.2
E38: TOTAL: | F38: 13050 | G38: 61844.2 | H38: 18892.1 | I38: 290.3 | J38: 0 | K38: 0 | L38: 0 | M38: 0 | N38: 0 | O38: 94076.7
D39: MADRID | E39: MADRID | F39: 98.2 | G39: 559.8 | H39: 0 | I39: 0 | J39: 0 | K39: 0 | L39: 0 | M39: 0 | N39: 0 | O39: 657.9
E40: TOTAL: | F40: 98.2 | G40: 559.8 | H40: 0 | I40: 0 | J40: 0 | K40: 0 | L40: 0 | M40: 0 | N40: 0 | O40: 657.9
D41: MURCIA | E41: MURCIA | F41: 49.1 | G41: 493.1 | H41: 200.4 | I41: 258 | J41: 458.4 | K41: 141.3 | L41: 61.1 | M41: 39.4 | N41: 0 | O41: 1700.8
E42: TOTAL: | F42: 49.1 | G42: 493.1 | H42: 200.4 | I42: 258 | J42: 458.4 | K42: 141.3 | L42: 61.1 | M42: 39.4 | N42: 0 | O42: 1700.8
D43: NAVARRA | E43: NAVARRA | F43: 0 | G43: 0 | H43: 0 | I43: 0 | J43: 0 | K43: 0 | L43: 0 | M43: 0 | N43: 0 | O43: 0
E44: TOTAL: | F44: 0 | G44: 0 | H44: 0 | I44: 0 | J44: 0 | K44: 0 | L44: 0 | M44: 0 | N44: 0 | O44: 0
D45: COMUNIDAD VALENCIANA | E45: ALICANTE | F45: 92.5 | G45: 49.1 | H45: 46.5 | I45: 67.3 | J45: 153.7 | K45: 65.8 | L45: 19.5 | M45: 15 | N45: 0 | O45: 509.4
E46: OTRAS | F46: 0 | G46: 630.2 | H46: 224.9 | I46: 0 | J46: 0 | K46: 0 | L46: 24.4 | M46: 0 | N46: 0 | O46: 879.4
E47: TOTAL: | F47: 92.5 | G47: 679.3 | H47: 271.4 | I47: 67.3 | J47: 153.7 | K47: 65.8 | L47: 43.9 | M47: 15 | N47: 0 | O47: 1388.8
D48: TOTAL NACIONAL: | F48: 108259.4 | G48: 330864.7 | H48: 55427 | I48: 4075.7 | J48: 2786.7 | K48: 1051.2 | L48: 533 | M48: 102.9 | N48: 0 | O48: 503100.4
D50: * Aceituna Cruda Neta = Aceituna Cruda Entrada - Aceituna Cruda Salida
D51: Datos expresados en Toneladas. Datos expresados en peso de entamado sin más transformación.
D52: El cálculo de Aceituna Cruda Neta contempla datos de Aceituna Importada + No Importada.
D53: Fuente: SIMO

Sheet 22_ENTR.ACEITUN.CR.NET.TIP.EMPR
B2: 22_ENTRADA DE ACEITUNA CRUDA NETA POR TIPO DE EMPRESA
D6: VARIEDAD TOTALIZADAS
D8: INDUSTRIAS | I8: ENTRADA DE ACEITUNA CRUDA NETA
B9: COMUNIDAD AUTÓNOMA | C9: PROVINCIA | D9: TOTAL | E9: COOPERATIVA | G9: INDUSTRIALES | I9: TOTAL | J9: COOPERATIVA | L9: INDUSTRIALES
D10: Nº | E10: Nº | F10: % | G10: Nº | H10: % | I10: Toneladas | J10: Toneladas | K10: % | L10: Toneladas | M10: %
B11: ANDALUCÍA | C11: ALMERIA | D11: 2 | E11: 0 | F11: 0 | G11: 2 | H11: 1 | I11: 1263.4 | J11: 0 | K11: 0 | L11: 1263.4 | M11: 1
C12: CADIZ | D12: 1 | E12: 0 | F12: 0 | G12: 1 | H12: 1 | I12: 59.3 | J12: 0 | K12: 0 | L12: 59.3 | M12: 1
C13: CÓRDOBA | D13: 36 | E13: 14 | F13: 0.38888889 | G13: 22 | H13: 0.61111111 | I13: 55854.1 | J13: 33489.2 | K13: 0.59958356 | L13: 22364.9 | M13: 0.40041644
C14: GRANADA | D14: 1 | E14: 0 | F14: 0 | G14: 1 | H14: 1 | I14: 98.9 | J14: 0 | K14: 0 | L14: 98.9 | M14: 1
C15: HUELVA | D15: 3 | E15: 1 | F15: 0.33333333 | G15: 2 | H15: 0.66666667 | I15: 5793.2 | J15: 2.2 | K15: 0.00037975558 | L15: 5791 | M15: 0.99962024
C16: JAÉN | D16: 7 | E16: 1 | F16: 0.14285714 | G16: 6 | H16: 0.85714286 | I16: 447.1 | J16: 3.5 | K16: 0.0078282263 | L16: 443.6 | M16: 0.99217177
C17: MÁLAGA | D17: 29 | E17: 12 | F17: 0.4137931 | G17: 17 | H17: 0.5862069 | I17: 47285.3 | J17: 25096.5 | K17: 0.53074634 | L17: 22188.8 | M17: 0.46925366
C18: SEVILLA | D18: 134 | E18: 37 | F18: 0.2761194 | G18: 97 | H18: 0.7238806 | I18: 286692.3 | J18: 135656.6 | K18: 0.47317839 | L18: 151035.7 | M18: 0.52682161
C19: TOTAL CCAA: | D19: 213 | E19: 65 | F19: 0.30516432 | G19: 148 | H19: 0.69483568 | I19: 397493.6 | J19: 194248 | K19: 0.48868208 | L19: 203245.6 | M19: 0.51131792
B20: ARAGÓN | C20: TERUEL | D20: 21 | E20: 9 | F20: 0.42857143 | G20: 12 | H20: 0.57142857 | I20: 4869.3 | J20: 3066.5 | K20: 0.62976198 | L20: 1802.8 | M20: 0.37023802
C21: ZARAGOZA | D21: 11 | E21: 5 | F21: 0.45454545 | G21: 6 | H21: 0.54545455 | I21: 809.7 | J21: 388.6 | K21: 0.47993084 | L21: 421.1 | M21: 0.52006916
C22: TOTAL CCAA: | D22: 32 | E22: 14 | F22: 0.4375 | G22: 18 | H22: 0.5625 | I22: 5679 | J22: 3455.1 | K22: 0.60839937 | L22: 2223.9 | M22: 0.39160063
B23: BALEARES | C23: BALEARES | D23: 6 | E23: 1 | F23: 0.16666667 | G23: 5 | H23: 0.83333333 | I23: 25.1 | J23: 16.1 | K23: 0.64143426 | L23: 9 | M23: 0.35856574
C24: TOTAL CCAA: | D24: 6 | E24: 1 | F24: 0.16666667 | G24: 5 | H24: 0.83333333 | I24: 25.1 | J24: 16.1 | K24: 0.64143426 | L24: 9 | M24: 0.35856574
B25: CANARIAS | C25: LAS PALMAS | D25: 3 | E25: 0 | F25: 0 | G25: 3 | H25: 1 | I25: 0.9 | J25: 0 | K25: 0 | L25: 0.9 | M25: 1
C26: TOTAL CCAA: | D26: 3 | E26: 0 | F26: 0 | G26: 3 | H26: 1 | I26: 0.9 | J26: 0 | K26: 0 | L26: 0.9 | M26: 1
B27: CASTILLA-LA MANCHA | C27: ALBACETE | D27: 3 | E27: 0 | F27: 0 | G27: 3 | H27: 1 | I27: 79.4 | J27: 0 | K27: 0 | L27: 79.4 | M27: 1
C28: CIUDAD REAL | D28: 4 | E28: 0 | F28: 0 | G28: 4 | H28: 1 | I28: 19.1 | J28: 0 | K28: 0 | L28: 19.1 | M28: 1
C29: TOLEDO | D29: 2 | E29: 0 | F29: 0 | G29: 2 | H29: 1 | I29: 664.3 | J29: 0 | K29: 0 | L29: 664.3 | M29: 1
C30: OTRAS | D30: 1 | E30: 0 | F30: 0 | G30: 1 | H30: 1 | I30: 80.6 | J30: 0 | K30: 0 | L30: 80.6 | M30: 1
C31: TOTAL CCAA: | D31: 10 | E31: 0 | F31: 0 | G31: 10 | H31: 1 | I31: 843.4 | J31: 0 | K31: 0 | L31: 843.4 | M31: 1
B32: CASTILLA Y LEÓN | C32: BURGOS | D32: 1 | E32: 0 | F32: 0 | G32: 1 | H32: 1 | I32: 0.1 | J32: 0 | K32: 0 | L32: 0.1 | M32: 1
C33: SALAMANCA | D33: 3 | E33: 0 | F33: 0 | G33: 3 | H33: 1 | I33: 158.7 | J33: 0 | K33: 0 | L33: 158.7 | M33: 1
C34: SEGOVIA | D34: 0 | E34: 0 | F34: 0 | G34: 0 | H34: 0 | I34: 0 | J34: 0 | K34: 0 | L34: 0 | M34: 0
C35: OTRAS | D35: 0 | E35: 0 | F35: 0 | G35: 0 | H35: 0 | I35: 0 | J35: 0 | K35: 0 | L35: 0 | M35: 0
C36: TOTAL CCAA: | D36: 4 | E36: 0 | F36: 0 | G36: 4 | H36: 1 | I36: 158.8 | J36: 0 | K36: 0 | L36: 158.8 | M36: 1
B37: CATALUÑA | C37: TARRAGONA | D37: 11 | E37: 5 | F37: 0.45454545 | G37: 6 | H37: 0.54545455 | I37: 1005.5 | J37: 20.6 | K37: 0.02048732 | L37: 984.9 | M37: 0.97951268
C38: OTRAS | D38: 2 | E38: 1 | F38: 0.5 | G38: 1 | H38: 0.5 | I38: 69.9 | J38: 69.9 | K38: 1 | L38: 0 | M38: 0
C39: TOTAL CCAA: | D39: 13 | E39: 6 | F39: 0.46153846 | G39: 7 | H39: 0.53846154 | I39: 1075.4 | J39: 90.5 | K39: 0.084154733 | L39: 984.9 | M39: 0.91584527
B40: EXTREMADURA | C40: BADAJOZ | D40: 59 | E40: 21 | F40: 0.3559322 | G40: 38 | H40: 0.6440678 | I40: 52578.5 | J40: 27267.1 | K40: 0.51859791 | L40: 25311.4 | M40: 0.48140209
C41: CÁCERES | D41: 35 | E41: 13 | F41: 0.37142857 | G41: 22 | H41: 0.62857143 | I41: 41498.2 | J41: 12307.8 | K41: 0.29658636 | L41: 29190.4 | M41: 0.70341364
C42: TOTAL CCAA: | D42: 94 | E42: 34 | F42: 0.36170213 | G42: 60 | H42: 0.63829787 | I42: 94076.7 | J42: 39574.9 | K42: 0.42066633 | L42: 54501.8 | M42: 0.57933367
B43: MADRID | C43: MADRID | D43: 3 | E43: 0 | F43: 0 | G43: 3 | H43: 1 | I43: 657.9 | J43: 0 | K43: 0 | L43: 657.9 | M43: 1
C44: TOTAL CCAA: | D44: 3 | E44: 0 | F44: 0 | G44: 3 | H44: 1 | I44: 657.9 | J44: 0 | K44: 0 | L44: 657.9 | M44: 1
B45: MURCIA | C45: MURCIA | D45: 13 | E45: 2 | F45: 0.15384615 | G45: 11 | H45: 0.84615385 | I45: 1700.8 | J45: 61.4 | K45: 0.036100659 | L45: 1639.4 | M45: 0.96389934
C46: TOTAL CCAA: | D46: 13 | E46: 2 | F46: 0.15384615 | G46: 11 | H46: 0.84615385 | I46: 1700.8 | J46: 61.4 | K46: 0.036100659 | L46: 1639.4 | M46: 0.96389934
B47: NAVARRA | C47: NAVARRA | D47: 2 | E47: 0 | F47: 0 | G47: 2 | H47: 1 | I47: 0 | J47: 0 | K47: 0 | L47: 0 | M47: 0
C48: TOTAL CCAA: | D48: 2 | E48: 0 | F48: 0 | G48: 2 | H48: 1 | I48: 0 | J48: 0 | K48: 0 | L48: 0 | M48: 0
B49: PAIS VASCO | C49: ÁLAVA | D49: 0 | E49: 0 | F49: 0 | G49: 0 | H49: 0 | I49: 0 | J49: 0 | K49: 0 | L49: 0 | M49: 0
C50: TOTAL CCAA: | D50: 0 | E50: 0 | F50: 0 | G50: 0 | H50: 0 | I50: 0 | J50: 0 | K50: 0 | L50: 0 | M50: 0
B51: LA RIOJA | C51: LA RIOJA | D51: 0 | E51: 0 | F51: 0 | G51: 0 | H51: 0 | I51: 0 | J51: 0 | K51: 0 | L51: 0 | M51: 0
C52: TOTAL CCAA: | D52: 0 | E52: 0 | F52: 0 | G52: 0 | H52: 0 | I52: 0 | J52: 0 | K52: 0 | L52: 0 | M52: 0
B53: COMUNIDAD VALENCIANA | C53: ALICANTE | D53: 3 | E53: 0 | F53: 0 | G53: 3 | H53: 1 | I53: 509.4 | J53: 0 | K53: 0 | L53: 509.4 | M53: 1
C54: OTRAS | D54: 5 | E54: 0 | F54: 0 | G54: 5 | H54: 1 | I54: 879.4 | J54: 0 | K54: 0 | L54: 879.4 | M54: 1
C55: TOTAL CCAA: | D55: 8 | E55: 0 | F55: 0 | G55: 8 | H55: 1 | I55: 1388.8 | J55: 0 | K55: 0 | L55: 1388.8 | M55: 1
B56: TOTAL NACIONAL | D56: 401 | E56: 122 | F56: 0.3042394 | G56: 279 | H56: 0.6957606 | I56: 503100.4 | J56: 237446 | K56: 0.47196544 | L56: 265654.4 | M56: 0.52803456
B58: * Número de Entamadoras que han declarado al menos una vez en la campaña.
B59: ** Aceituna Cruda Neta = Aceituna Cruda Entrada - Aceituna Cruda Salida.
B60: Datos expresados en Toneladas. Datos expresados en peso de entamado sin más transformación.
B61: El cálculo de Aceituna Cruda Neta contempla datos de Aceituna Cruda Importada + No Importada
B62: Fuente: SIMO

Sheet 23_DET.PROD.ACEITUNA POR PROCED
B3: 23_DETALLE PRODUCCIÓN ACEITUNA POR PROCEDENCIA
B7: a 31 de julio de 2026
B9: VARIEDAD / TIPO | D9: PRODUCCIÓN IMPORTADA | E9: PRODUCCIÓN NO IMPORTADA
B10: MANZANILLA | D10: 982703 | E10: 139582521
B11: Cocida (para verde) | D11: 982703 | E11: 135314179
B12: Salmuera y/o Acético (negra y para negra) | D12: 0 | E12: 4268342
B13: GORDAL | D13: 7707 | E13: 23364524
B14: Cocida (para verde) | D14: 7707 | E14: 23173077
B15: Salmuera y/o Acético (negra y para negra) | D15: 0 | E15: 191447
B16: HOJIBLANCA | D16: 8667433 | E16: 243014657
B17: Cocida (para verde) | D17: 1404704 | E17: 110260661
B18: Salmuera y/o Acético (negra y para negra) | D18: 7262729 | E18: 132753996
B19: CACEREÑA | D19: 5937814 | E19: 41181470
B20: Cocida (para verde) | D20: 1543973 | E20: 9068353
B21: Salmuera y/o Acético (negra y para negra) | D21: 4393841 | E21: 32113117
... B28: TOTAL GENERAL | D28: 17421439 | E28: 485679048
B30: Datos expresados en millones de Kg. Datos expresados en peso de entamado sin más transformación.
B31: Fuente: SIMO

Sheet 24_COMP.ENT.ACEITUN.CR.ENT.CAMP
B2: 24_COMPARACIÓN DE ENTRADAS DE ACEITUNA CRUDA ENTRE CAMPAÑAS
B6: TODAS LAS VARIEDADES
D8: *Nº DE ENTAMADORAS | G8: **ACEITUNA CRUDA NETA ENTRADA
B9: COMUNIDAD AUTÓNOMA | C9: PROVINCIA | D9: 2025/2026 | E9: 2024/2025 | F9: % | G9: 2025/2026 | H9: 2024/2025 | I9: %
B10: ANDALUCÍA | C10: ALMERIA | D10: 2 | E10: 2 | F10: 0 | G10: 1263.4 | H10: 124.4 | I10: 9.1559486
C11: CADIZ | D11: 1 | E11: 1 | F11: 0 | G11: 59.3 | H11: 74.2 | I11: -0.20080863
C12: CÓRDOBA | D12: 36 | E12: 36 | F12: 0 | G12: 55854.1 | H12: 70965.1 | I12: -0.21293565
C13: GRANADA | D13: 1 | E13: 1 | F13: 0 | G13: 98.9 | H13: 0 | I13: 98.9
C14: HUELVA | D14: 3 | E14: 2 | F14: 0.5 | G14: 5793.2 | H14: 3768.4 | I14: 0.53731026
C15: JAÉN | D15: 7 | E15: 6 | F15: 0.16666667 | G15: 447.1 | H15: 452.9 | I15: -0.012806359
C16: MÁLAGA | D16: 29 | E16: 31 | F16: -0.064516129 | G16: 47285.3 | H16: 49875.2 | I16: -0.051927611
C17: SEVILLA | D17: 134 | E17: 136 | F17: -0.014705882 | G17: 286692.3 | H17: 318912.2 | I17: -0.10103063
C18: TOTAL: | D18: 213 | E18: 215 | F18: -0.0093023256 | G18: 397493.6 | H18: 444172.4 | I18: -0.10509163
B19: ARAGÓN | C19: TERUEL | D19: 21 | E19: 21 | F19: 0 | G19: 4869.3 | H19: 610.2 | I19: 6.9798427
C20: ZARAGOZA | D20: 11 | E20: 11 | F20: 0 | G20: 809.7 | H20: 217.8 | I20: 2.7176309
C21: TOTAL: | D21: 32 | E21: 32 | F21: 0 | G21: 5679 | H21: 828 | I21: 5.8586957
B22: BALEARES | C22: BALEARES | D22: 6 | E22: 5 | F22: 0.2 | G22: 25.1 | H22: 0.4 | I22: 61.75
C23: TOTAL: | D23: 6 | E23: 5 | F23: 0.2 | G23: 25.1 | H23: 0.4 | I23: 61.75
B24: CANARIAS | C24: LAS PALMAS | D24: 3 | E24: 2 | F24: 0.5 | G24: 0.9 | H24: 0 | I24: 0.9
C25: TOTAL: | D25: 3 | E25: 2 | F25: 0.5 | G25: 0.9 | H25: 0 | I25: 0.9
B26: CASTILLA-LA MANCHA | C26: ALBACETE | D26: 3 | E26: 3 | F26: 0 | G26: 79.4 | H26: 303 | I26: -0.7379538
C27: CIUDAD REAL | D27: 4 | E27: 4 | F27: 0 | G27: 19.1 | H27: 0 | I27: 19.1
C28: TOLEDO | D28: 2 | E28: 2 | F28: 0 | G28: 664.3 | H28: 586 | I28: 0.13361775
C29: OTRAS | D29: 1 | E29: 1 | F29: 0 | G29: 80.6 | H29: 0 | I29: 80.6
C30: TOTAL: | D30: 10 | E30: 10 | F30: 0 | G30: 843.4 | H30: 889 | I30: -0.051293588
B31: CASTILLA Y LEÓN | C31: BURGOS | D31: 1 | E31: 1 | F31: 0 | G31: 0.1 | H31: 0.2 | I31: -0.5
C32: SALAMANCA | D32: 3 | E32: 3 | F32: 0 | G32: 158.7 | H32: 221.5 | I32: -0.28352144
C33: TOTAL: | D33: 4 | E33: 4 | F33: 0 | G33: 158.8 | H33: 221.7 | I33: -0.28371673
B34: CATALUÑA | C34: TARRAGONA | D34: 11 | E34: 11 | F34: 0 | G34: 1005.5 | H34: 600 | I34: 0.67583333
C35: OTRAS | D35: 2 | E35: 2 | F35: 0 | G35: 69.9 | H35: 21.4 | I35: 2.2663551
C36: TOTAL: | D36: 13 | E36: 13 | F36: 0 | G36: 1075.4 | H36: 621.4 | I36: 0.7306083
B37: EXTREMADURA | C37: BADAJOZ | D37: 59 | E37: 60 | F37: -0.016666667 | G37: 52578.5 | H37: 46328.2 | I37: 0.13491351
C38: CÁCERES | D38: 35 | E38: 35 | F38: 0 | G38: 41498.2 | H38: 37767.9 | I38: 0.09876906
C39: TOTAL: | D39: 94 | E39: 95 | F39: -0.010526316 | G39: 94076.7 | H39: 84096.1 | I39: 0.11868089
B40: MADRID | C40: MADRID | D40: 3 | E40: 3 | F40: 0 | G40: 657.9 | H40: 986.8 | I40: -0.33329955
C41: TOTAL: | D41: 3 | E41: 3 | F41: 0 | G41: 657.9 | H41: 986.8 | I41: -0.33329955
B42: MURCIA | C42: MURCIA | D42: 13 | E42: 13 | F42: 0 | G42: 1700.8 | H42: 500.2 | I42: 2.4002399
C43: TOTAL: | D43: 13 | E43: 13 | F43: 0 | G43: 1700.8 | H43: 500.2 | I43: 2.4002399
B44: NAVARRA | C44: NAVARRA | D44: 2 | E44: 1 | F44: 1 | G44: 0 | H44: 0 | I44: 0
C45: TOTAL: | D45: 2 | E45: 1 | F45: 1 | G45: 0 | H45: 0 | I45: 0
B46: COMUNIDAD VALENCIANA | C46: ALICANTE | D46: 3 | E46: 3 | F46: 0 | G46: 509.4 | H46: 174.7 | I46: 1.9158558
C47: OTRAS | D47: 5 | E47: 5 | F47: 0 | G47: 879.4 | H47: 703.6 | I47: 0.24985787
C48: TOTAL: | D48: 8 | E48: 8 | F48: 0 | G48: 1388.8 | H48: 878.3 | I48: 0.58123648
B49: TOTAL NACIONAL | D49: 401 | E49: 401 | F49: 0 | G49: 503100.4 | H49: 533194.3 | I49: -0.056440776
B51: * Número de Entamadoras que han declarado al menos una vez en la campaña.
B52: ** Aceituna Cruda Neta = Aceituna Cruda Entrada - Aceituna Cruda Salida
B53: Datos expresados en Toneladas. Datos expresados en peso de entamado sin más transformación.
B54: El cálculo de Aceituna Cruda Neta contempla datos de Aceituna Cruda Importada + No Importada
B55: Fuente: SIMO

Sheet 25_ENV.ACEITUN.MESA BALANCE 
B1: 25_ENVASADORAS DE ACEITUNA DE MESA_BALANCE DETALLADO DE CAMPAÑA
B5: a 31 de julio de 2026
B7: COMUNIDAD AUTÓNOMA | C7: PROVINCIA | D7: INDUSTRIAS | G7: EXISTENCIAS INICIALES CAMPAÑA | H7: ENTRADAS | M7: SALIDAS | R7: EXISTENCIAS FIN DE MES
D8: TOTAL | E8: DATOS | F8: % | H8: TRANSFORMADAS | L8: TOTAL ENTRADAS | M8: TRANSFORMADAS | Q8: TOTAL SALIDAS
H9: De entrada propia | I9: Otras industrias | J9: De otras envasadoras | K9: Importación | M9: A Otras industrias | N9: A Mercado Interior | O9: A Exportación | P9: Pérdidas
B10: ANDALUCÍA | C10: ALMERÍA | D10: 3 | E10: 2 | F10: 0.66666667 | G10: 386.8 | H10: 49.7 | I10: 530.6 | J10: 213.6 | K10: 81.9 | L10: 875.8 | M10: 8.9 | N10: 170.7 | O10: 800.8 | P10: 0 | Q10: 980.4 | R10: 282.2
C11: CÁDIZ | D11: 3 | E11: 2 | F11: 0.66666667 | G11: 3.2 | H11: 138 | I11: 11.3 | J11: 0 | K11: 0 | L11: 149.3 | M11: 5.8 | N11: 139.9 | O11: 4.9 | P11: 0 | Q11: 150.6 | R11: 1.9
C12: CÓRDOBA | D12: 13 | E12: 13 | F12: 1 | G12: 2302.7 | H12: 30044.3 | I12: 1998.6 | J12: 817.8 | K12: 0 | L12: 32860.7 | M12: 354.1 | N12: 4331.1 | O12: 26719.6 | P12: 45.1 | Q12: 31449.9 | R12: 3713.5
C13: GRANADA | D13: 7 | E13: 7 | F13: 1 | G13: 457.4 | H13: 109.5 | I13: 818.2 | J13: 0.5 | K13: 24.8 | L13: 953 | M13: 0 | N13: 981.9 | O13: 17.8 | P13: 1.8 | Q13: 1001.5 | R13: 408.9
C14: HUELVA | D14: 3 | E14: 3 | F14: 1 | G14: 137.8 | H14: 69.1 | I14: 1287 | J14: 238.7 | K14: 0 | L14: 1594.8 | M14: 38.5 | N14: 63.7 | O14: 1511.2 | P14: 1.2 | Q14: 1614.6 | R14: 118
C15: JAÉN | D15: 9 | E15: 9 | F15: 1 | G15: 31.1 | H15: 873.2 | I15: 1.2 | J15: 0 | K15: 0 | L15: 874.4 | M15: 9 | N15: 864.3 | O15: 8.5 | P15: 0.2 | Q15: 882 | R15: 23.5
C16: MÁLAGA | D16: 21 | E16: 21 | F16: 1 | G16: 682.6 | H16: 12575.5 | I16: 257.6 | J16: 18.3 | K16: 0 | L16: 12851.4 | M16: 55.7 | N16: 4320.6 | O16: 8491 | P16: 8.5 | Q16: 12875.8 | R16: 658.2
C17: SEVILLA | D17: 57 | E17: 51 | F17: 0.89473684 | G17: 18854.8 | H17: 209436.9 | I17: 5664.3 | J17: 9082.4 | K17: 1418.9 | L17: 225602.5 | M17: 7144.3 | N17: 50720.2 | O17: 163969.9 | P17: 1448.3 | Q17: 223282.7 | R17: 21174.6
C18: TOTAL: | D18: 116 | E18: 108 | F18: 0.93103448 | G18: 22856.4 | H18: 253296.2 | I18: 10568.8 | J18: 10371.3 | K18: 1525.6 | L18: 275761.9 | M18: 7616.3 | N18: 61592.4 | O18: 201523.7 | P18: 1505.1 | Q18: 272237.5 | R18: 26380.8
B19: ARAGÓN | C19: TERUEL | D19: 11 | E19: 11 | F19: 1 | G19: 1.3 | H19: 884.3 | I19: 7.7 | J19: 0 | K19: 0 | L19: 892 | M19: 22.6 | N19: 869.5 | O19: 0 | P19: 0.1 | Q19: 892.2 | R19: 1.1
C20: ZARAGOZA | D20: 10 | E20: 10 | F20: 1 | G20: 11.5 | H20: 1745.6 | I20: 8.8 | J20: 0 | K20: 0 | L20: 1754.4 | M20: 22.9 | N20: 1649.3 | O20: 84.2 | P20: 0.2 | Q20: 1756.6 | R20: 9.3
C21: TOTAL: | D21: 21 | E21: 21 | F21: 1 | G21: 12.8 | H21: 2629.9 | I21: 16.5 | J21: 0 | K21: 0 | L21: 2646.4 | M21: 45.5 | N21: 2518.8 | O21: 84.2 | P21: 0.3 | Q21: 2648.8 | R21: 10.4
B22: BALEARES | C22: BALEARES | D22: 6 | E22: 6 | F22: 1 | G22: 5.2 | H22: 156.3 | I22: 0 | J22: 0 | K22: 0 | L22: 156.3 | M22: 0 | N22: 158.9 | O22: 1.6 | P22: 0 | Q22: 160.5 | R22: 1
C23: TOTAL: | D23: 6 | E23: 6 | F23: 1 | G23: 5.2 | H23: 156.3 | I23: 0 | J23: 0 | K23: 0 | L23: 156.3 | M23: 0 | N23: 158.9 | O23: 1.6 | P23: 0 | Q23: 160.5 | R23: 1
B24: CANARIAS | C24: LAS PALMAS | D24: 3 | E24: 2 | F24: 0.66666667 | G24: 0 | H24: 0.2 | I24: 0 | J24: 0 | K24: 0 | L24: 0.2 | M24: 0 | N24: 0.2 | O24: 0 | P24: 0 | Q24: 0.2 | R24: 0
C25: TOTAL: | D25: 3 | E25: 2 | F25: 0.66666667 | G25: 0 | H25: 0.2 | I25: 0 | J25: 0 | K25: 0 | L25: 0.2 | M25: 0 | N25: 0.2 | O25: 0 | P25: 0 | Q25: 0.2 | R25: 0
B26: CASTILLA-LA MANCHA | C26: ALBACETE | D26: 2 | E26: 3 | F26: 1.5 | G26: 19.4 | H26: 242.3 | I26: 1.7 | J26: 0 | K26: 0 | L26: 244 | M26: 0 | N26: 244.9 | O26: 0.1 | P26: 0.1 | Q26: 245.1 | R26: 18.3
C27: CIUDAD REAL | D27: 6 | E27: 6 | F27: 1 | G27: 50 | H27: 404.9 | I27: 15.3 | J27: 0 | K27: 0 | L27: 420.2 | M27: 1.5 | N27: 429.8 | O27: 0 | P27: 0.9 | Q27: 432.2 | R27: 38
C28: TOLEDO | D28: 2 | E28: 2 | F28: 1 | G28: 467.3 | H28: 2342.5 | I28: 308.2 | J28: 0 | K28: 0 | L28: 2650.7 | M28: 614.6 | N28: 315.2 | O28: 1807.5 | P28: 21.3 | Q28: 2758.6 | R28: 359.4
C29: OTRAS | D29: 0 | E29: 0 | F29: 0 | G29: 0 | H29: 0 | I29: 0 | J29: 0 | K29: 0 | L29: 0 | M29: 0 | N29: 0 | O29: 0 | P29: 0 | Q29: 0 | R29: 0
C30: TOTAL: | D30: 10 | E30: 11 | F30: 1.1 | G30: 536.7 | H30: 2989.7 | I30: 325.2 | J30: 0 | K30: 0 | L30: 3314.9 | M30: 616.1 | N30: 989.9 | O30: 1807.6 | P30: 22.3 | Q30: 3435.9 | R30: 415.7
B31: CASTILLA Y LEÓN | C31: ÁVILA | D31: 5 | E31: 5 | F31: 1 | G31: 185.2 | H31: 0 | I31: 658.5 | J31: 0 | K31: 0 | L31: 658.5 | M31: 2.3 | N31: 495.4 | O31: 0.1 | P31: 1.4 | Q31: 499.2 | R31: 344.5
C32: LEÓN | D32: 2 | E32: 2 | F32: 1 | G32: 300.9 | H32: 0 | I32: 694.3 | J32: 0 | K32: 0 | L32: 694.3 | M32: 0 | N32: 712.2 | O32: 9.2 | P32: 19.7 | Q32: 741.1 | R32: 254.1
C33: SALAMANCA | D33: 3 | E33: 3 | F33: 1 | G33: 156 | H33: 295.1 | I33: 0.6 | J33: 0 | K33: 314.2 | L33: 609.9 | M33: 0 | N33: 524.3 | O33: 51.6 | P33: 0 | Q33: 575.9 | R33: 190
C34: SEGOVIA | D34: 1 | E34: 1 | F34: 1 | G34: 42.5 | H34: 0 | I34: 49.8 | J34: 0 | K34: 0 | L34: 49.8 | M34: 0 | N34: 84.3 | O34: 0 | P34: 0 | Q34: 84.3 | R34: 8
C35: OTRAS | D35: 7 | E35: 7 | F35: 1 | G35: 76.7 | H35: 0 | I35: 477.6 | J35: 0 | K35: 0 | L35: 477.6 | M35: 0 | N35: 428.1 | O35: 12.5 | P35: 0.5 | Q35: 441.1 | R35: 113.2
C36: TOTAL: | D36: 18 | E36: 18 | F36: 1 | G36: 761.3 | H36: 295.1 | I36: 1880.8 | J36: 0 | K36: 314.2 | L36: 2490.1 | M36: 2.3 | N36: 2244.3 | O36: 73.4 | P36: 21.6 | Q36: 2341.6 | R36: 909.8
B37: CATALUÑA | C37: BARCELONA | D37: 8 | E37: 8 | F37: 1 | G37: 884.1 | H37: 0 | I37: 2368.1 | J37: 80.2 | K37: 173.8 | L37: 2622.1 | M37: 75.4 | N37: 2222.3 | O37: 64.6 | P37: 76.8 | Q37: 2439.1 | R37: 1067.1
C38: TARRAGONA | D38: 11 | E38: 9 | F38: 0.81818182 | G38: 110.3 | H38: 873 | I38: 25.6 | J38: 0 | K38: 0 | L38: 898.6 | M38: 3.5 | N38: 787.4 | O38: 14.8 | P38: 41.2 | Q38: 846.9 | R38: 162
C39: OTRAS | D39: 2 | E39: 2 | F39: 1 | G39: 153.1 | H39: 40 | I39: 258.3 | J39: 0 | K39: 0 | L39: 298.3 | M39: 0 | N39: 294 | O39: 0 | P39: 1.3 | Q39: 295.3 | R39: 156.1
C40: TOTAL: | D40: 21 | E40: 19 | F40: 0.9047619 | G40: 1147.5 | H40: 913 | I40: 2652 | J40: 80.2 | K40: 173.8 | L40: 3819 | M40: 78.9 | N40: 3303.7 | O40: 79.4 | P40: 119.3 | Q40: 3581.3 | R40: 1385.2
B41: EXTREMADURA | C41: BADAJOZ | D41: 19 | E41: 19 | F41: 1 | G41: 1227.7 | H41: 16862.6 | I41: 575.1 | J41: 2465.2 | K41: 150.3 | L41: 20053.2 | M41: 5707.9 | N41: 2080.3 | O41: 12033.5 | P41: 3.2 | Q41: 19824.9 | R41: 1456
C42: CÁCERES | D42: 14 | E42: 14 | F42: 1 | G42: 3019.6 | H42: 38904.4 | I42: 147.2 | J42: 2265.1 | K42: 0 | L42: 41316.7 | M42: 4276.5 | N42: 13629.3 | O42: 23076.6 | P42: -182.1 | Q42: 40800.3 | R42: 3536
C43: TOTAL: | D43: 33 | E43: 33 | F43: 1 | G43: 4247.3 | H43: 55767 | I43: 722.3 | J43: 4730.3 | K43: 150.3 | L43: 61369.9 | M43: 9984.4 | N43: 15709.6 | O43: 35110.1 | P43: -178.9 | Q43: 60625.2 | R43: 4992
B44: MADRID | C44: MADRID | D44: 14 | E44: 12 | F44: 0.85714286 | G44: 542.1 | H44: 1575.5 | I44: 1289.6 | J44: 0 | K44: 0 | L44: 2865.1 | M44: 44.1 | N44: 2708.5 | O44: 10.8 | P44: 57.9 | Q44: 2821.3 | R44: 585.9
C45: TOTAL: | D45: 14 | E45: 12 | F45: 0.85714286 | G45: 542.1 | H45: 1575.5 | I45: 1289.6 | J45: 0 | K45: 0 | L45: 2865.1 | M45: 44.1 | N45: 2708.5 | O45: 10.8 | P45: 57.9 | Q45: 2821.3 | R45: 585.9
B46: MURCIA | C46: MURCIA | D46: 16 | E46: 15 | F46: 0.9375 | G46: 2918.9 | H46: 9073.5 | I46: 5348.4 | J46: 775.4 | K46: 321.1 | L46: 15518.4 | M46: 108.8 | N46: 12501 | O46: 1983.4 | P46: 545.2 | Q46: 15138.4 | R46: 3298.9
C47: TOTAL: | D47: 16 | E47: 15 | F47: 0.9375 | G47: 2918.9 | H47: 9073.5 | I47: 5348.4 | J47: 775.4 | K47: 321.1 | L47: 15518.4 | M47: 108.8 | N47: 12501 | O47: 1983.4 | P47: 545.2 | Q47: 15138.4 | R47: 3298.9
B48: NAVARRA | C48: NAVARRA | D48: 3 | E48: 3 | F48: 1 | G48: 1880.5 | H48: 1949.3 | I48: 77.5 | J48: 2277.1 | K48: 171.1 | L48: 4475 | M48: 2250.7 | N48: 2082.8 | O48: 0 | P48: 2.1 | Q48: 4335.6 | R48: 2019.9
C49: TOTAL: | D49: 3 | E49: 3 | F49: 1 | G49: 1880.5 | H49: 1949.3 | I49: 77.5 | J49: 2277.1 | K49: 171.1 | L49: 4475 | M49: 2250.7 | N49: 2082.8 | O49: 0 | P49: 2.1 | Q49: 4335.6 | R49: 2019.9
B50: PAIS VASCO | C50: ÁLAVA | D50: 1 | E50: 1 | F50: 1 | G50: 32.6 | H50: 0 | I50: 65.8 | J50: 0 | K50: 0 | L50: 65.8 | M50: 0 | N50: 63.1 | O50: 0 | P50: 0 | Q50: 63.1 | R50: 35.3
C51: TOTAL: | D51: 1 | E51: 1 | F51: 1 | G51: 32.6 | H51: 0 | I51: 65.8 | J51: 0 | K51: 0 | L51: 65.8 | M51: 0 | N51: 63.1 | O51: 0 | P51: 0 | Q51: 63.1 | R51: 35.3
B52: COMUNIDAD VALENCIANA | C52: ALICANTE | D52: 8 | E52: 8 | F52: 1 | G52: 8010.7 | H52: 9984.6 | I52: 22509.9 | J52: 3017.3 | K52: 734.1 | L52: 36245.9 | M52: 581.8 | N52: 32263 | O52: 2876.7 | P52: 577.9 | Q52: 36299.4 | R52: 7957.2
C53: OTRAS | D53: 9 | E53: 8 | F53: 0.88888889 | G53: 752.1 | H53: 2036 | I53: 775.7 | J53: 0 | K53: 0 | L53: 2811.7 | M53: 2.8 | N53: 2483.2 | O53: 78.6 | P53: 4.7 | Q53: 2569.3 | R53: 994.5
C54: TOTAL: | D54: 17 | E54: 16 | F54: 0.94117647 | G54: 8762.8 | H54: 12020.6 | I54: 23285.6 | J54: 3017.3 | K54: 734.1 | L54: 39057.6 | M54: 584.6 | N54: 34746.2 | O54: 2955.3 | P54: 582.6 | Q54: 38868.7 | R54: 8951.7
B55: TOTAL NACIONAL | D55: 279 | E55: 265 | F55: 0.94982079 | G55: 43704.1 | H55: 340666.3 | I55: 46232.5 | J55: 21251.6 | K55: 3390.2 | L55: 411540.6 | M55: 21331.7 | N55: 138619.4 | O55: 243629.5 | P55: 2677.5 | Q55: 406258.1 | R55: 48986.6
B57: Datos expresados en Toneladas. Datos expresados en peso de entamado sin más transformación. | R57: Fuente: SIMO
